ASV	WS_A_3	WS_A_6	WS_B_3	WS_B_6	WS_C_3	WS_C_6	WS_D_3	WS_D_6	WS_E_3	WS_E_6	WS_F_3	WS_F_6	WS_G_3	WS_G_6	WS_H_3	WS_H_6	WS_I_3	WS_I_6	WS_A_9	WS_B_9	WS_C_9	WS_D_9	WS_E_9	WS_F_9	WS_G_9	WS_H_9	WS_I_9
3e531850424a70ed9f0425a57a4f7db5	134	31	6	114	139	651	10	240	13	523	190	827	0	51	1951	1079	2051	351	6265	1797	507	633	258	6534	971	15969	108
16c1e90853ad4b0f2412b26d501b3eb4	154	602	0	576	48	1094	24	1989	8	2359	151	793	21	575	140	335	85	1104	2676	124	1808	4672	2960	6379	1672	346	561
07da22cab5c55a4badb462bcbbded642	29	5742	28	422	246	355	5557	7551	687	2927	611	1781	1544	295	465	29	419	1835	0	0	0	0	0	0	0	0	0
81cec2eddec4a751a5aaee47581bc17c	118	699	0	331	20	786	56	1869	0	1557	27	1144	0	308	22	76	14	2374	840	60	1555	1572	7303	886	2221	990	684
b46a4a2442307f0ebca0431aba8e1822	0	84	0	89	0	97	0	28	0	689	0	150	0	21	0	21	0	218	2486	61	717	1724	10174	5948	1680	158	73
8df2b2e6c1cb64bd18b81d5bae7f0898	18	44	29	70	34	17	21	116	17814	70	25	36	3412	0	23	27	335	18	0	15	0	40	74	34	0	0	0
6c9f91b861ced47f136e2bf9b8b7a152	2	54	0	87	0	47	0	185	0	111	0	33	0	27	3	0	0	165	1161	3670	1152	3927	1752	592	2609	354	2722
8df5a5aaa4151285e928fba5be95a4d3	509	570	64	925	997	649	135	245	82	845	3782	240	0	117	675	755	1022	1744	202	121	395	84	487	50	111	82	229
f721d83108dd078d9769b367dfa3c1d9	13	0	18	0	46	0	0	0	13160	0	40	25	946	0	18	0	266	0	0	0	0	0	0	0	0	0	17
dcba105f35d8ebc9e22269c7491ad3a7	417	1326	189	79	554	140	2790	995	105	438	117	304	182	625	256	90	221	750	0	0	0	0	0	8	0	0	0
48a7af65c55adc4dd66178efefb01ed9	10	21	0	94	10	37	0	89	18	153	54	65	4	67	17	22	18	62	242	1480	608	1428	636	337	632	398	1028
79029fa983ec4eda60117a273a52cfc0	550	0	40	24	2085	154	18	13	71	63	2760	70	0	18	78	145	670	195	0	0	44	0	0	0	0	8	22
5bccbebfa648aacb95a9407ca0a902f7	431	525	29	182	166	878	32	306	40	444	287	699	0	38	61	215	84	1174	43	0	152	37	44	107	42	32	60
23a4b6bc2c58466eb2b87814a8ebbbf7	224	852	14	181	179	461	118	156	18	618	173	411	23	244	201	240	99	528	54	33	144	242	190	57	107	26	158
30cc0905bd456700a4ab660aa6d3685b	0	13	0	61	0	41	0	4	0	314	12	76	0	31	0	59	2	201	401	29	163	447	1116	1824	565	97	14
653334c36340a20181971e05d9b4e110	322	27	56	21	877	20	20	0	28	13	3203	63	12	0	72	34	154	0	0	0	124	0	49	102	0	25	29
8d32cb7d685931e9669b78d2cde217c5	28	58	0	105	37	234	24	132	22	168	103	372	0	54	107	924	123	532	161	584	316	107	54	113	190	267	318
49084a39cb525b52e3adaa38f091d57f	0	103	0	58	0	122	0	194	0	297	0	539	0	114	0	119	0	520	42	37	236	32	63	1931	49	21	533
fb9358e4192b4e3fb1a6210327ee6ff2	229	110	0	69	422	271	0	107	19	156	749	236	0	0	62	378	226	410	142	181	279	116	223	108	131	98	190
5b0ea816844ee100d8129cde55883d46	101	141	0	260	29	688	47	172	0	224	119	82	6	67	122	145	61	921	129	24	208	159	74	429	136	401	153
5648dccee530d68ceb3e4d7d22cf8756	27	0	2755	0	1469	9	0	11	129	0	57	0	82	40	15	0	53	0	0	117	0	0	0	0	0	27	0
efbe1f58b1e2984ddc53a64f047d94ff	5	15	523	12	336	21	0	0	1240	21	431	29	1690	0	4	12	413	14	0	0	0	0	0	0	0	0	0
4949b6b0c1a679cda332677124e16cae	20	9	0	60	30	24	0	16	12	120	56	34	8	0	25	93	29	32	246	851	208	551	582	265	317	247	668
edb114398ced5bf958f4f404493a6642	64	20	0	100	46	322	11	55	0	40	257	75	0	16	185	345	22	290	119	681	569	116	47	52	87	174	770
6945d94103ada823c2811f2b81c56ba0	310	128	15	125	651	170	36	106	22	64	962	279	0	44	40	125	109	168	182	66	518	21	52	30	80	55	69
9ca10d0df0c8ecc7364ad81775a6075a	9	30	0	517	5	576	0	831	0	422	0	357	0	36	500	490	70	459	0	0	10	0	0	32	0	13	0
eddfa9460b8fe2df12344f6da501b116	0	0	0	12	0	22	0	20	0	25	0	0	0	0	0	80	18	97	152	628	841	488	133	176	263	340	1055
f6ff2a530f11d767c4da7ca75d6f266e	0	11	0	54	0	17	0	6	0	131	4	24	0	0	2	30	0	104	789	12	98	317	668	1471	345	89	19
c9dbfbc4887f2b0f05dbe349a7b8e3a7	0	0	0	27	0	33	0	76	0	31	0	92	0	18	0	37	0	97	26	38	110	16	22	2985	38	12	377
482f65b152c5702150de2b27ea2c9521	37	84	3	61	30	376	0	72	10	134	49	669	0	24	39	257	36	570	174	70	516	33	13	316	67	138	176
9b596b9eb067d0ee46fb12b98a26ca77	61	222	0	231	43	643	3	137	0	169	40	93	0	48	83	100	67	707	144	57	285	42	52	155	99	327	129
6744ece1fbad79599edb11f29b59a918	46	31	4	47	65	291	13	31	0	71	362	89	5	0	280	281	49	211	100	418	376	123	64	66	109	220	506
6c2acf748051e7947aa4d89ff6d1bd2c	28	162	0	119	0	161	0	121	0	519	0	49	0	48	0	0	0	10	152	22	503	397	268	339	722	46	148
79da4f1215d4e3447cc03cf580936161	344	72	7	19	46	254	123	89	0	67	10	31	0	4	2162	16	83	231	19	19	12	21	0	50	25	15	0
ee6c967f52b435201ae958d91c01b6a4	16	117	0	61	0	178	6	500	0	232	3	131	0	87	4	19	0	418	93	18	212	351	500	57	233	232	174
919f52074a986016c7e460883cbe1484	46	93	0	118	113	226	0	41	0	104	342	283	0	0	42	311	174	367	40	50	294	62	61	132	43	144	307
04bda614501535862dc075997aa31ccd	236	23	7	30	71	141	25	114	0	104	102	35	0	34	152	14	19	367	183	0	134	372	121	578	286	114	117
bcba47620c299fd34809f143e3d26dff	0	0	0	32	55	97	0	74	0	106	41	63	0	18	25	64	15	106	77	125	279	425	897	134	241	165	234
9867d9e68cb6dc4fe6ca06ca0b4c39ac	0	0	0	0	0	3	0	2	0	6	0	12	0	3	0	0	0	25	98	0	132	799	413	1321	307	50	0
e990c276fbc1c79a05390fbf6840daf2	196	251	63	75	174	134	24	123	61	79	478	73	0	0	25	71	621	341	25	0	113	33	46	21	51	24	49
88c23bd082838cabb64b85dc21886ef7	6	0	0	0	12	85	0	18	0	25	22	24	0	2	109	91	276	28	784	173	11	23	9	439	60	878	6
f34cdcd73e535507d29c29b19d01f658	143	0	0	0	116	69	86	0	34	40	425	74	20	45	64	102	0	93	44	82	539	85	59	260	101	243	261
5da845af2892f5c8fd8161364c7b4997	21	0	0	23	17	583	0	46	0	73	76	209	0	16	47	428	30	299	120	193	183	17	19	134	36	270	124
b20a5bb96396ea08495298fc1a90c26b	175	68	14	0	330	99	73	55	0	195	721	71	28	0	73	219	208	234	0	0	46	122	130	0	37	0	34
624525b8f52b87a714169e8d530f6850	0	20	0	32	0	11	0	16	0	65	0	9	0	12	0	0	0	115	90	93	207	279	326	71	562	796	187
2500422919f98bed627f3fd491e508a8	0	0	2124	0	27	5	0	0	0	0	571	72	9	0	9	10	24	12	0	0	0	0	0	0	0	0	0
c817f85fb612001af524979afb37eaeb	209	90	12	70	302	88	74	92	29	79	379	31	0	19	142	65	71	164	15	0	50	268	175	29	234	47	72
d75f55d79ddfd5fbd4f8fb2edec3674c	332	105	0	0	210	83	0	0	0	47	949	0	67	0	457	134	263	104	0	0	0	0	0	0	0	0	0
fc24096138e3cf0b2775bd2b8e01b5b2	12	0	22	3	155	12	0	3	1715	12	112	10	464	0	42	6	130	7	0	5	4	0	3	5	0	8	7
cb5268128d9112a2b23b6ad5a045483b	0	13	0	6	0	12	0	8	0	46	0	6	0	0	0	18	0	33	268	34	132	146	316	448	767	157	90
4078fc5ccccbf133e10b6bf4f6461c02	0	0	0	8	0	0	0	0	0	4	0	13	0	14	0	5	0	12	81	814	203	152	137	144	130	127	593
51af2c92d5b41fee1ef860eb59eee9d7	1437	0	30	16	27	7	509	16	44	10	35	0	0	0	34	25	36	10	14	45	0	0	0	29	0	59	47
43f8d1ced946461f54ea0b5b7001d5d6	16	31	0	56	20	131	0	41	28	63	102	69	0	10	79	132	111	135	43	258	305	194	51	52	79	72	239
3e125655918e305a3842a79b6972775f	0	0	0	37	12	50	0	67	9	31	27	123	0	11	0	150	17	223	47	154	587	66	49	49	70	170	259
9a3be006a5dfc46489393ec80f0f5e2e	0	0	0	0	0	0	0	10	0	0	0	0	0	0	0	0	0	0	114	444	211	354	151	155	231	110	418
08e95f8aadda45f7fa04b997b0579b10	0	0	0	60	0	20	7	6	0	56	15	6	0	27	10	14	11	43	182	527	199	147	138	50	138	36	456
095dcca0a1cacb655451100eb59c8ef1	612	0	16	0	403	0	13	0	6	3	934	0	0	0	73	0	42	13	0	0	0	0	0	0	0	0	0
02b4cbe5c2955ab2f66dc82cdf6dad64	45	78	0	30	116	83	0	111	0	311	143	41	0	43	26	66	50	72	57	0	181	72	164	44	60	68	89
864b870f5f1dfbc5eb364d9eb01af3b6	0	0	0	0	0	0	0	0	0	0	0	0	0	0	0	0	0	0	70	127	51	804	203	31	140	0	494
65f55015ddc161df29ad55e9a337e21e	0	0	0	26	19	11	0	4	0	15	27	8	0	0	7	17	3	21	128	423	71	113	522	103	192	37	163
2a75bed17ba260e57bd463e9fbdf2883	0	0	0	0	0	5	0	8	0	37	0	4	0	6	0	4	0	15	242	0	100	359	284	514	281	25	8
3fd07b98dedfbc282868e5061f99eb3e	0	0	0	6	0	0	0	12	0	5	0	3	0	0	0	0	0	11	72	129	273	477	284	69	245	105	187
e8724520788bb38a7f9d22c91318f016	0	0	0	0	0	65	0	41	0	20	0	37	0	0	0	125	12	209	79	83	253	218	76	45	111	178	280
8012da7c810e58147175f741af2a78d2	81	26	20	0	107	35	0	0	47	120	130	0	0	0	31	0	0	61	112	54	119	81	150	133	114	99	205
0742fb23302cfa34adb51a2634fe7219	12	11	0	47	0	31	0	20	0	27	19	24	0	0	0	16	0	59	170	285	118	90	91	114	221	236	125
1e1178f3163cc9169597e95ff04f6ec6	414	150	38	0	94	41	56	0	48	0	539	0	0	0	33	0	143	85	0	0	0	0	0	0	0	0	0
54658c5cabc3c6c07f1e6556120cc99c	0	0	0	0	0	0	33	0	0	0	0	0	0	51	0	0	0	0	0	156	88	287	216	77	332	97	291
68cc1c14334c3d28d71d66a14031bf33	0	0	0	9	0	7	0	14	0	25	0	11	0	0	0	17	4	27	77	225	157	292	92	42	103	95	381
ca6c2b3b469c08212142e8821c65882a	0	0	0	0	0	0	0	0	807	0	0	0	719	0	0	0	49	0	0	0	0	0	0	0	0	0	0
76363618e6a55a0556fa9cdda32b9519	4	25	0	61	3	93	0	18	0	34	17	49	0	13	0	58	17	77	43	190	334	92	36	49	56	83	158
6ea12a2a6eb7f0d377858aaeca4664e4	28	132	0	31	0	346	0	75	0	191	26	139	0	0	0	97	0	222	0	0	74	0	0	67	57	0	0
35f1143bcfbaf90016a0c11cdac4177c	4	42	0	14	0	18	0	13	0	38	0	10	0	18	10	24	7	40	104	248	122	152	64	74	146	59	264
9af3467db68cf6063627304cecd46a65	0	0	1299	0	55	0	0	0	0	0	0	0	55	0	0	0	0	0	0	34	26	0	0	0	0	0	0
43fddf1528d4a98928fd8c3a8ac23bfd	0	0	1252	0	188	0	0	0	0	0	0	0	0	0	0	0	0	0	0	0	0	0	0	0	0	0	0
7069712c1deee58d640df6a9cbe743dd	0	51	0	38	14	28	0	73	0	48	74	190	0	0	15	91	0	67	73	34	140	39	46	155	30	138	85
0a165844daf38d8ce2008c94a5b4565e	9	0	12	0	130	49	0	5	185	63	25	19	392	0	13	47	52	69	13	39	89	35	41	0	30	18	44
99e5a1f89bd0985c7232e7288b0bbb0c	159	0	43	28	41	66	153	40	16	33	52	81	0	4	116	52	176	98	12	56	26	39	11	12	12	29	22
dd1eab022bc2139c01059fea8516397a	3	6	0	8	0	67	0	19	0	10	0	9	0	5	0	0	0	47	123	16	550	23	39	58	65	220	107
481de4037ed3f3bcf51b47e548dcbd9e	0	0	0	0	59	76	0	0	0	73	38	57	0	24	0	62	0	52	56	43	56	207	211	69	108	71	79
6d15f8ee1f19c8e471f9efb566866ab7	0	4	0	22	0	13	0	0	0	57	0	19	0	0	3	0	0	43	283	17	59	19	273	364	76	56	29
1218881a7c5a7c49ba20eec9fd2c8822	0	17	0	29	0	160	0	0	0	12	0	20	0	0	0	25	0	70	75	43	531	0	28	42	66	107	102
92d53dbcf18e8b0d7ac36b3a48166638	10	10	0	23	0	17	0	20	0	51	26	39	0	0	10	8	0	67	69	30	118	173	170	78	96	130	179
ecc423b8fefd03a92aa1a97fc74a654c	111	200	47	20	94	21	162	118	28	72	42	58	27	56	79	11	73	105	0	0	0	0	0	0	0	0	0
a577fa211cbb372ac476566055787ecd	0	0	0	0	0	0	0	0	0	0	0	0	0	0	0	0	0	0	108	0	31	75	154	423	486	38	0
6cc3d9a85641e773e9dc4fcb97e40bea	0	0	0	0	0	0	0	0	0	0	0	15	0	7	0	0	0	0	12	0	284	0	961	0	29	0	0
750dab93d926d40d7cd439faa6640f33	0	0	0	0	0	68	0	0	0	31	0	0	0	0	0	80	0	61	42	151	230	43	32	37	39	206	287
1ceb259ab58f8dca4f658177a643c081	0	4	0	19	0	3	0	7	0	29	0	0	0	0	0	7	0	13	331	107	80	65	59	178	99	172	133
2e6005d88ec49dcdba1581f468550597	293	0	0	0	224	0	0	0	0	0	623	0	0	0	41	0	68	56	0	0	0	0	0	0	0	0	0
f574db6bef285785a0be2afa96c81b03	0	0	0	0	0	0	0	0	0	11	0	0	0	0	0	0	0	0	106	165	138	203	171	64	185	71	179
0f18144d308ada95632ab5193d92073f	0	0	692	16	151	17	0	0	43	0	0	0	47	33	0	0	104	0	0	63	0	0	67	0	0	0	21
cad8cc3e7647d51e614b099398538e4d	18	0	0	20	39	55	0	0	0	0	105	23	0	0	45	84	22	40	26	90	302	22	24	17	18	101	201
0a4893b9a6062b1e61e27c920e0e38ca	0	89	0	86	0	0	0	0	0	125	0	26	0	62	0	0	0	0	0	0	0	318	260	83	198	0	0
bea2ea3352d5bbcea17433e9e4922e40	175	73	0	33	152	38	22	0	0	130	100	0	0	18	45	78	164	56	21	0	72	0	0	0	31	0	38
2fb4b6e2180bcce2ff4bfab91f2704c3	0	11	0	0	0	18	0	21	0	0	0	26	0	23	0	0	0	34	16	0	56	9	13	750	12	0	250
62b0bf21cce919c492e653ba630b9ea5	36	36	0	9	275	9	0	9	14	19	421	30	0	16	0	48	29	26	27	8	26	43	0	56	13	15	72
1a131635c7cef07af21b4ec48465d88d	0	0	0	0	0	115	0	29	0	0	0	0	0	0	0	120	0	124	69	69	113	52	118	111	58	127	128
cc2ac44f727710c9fb988fc57d9efce9	0	4	28	0	62	7	0	5	404	5	89	24	183	0	41	20	95	35	7	32	28	28	38	11	7	30	42
9004764f07d078531c518946c23e6e15	0	0	0	0	0	13	0	0	0	22	0	0	0	0	0	0	0	21	244	16	150	178	111	257	51	18	140
17b0342c3ad178f79fb2064ff4ce697c	0	0	0	0	0	0	0	0	0	0	0	0	0	0	0	0	0	0	110	0	162	169	412	125	198	0	42
1dd76948abdd6c3ea01f7adb97dae1a0	0	0	0	0	0	0	0	0	0	0	0	0	0	0	0	0	0	0	75	29	137	220	189	46	70	239	213
12f0627b0f930aff1182481eb84cbc7d	314	29	0	0	352	0	47	22	18	15	231	0	5	0	105	0	55	0	0	0	0	0	20	0	0	0	0
906a6d27477dd504345835ee5273a72c	0	0	0	6	0	21	0	12	0	6	0	6	0	7	9	31	5	14	50	401	143	44	7	39	55	237	119
32181b006051d0c53a829c211710b508	0	5	0	36	8	26	0	15	0	20	9	18	0	0	0	17	0	40	66	91	221	96	60	73	108	71	208
3b9a640a2fb04ef04b82b218fc1fb455	0	0	0	0	0	0	0	0	0	0	0	0	0	0	0	0	0	0	42	164	58	261	72	36	158	40	353
57b92326c77017ea2f2bda05f0b71a66	26	39	0	89	0	11	42	41	0	79	47	31	0	36	5	11	6	89	63	84	74	32	102	62	122	13	73
d94a068f317cc9789c7cdb7ab4858ae5	0	0	0	12	0	15	0	0	0	16	0	0	0	0	0	0	0	24	90	0	206	18	111	65	93	311	211
8c9dae53dd870d7c379ee8b3164c9083	0	30	0	163	0	62	0	235	0	148	0	98	0	21	75	0	0	69	0	0	35	48	23	34	123	0	0
1b5ad2a7bf201461ba218c684d292ee2	0	7	0	11	0	99	0	6	0	6	0	9	0	0	0	14	0	43	66	35	433	59	19	51	49	139	113
430d480477d450614cc88f3853c6ae7f	0	0	812	0	0	0	0	0	309	0	0	0	0	0	0	0	8	0	0	0	0	0	0	0	0	0	0
166d98cd5b2fe92492ab4531eba83f4d	0	0	0	0	0	8	0	4	0	11	0	0	0	0	0	0	0	6	26	243	117	253	45	25	121	59	193
f672aa3aea2d03f0b297739022e9b716	25	0	0	0	0	59	0	42	0	44	33	0	0	0	13	29	11	107	37	30	51	140	181	69	94	0	132
1d3e0cdf9eccf08a3acf22aa5a777512	0	11	0	64	11	40	0	11	0	75	9	0	0	0	26	30	0	69	41	51	88	139	123	55	60	31	152
592e7630b2e58f0bcb2a3f9cccb07ceb	0	0	185	0	11	0	0	0	6	0	867	0	0	0	0	0	0	0	0	0	0	0	0	0	0	0	0
b5f65cf6b74d1335f56422b303989e07	0	0	0	4	0	0	0	0	0	0	0	0	0	0	0	0	0	0	216	0	7	5	419	378	32	0	7
f37fc1dccfeba0004cbeb4f1ad6083c6	0	0	13	0	61	0	0	0	429	4	375	5	41	0	0	0	76	0	0	0	0	20	0	37	0	0	0
ee2d56600bef5d134884d0354366d6e8	0	14	0	17	0	38	0	17	0	45	0	192	0	30	0	58	0	124	18	44	55	12	7	249	0	7	132
4101b9eb70afe9a3ed1fb4c9eeaa28c6	0	0	0	0	0	0	0	5	0	7	0	14	0	0	0	0	0	0	42	87	24	250	146	54	195	63	171
9e894a389bedef48600cba1f91ae7d04	0	29	0	15	5	214	0	12	0	49	0	25	0	4	0	73	0	135	41	12	224	16	15	24	15	52	93
f98522d5a3aaf8ad9b200dd2ae2477e3	21	0	0	0	14	16	0	21	0	19	44	44	0	0	22	0	0	44	42	13	69	180	49	229	85	72	66
5db99293e9b1fc0a4ffea5bfc8dad05a	0	0	0	11	0	71	0	0	0	19	0	0	0	0	6	19	0	31	63	52	345	66	28	37	43	98	156
d3530350480a2196e24a004fa0027558	79	0	0	0	48	66	0	0	0	129	170	0	0	0	0	67	73	133	69	0	47	27	78	0	0	0	43
e26db37c4ad54c925f2499f30f8f8837	0	0	0	44	0	11	0	0	0	27	0	38	0	0	11	12	10	22	38	112	85	65	46	66	61	106	271
35f34c808b950913c07c2c2aabb660b4	0	0	0	0	14	0	0	13	0	15	26	0	0	0	10	0	31	0	76	73	123	95	51	67	118	251	62
16acf0742b9bf7ac516eb47de2aa1f8c	0	0	0	0	0	2	0	3	0	5	0	0	0	2	0	9	0	12	25	270	107	140	48	9	89	38	253
5d1b55132572f8e58f91bea83dabcf76	0	0	0	0	0	5	0	0	0	16	0	0	0	0	0	0	0	9	158	12	145	0	109	285	115	82	75
0b36c352632cb1346cdc7d73f9fb376c	0	49	184	0	33	0	194	26	0	48	9	34	0	99	26	0	57	22	9	30	26	60	0	38	13	34	0
b734dae533b7ff720ffb2e1efdeaa572	0	0	0	0	0	38	0	20	0	0	0	18	0	13	0	0	0	27	101	160	94	92	179	26	48	45	126
33cdb0bd4a5ca3975b15d8e094f5b55c	0	0	0	20	0	0	0	0	0	0	0	0	0	0	0	0	0	0	91	89	71	80	161	59	117	82	213
23643145e6e6daf5aabd022523f0a77f	0	0	0	0	0	0	0	0	0	0	0	0	0	0	0	0	0	0	141	0	88	155	176	184	83	76	74
69e49e83ce1d7c260ab365773d82ed94	0	0	0	0	0	0	0	6	0	0	0	7	0	7	0	0	0	8	27	40	25	270	276	50	63	56	127
4b6a9ae64400c8449303fe70888c1067	120	0	0	0	333	41	0	0	0	0	435	0	0	0	0	0	0	0	0	0	0	0	0	0	33	0	0
86d6db0b6e15510fa5d27ceae8fd5e0d	0	0	164	0	190	0	0	0	90	0	197	0	25	0	0	0	295	0	0	0	0	0	0	0	0	0	0
48336a03ab12d06b87777af9e87ee742	5	0	14	0	0	0	0	0	4	0	0	55	9	0	23	2	811	0	0	0	0	12	0	13	0	0	0
ae9ca4f1c89de2162ba1c4051d205315	46	0	0	75	67	188	0	0	0	65	70	0	0	0	49	80	0	126	0	0	65	53	0	0	27	0	36
726adcf2c36b8506b1618c939afc6308	0	0	0	0	0	0	0	0	0	0	0	0	0	0	0	0	0	0	22	87	0	258	105	37	114	0	317
6376ea6dab7d0fde3cd66f53b57e1484	0	0	753	0	0	0	0	0	25	0	16	0	0	0	0	0	48	0	0	37	0	0	0	0	0	0	57
881c2e31de3f5d2593495ac37a1590c1	0	3	0	0	0	10	0	3	0	16	0	0	0	9	0	0	0	11	31	300	84	69	45	21	61	49	201
a8ac6ac6e7e39520dd07b078a05d1df6	0	0	0	0	0	0	0	0	0	6	0	4	0	0	13	0	0	13	56	73	0	187	0	264	105	111	80
b072d941e9760e0f31dabea3f54dabb4	0	9	0	13	0	19	0	0	0	15	0	0	0	0	5	28	10	58	40	121	83	97	65	22	106	39	182
794fea1efb1825bf0a088dd1c923bca0	4	64	0	24	0	37	0	63	0	49	0	37	0	17	0	6	2	79	41	7	47	65	155	18	64	67	59
96f278c867e747e5b4b0a50be17e050f	0	0	0	0	0	0	0	0	0	0	0	0	0	0	0	0	0	0	64	201	48	122	122	68	53	45	178
5de27febf2c3146c05611c279e97767b	0	0	0	0	18	34	0	0	0	0	23	32	0	0	249	109	60	30	0	0	54	0	27	28	23	164	44
103ad5940ac3b635fa0afe4680cbc582	0	0	0	0	0	0	0	0	0	0	0	0	0	0	0	0	0	0	58	93	114	83	132	100	102	41	171
29c3028f4104673553ebe4ece3aabf21	0	134	0	108	0	0	0	15	0	0	0	0	0	0	0	0	0	0	0	0	32	0	174	295	17	34	78
17447d0b860cb54cccea573e29a433a7	0	30	0	0	0	0	0	0	0	16	0	30	0	0	0	0	0	0	145	158	28	67	125	82	115	0	84
20131a80db0e23231a47f48b6e8d84e5	0	15	0	73	0	44	0	55	0	0	0	41	0	0	0	16	0	62	93	17	95	26	38	97	50	82	71
7017030b94462f54ca0141f11f705833	0	0	0	28	0	12	0	0	7	0	27	35	0	0	0	38	22	34	0	385	98	0	0	0	0	47	137
f4141d8bac0c1aa1a889524533e7c9d9	13	34	0	16	15	35	0	74	0	29	204	21	0	9	22	10	36	86	0	0	35	43	39	16	94	0	34
3d5baff45729bf2214074c2e9f77ad10	0	23	0	0	0	8	0	57	0	27	0	5	0	0	0	0	9	10	25	6	0	134	4	242	26	284	0
ceec694515496f505e8a0495faadf135	0	0	0	0	0	0	0	0	0	0	0	0	0	0	0	0	0	0	33	208	68	94	104	23	108	24	181
319a2feea6f238009b24e78f87094ed6	0	0	0	0	0	0	0	16	0	17	0	27	0	0	9	40	0	27	0	37	65	208	81	44	30	49	169
17d479432a2a2aa81dda2a433744fff9	0	0	0	0	0	0	0	12	0	0	0	0	0	12	0	0	0	3	66	70	47	92	134	44	201	51	83
dfa55444de9e265475ced8f630cda4a2	0	10	0	38	35	67	29	0	0	23	34	0	0	0	75	93	30	79	19	29	158	0	10	0	20	0	61
fc6622c636a5210293fb2873fc4761d9	54	145	24	12	25	8	86	70	15	72	23	41	21	56	50	17	14	66	0	0	0	0	0	0	0	0	0
9647185731c7c822aaf70d29cf5b4445	0	0	0	0	0	0	0	0	0	0	0	0	0	0	0	0	0	36	280	0	0	160	0	32	58	198	31
fc7b257064027e1bc2b6fbfb4584677d	45	0	0	0	17	0	61	0	0	0	179	0	0	0	33	18	0	21	42	0	40	26	84	84	88	33	19
113ea0d9a4d6d3e459760656562b5ddd	54	11	0	16	0	32	0	0	0	41	10	0	0	0	14	0	15	33	27	136	82	56	56	51	56	35	64
9cde2373849523d28439507aa5411277	0	0	0	24	0	68	0	0	0	0	88	0	0	13	63	54	0	51	27	95	91	44	0	21	0	23	119
552fd311666401ca49a3668730e35300	0	6	0	8	0	9	0	4	0	20	0	0	0	6	0	0	0	20	27	10	21	81	370	17	92	59	29
f01b615fee6603378902ce47bbfce504	0	0	0	0	0	0	0	9	0	16	0	0	0	0	3	0	0	0	58	168	76	143	77	25	82	28	93
1e31234f3abac84a6cee692d11823046	11	8	0	13	5	21	0	0	0	24	23	0	0	0	17	21	7	39	43	54	107	54	63	45	78	21	122
312462f6e0e039fc1886915e60053f38	2	2	5	0	0	0	5	0	4	737	15	0	0	0	0	0	2	0	0	0	0	0	0	0	0	0	0
3fdf30eedc8bfd61906a77345a2686ed	17	11	0	0	27	18	0	0	28	26	124	0	17	0	0	0	0	43	9	51	62	47	50	18	27	44	151
1c86ccd923464734e4da8060ab80980f	109	54	0	0	58	87	0	62	0	50	188	107	0	0	0	0	0	53	0	0	0	0	0	0	0	0	0
133a40be8ba8eb0e124c31585039a7e7	0	3	0	25	0	41	0	10	0	24	33	19	0	0	0	58	0	45	26	101	111	0	0	17	0	138	105
2d2cfe3970153f65df6fb6d1a6da95cf	3	0	0	29	21	65	0	7	0	29	93	7	0	6	16	7	6	74	21	16	33	52	110	12	68	0	77
93251fadeaf58933c4f46dcf8920fe06	12	54	0	8	5	9	0	31	2	64	2	25	0	15	17	9	0	77	31	8	69	64	147	21	15	15	42
c48503c3a441b65fc33a4a5a1a06e5e5	74	9	0	4	10	64	7	28	0	0	0	4	0	0	430	0	40	39	5	0	0	5	0	11	3	0	2
0a043f468eba33f7eeb84507a00490a4	0	0	0	0	0	23	0	13	0	42	0	0	0	0	0	0	0	20	26	0	101	80	234	81	47	33	32
01255b0ddc21923e6857364b7e46bf36	0	0	0	8	0	25	0	8	0	18	0	0	0	0	3	0	0	25	41	19	368	14	21	18	47	61	53
d32e579b3ae7b2aae8d5bf9f027c29af	49	153	21	0	35	0	181	65	25	0	0	76	0	30	37	0	0	57	0	0	0	0	0	0	0	0	0
a71c2b364419addf3c4a76844f1355fc	198	0	0	0	0	30	144	0	0	18	28	14	0	0	53	26	43	30	9	12	15	26	0	0	0	78	0
a4d78f7aef21dccbf726791e103fc440	0	0	0	52	26	0	0	0	0	45	0	24	0	0	0	0	0	0	0	0	0	196	248	0	123	0	0
1e8f19b66fc4e38497f12df420b9b9c2	3	0	0	0	0	35	0	24	0	30	5	14	0	0	0	11	0	69	60	0	75	66	37	47	70	49	107
47a9d10e32ffbceb163e240b65825d7e	254	0	0	0	58	0	0	0	0	44	140	0	0	0	0	0	0	59	0	0	0	0	146	0	0	0	0
462e457990d873cfe6e65b0ecc30e059	0	0	0	10	0	14	0	0	0	0	0	0	0	0	0	0	0	12	112	0	34	185	54	84	155	11	21
4ac5c0466efedd0f4daad46f23131a3f	0	46	0	33	68	50	0	24	0	32	67	57	0	0	43	33	0	82	0	0	31	23	37	0	18	0	48
0348321da5459f6fed5efc5bddd68fe9	0	0	0	0	0	0	0	0	0	0	0	0	0	0	0	0	0	0	22	166	35	93	95	37	93	29	114
57002a8136e82904de291ef05238e2bf	0	0	0	4	0	0	0	5	0	0	0	3	0	0	0	4	0	6	35	11	120	141	76	80	75	72	50
a91b39697a72026c7808ccdb3c838783	20	0	0	19	11	30	0	15	0	0	15	30	0	0	12	15	0	21	23	112	85	85	45	0	29	27	88
23b1bba87afc0a8c4e389513c03080fa	34	4	4	0	23	33	2	28	29	10	47	29	0	7	23	26	47	32	0	101	34	29	30	0	35	27	48
5ef8ac97132e326623e1522494b53da4	30	0	0	9	29	18	0	0	5	6	48	5	0	0	118	31	32	26	21	52	47	22	28	8	41	0	100
360106ff8200f47dee77f0f2e1d9f359	7	17	15	0	97	0	0	3	23	6	140	0	173	0	47	0	63	12	0	10	7	0	10	14	0	12	17
a546939e4cec147c646c5c2040c07c33	0	0	0	0	0	0	0	0	0	0	0	0	0	0	0	0	0	0	59	63	41	188	20	35	93	106	67
6599e6db0520e19c4ae21bb2d13d63e1	0	0	0	0	0	8	0	5	0	0	0	11	0	2	0	0	0	15	29	185	61	62	58	9	57	31	138
b729ad8da2a687ffd0fd5cc6f2fe3736	0	0	0	0	0	0	0	7	0	19	0	0	0	4	0	0	0	0	30	141	0	200	69	49	74	0	68
975e5d68f5c674977fd76b75d7bca8b3	0	0	0	0	0	0	0	0	0	0	659	0	0	0	0	0	0	0	0	0	0	0	0	0	0	0	0
301b20122c825c2ab38ddb980d93ae9a	90	29	13	0	248	0	0	0	0	19	151	0	0	19	0	0	81	0	0	0	0	0	0	0	0	0	0
bf6e216d6fe910e0f4033563819975d2	0	0	0	0	0	0	0	0	0	0	0	0	0	0	0	0	0	0	25	162	103	37	39	17	27	61	178
5f168ff910ef1f6dce37cfa68e82e8d0	0	0	0	5	7	62	0	15	0	35	19	51	0	0	6	114	0	110	17	17	53	0	28	16	0	36	53
ef24d427e3b1d810ed78fd31347e4252	0	0	0	16	0	22	0	11	0	0	0	16	0	0	0	12	0	10	41	62	185	48	19	18	29	92	61
7ed889b815cc229c02753355e78a3ad3	0	0	0	0	6	0	0	0	9	14	0	0	0	0	0	54	7	44	0	31	83	111	39	42	28	35	132
0c17410a58d551dcd4fffa2c0d468b0d	0	0	0	0	0	0	0	6	0	7	0	10	0	0	0	0	0	11	81	0	0	101	168	224	25	0	0
179e2e4ad12d2a505f12bf7110a80cde	0	0	0	25	0	133	0	8	0	29	5	31	0	0	0	37	0	109	80	12	63	0	0	29	0	48	18
91b6ecde35c8798c2d40e3bb81c49994	0	6	0	12	0	0	0	0	0	18	0	0	0	0	0	0	0	16	45	44	96	116	28	14	61	57	108
fdf2172092b65ce788eb6249417abff4	22	2	0	9	11	13	0	19	29	8	47	20	0	0	17	34	41	50	19	41	26	74	12	29	19	16	61
6764f73585d62530651ccbf6cf8c3fe5	0	0	0	37	31	45	0	0	0	55	43	0	0	0	32	46	0	72	0	15	44	46	68	0	23	0	60
46df32bbd857e8288a2f65086e0fd1c4	44	58	0	0	80	41	0	24	0	14	80	22	0	0	23	16	26	44	33	0	30	0	42	0	0	19	21
9b5d88801f187772039556957cf46991	335	0	0	0	8	0	206	0	0	0	6	7	0	0	18	6	8	0	0	0	0	0	0	0	0	14	0
8bb2644d07ddab844c3ce80e74d8bba2	0	8	0	22	0	50	0	7	0	35	22	0	0	0	5	23	18	57	29	59	143	6	4	7	11	21	81
bfde4301b1d046edab5366c8ba4f9e71	40	0	0	0	78	17	0	0	0	56	43	0	0	0	82	88	0	44	0	0	21	33	105	0	0	0	0
2c070f4880cc78c48ec292dd9c89b597	39	0	0	20	18	160	24	10	0	57	81	37	0	0	0	98	0	59	0	0	0	0	0	0	0	0	0
4287f9128329cdf3a30826b67cc0126c	13	0	0	0	4	60	0	0	0	23	0	25	0	0	106	0	0	43	35	0	0	86	36	38	26	68	39
c04c3567bb5be7ae906a80865e5932f1	0	0	0	0	0	0	0	0	0	0	0	0	0	0	0	0	0	0	81	82	61	86	69	9	48	47	112
026b68ad384fbb3f5bb0f6769b1b4fce	48	0	0	0	129	0	96	0	46	0	199	0	0	0	21	0	54	0	0	0	0	0	0	0	0	0	0
7ca7a539a71ad71a88cedfa894667593	0	4	0	12	0	13	0	4	0	25	0	0	0	0	0	3	0	15	51	16	36	75	38	192	21	37	48
a894dd1ea1b8f48947a9e9ff688f06cc	20	0	0	0	0	8	0	0	0	4	325	4	0	0	0	16	193	18	0	0	0	0	0	0	0	0	0
6c97e8ef8111a95d1a19517807aeef52	47	0	0	8	205	41	0	5	0	0	144	19	0	0	27	7	35	10	0	0	15	0	0	0	21	0	0
53f4fa5086ba14d2076e3f0a6345c832	0	0	0	0	0	0	0	0	0	0	0	0	0	0	0	0	0	0	31	36	74	117	42	58	69	34	123
0bf7f34cd174696e0f1ca222a695e25e	0	0	0	0	0	7	0	22	0	106	0	6	0	20	0	3	0	37	3	0	71	51	34	48	9	130	33
3bd964f1262d70ed0e2b2f2d5e53d9ca	0	0	0	12	0	0	0	0	0	8	0	5	0	22	0	0	0	0	24	150	43	47	77	17	85	0	88
7a2f122fddae43a0010e633c008bc09b	4	6	0	18	0	15	0	14	0	14	11	0	0	0	4	13	0	7	54	61	99	38	32	27	31	56	57
1bc599cac5647c5c30496e93ca551557	0	0	340	0	92	0	0	0	0	0	51	0	0	0	0	0	20	0	0	37	0	15	0	0	0	0	0
2ed75ef7dfb96bd1877fec2fd260c510	0	0	0	45	0	0	0	34	0	26	0	22	0	0	0	0	0	32	41	0	84	34	47	41	28	78	41
75664355a91d26be47a702163e71b9d3	0	0	0	0	0	0	0	0	0	0	0	0	0	0	0	0	0	0	30	242	28	52	28	30	18	12	108
b909a92ff7714e3dcc0db59c280a7ac9	0	0	0	24	0	0	0	0	0	0	0	0	47	0	0	0	0	0	0	0	77	59	48	68	28	58	138
ca274cac3782ce39f30b91a1ae9e19b8	45	15	0	0	31	125	0	0	0	18	59	47	0	0	11	39	27	86	0	0	17	0	0	0	25	0	0
5904ccb9b6ba59aaefedb22379ee4f15	0	0	0	0	0	8	0	0	0	0	0	3	0	5	0	0	0	6	18	188	96	17	0	16	30	63	91
87a9b86ff3ba8173ed7451b1a64cb6de	20	0	0	0	0	0	18	0	0	0	29	0	0	0	366	29	18	0	0	0	12	11	0	14	0	0	18
b065491c33bc743686ac936000cd95d2	4	0	0	4	3	3	0	5	3	15	9	13	0	4	6	7	12	29	33	29	67	80	24	77	36	41	31
c4e72b68a0138eb7ed4ec9390f496838	0	0	0	6	0	7	0	0	0	11	0	23	0	0	0	17	0	0	14	192	88	11	17	32	0	12	104
dc9aa892ff2214c4219de36f009f5192	0	0	0	0	0	0	0	0	0	0	0	0	0	0	0	0	0	0	0	3	0	411	4	3	67	0	43
5427928ee419417bd5a487c90b44cfaf	23	0	0	0	0	73	0	35	8	0	0	40	0	6	60	51	0	0	0	0	120	24	0	0	0	33	49
2e398b810872de4049aebe234dc5b5d7	0	0	0	0	0	0	0	0	0	0	0	0	0	9	0	0	0	0	22	18	70	123	54	0	85	47	92
15186d19694f00776956343942b4f186	0	0	0	0	0	0	0	0	0	0	0	0	0	0	0	0	0	0	15	25	30	293	20	28	58	0	50
79cb0502666fb336451226c33970ec67	79	0	8	0	94	23	0	0	5	0	121	0	0	0	53	0	23	21	0	0	16	39	0	0	20	0	16
e186468ef3c070507961cbccd1300835	0	2	0	0	0	0	0	0	0	0	0	0	0	0	0	0	0	3	134	0	0	102	0	14	26	194	41
e7bf8b888611a3cd1b5c84cdcd76321f	0	4	0	0	0	37	0	5	0	0	4	7	0	0	0	7	0	8	14	36	205	16	9	6	15	54	86
53835d1295531799bc64c8fd9b406ac2	0	10	0	17	0	50	0	20	0	51	26	0	0	0	0	0	0	71	0	0	36	54	63	0	75	0	39
0bed277d69fe8365b157fc8d659a67ca	0	0	0	0	0	0	0	0	0	0	0	0	0	6	0	0	0	0	21	3	0	91	116	159	115	0	0
4e86ed08a384ded04c6792dc56b4c85d	0	0	0	46	0	0	0	0	0	0	0	0	0	0	0	0	0	0	28	166	0	44	35	0	140	0	48
e9307278210409536f907f7fd741e075	0	0	0	6	0	8	0	0	0	3	0	10	0	0	0	0	0	3	29	111	74	35	17	11	23	48	126
f9431bfa2ecf5582f3368530f500f360	0	0	0	24	7	47	0	33	0	9	13	56	0	0	0	15	0	95	28	0	64	20	0	17	14	43	19
2acce4d86e8444a05bf432f925736cc4	0	20	0	0	0	0	0	0	0	13	0	0	0	0	0	0	0	3	58	0	11	29	128	195	30	12	0
1c9a6840c2d158cd7542553360380440	0	0	0	0	0	0	0	13	0	0	0	0	0	0	0	0	0	24	56	0	117	43	45	17	108	0	75
b95fab86f62b1ce6264bf0661751095c	0	0	0	0	0	0	0	19	0	0	0	0	0	0	0	0	0	0	59	45	62	52	87	55	49	0	65
ebdb77504a8ae8bd9bcd703aea025097	0	0	0	0	0	123	0	10	0	8	0	16	0	0	0	39	0	65	0	0	77	10	0	0	17	119	0
ab4793724d4650358e1d40f5cb713049	0	0	0	0	0	38	0	0	0	0	0	43	0	0	0	0	0	80	47	0	28	0	0	117	0	97	34
fa96cbd7b2df953f48e159b78c51527d	13	0	0	0	21	6	0	0	0	0	48	15	0	0	22	0	11	7	0	19	58	29	28	10	0	155	30
68bc1a630da2bea58a29c24bcacffe3d	0	0	0	0	0	0	0	0	0	0	0	0	0	0	0	0	0	0	28	187	62	66	45	11	0	0	71
2b3241e445043d858344b89771fad5ae	0	16	12	14	0	15	0	8	0	15	0	41	0	11	5	8	6	53	0	0	64	55	23	17	32	48	25
fca1ed7792b0c80cd00c60203ba400e8	0	15	0	7	0	23	0	0	0	139	20	17	0	0	0	24	0	93	22	0	0	14	59	0	24	8	0
68a48306fe13c321c6b94a0c37b3b2d8	0	0	0	5	0	0	0	0	0	3	0	0	0	0	0	0	0	21	24	0	15	41	120	181	45	9	0
b5f105c1bd62f551957fadb46c40f951	0	0	0	8	0	52	0	10	0	0	0	147	0	0	0	194	0	49	0	0	0	0	0	0	0	0	0
9b61e191a6b3f9a80f4d6125e77b1f8e	0	20	0	11	0	0	0	0	0	0	0	0	0	0	0	0	0	0	37	70	0	51	60	45	63	46	54
10fd3f0bec9c322bafe9bc94b4254097	15	0	0	0	44	14	0	6	19	6	88	0	0	0	55	66	67	41	0	0	10	0	0	0	0	8	16
cca241eb8a8f3bca8b576816ab5e2c11	4	0	0	0	0	29	0	0	0	10	0	0	0	0	0	0	0	0	0	0	51	57	60	130	0	109	0
5a0ae6a10829f1b6d01debcce81fa0c6	0	0	0	0	17	4	0	29	16	0	14	0	8	0	0	0	26	32	0	24	18	125	68	8	21	4	30
02558fd49506b13afe92a9fbe1573aa0	35	0	0	0	4	0	5	55	0	42	0	41	0	0	212	23	0	0	0	0	0	26	0	0	0	0	0
c453ebf9e2a74c4319a8c4da8f15e251	0	0	0	0	0	0	0	0	0	0	0	0	0	0	0	0	0	0	0	182	61	67	41	0	0	0	87
c3b9e67755c1877b5055fcf237ee8a2c	20	0	0	4	48	75	0	13	0	25	105	52	0	0	16	25	16	38	0	0	0	0	0	0	0	0	0
544ad0fe7ff864b6f888b8cde90ed6cc	0	10	0	20	8	19	0	0	0	53	38	0	0	0	9	11	0	30	10	25	21	48	34	19	30	12	38
c735a26209835445a0f34b5559b48405	17	0	0	5	10	0	0	10	20	20	0	0	0	0	203	6	2	5	8	10	25	21	16	11	11	14	20
7b2a107c347c1aa43877ef305bb1487e	0	0	0	13	0	14	0	5	0	17	0	0	0	0	4	11	2	16	67	12	32	14	58	22	68	25	49
061f2294ab176bd2ca44ac28ace4f047	8	6	0	0	0	0	0	21	0	68	57	27	0	6	0	0	0	0	0	0	16	50	56	58	29	27	0
c1ba9ff362789236b93d64f079c64fe7	51	12	0	0	0	20	0	21	0	15	0	11	0	0	95	33	0	26	0	0	25	0	0	94	0	25	0
ebb58c2ffbbb54748fa6385f9d3224df	0	0	0	0	0	36	0	0	0	0	0	0	0	0	0	0	13	19	21	0	24	161	61	0	48	21	24
c93010ec80b60963dcf9274e964ada4b	7	5	0	14	16	30	0	16	0	28	30	8	0	4	9	13	3	45	22	0	18	31	13	83	16	0	17
cb1e338ab4574b6b53a660a2e6dca244	0	0	0	0	0	0	0	0	0	3	0	0	0	0	0	0	0	0	42	0	24	159	17	139	27	15	0
386ded3b082e270802555793ad86105e	34	0	0	12	14	15	0	0	0	20	48	2	0	7	10	0	3	41	25	2	15	3	46	76	19	16	16
7d74b9425e04821baca8cb198ac1c948	0	0	0	7	0	0	0	3	0	2	3	2	0	0	0	4	0	11	18	66	15	53	33	32	47	35	90
23e57d22717a53eea9963f3b2112655f	0	0	0	3	12	34	0	16	0	3	10	18	0	2	9	18	10	88	19	13	46	9	13	19	17	30	25
9ac3bb1d7dedb08a012692a6f536b5af	4	0	0	0	10	0	0	0	25	0	13	0	353	0	0	0	9	0	0	0	0	0	0	0	0	0	0
7103737162d2f1b8f90c0ed9364846b6	0	0	0	0	0	0	0	0	0	3	0	0	0	0	0	0	0	0	7	157	12	27	0	97	15	22	72
842ad2e0cb85dcce160cc3e3dfbda2d1	170	0	20	0	16	0	109	0	15	0	14	0	0	0	33	0	25	7	0	0	0	0	0	0	0	0	0
661ee16761929700ae8ab3a77e9abb53	0	0	0	0	0	0	0	0	0	0	0	0	0	0	0	0	0	0	26	49	38	80	28	53	116	18	0
72ba808c71de462f4969aac003b05d84	0	0	0	0	0	0	0	0	0	0	0	0	0	0	0	0	0	0	26	174	30	33	25	0	39	13	68
f9d1c92972df498000feb91016c4bcaa	0	0	0	0	2	65	0	0	0	4	17	53	0	8	0	56	3	121	10	0	25	0	0	10	0	20	9
e57c5df6a9b3b982472e7754ed31f313	0	0	30	0	0	0	0	0	129	0	0	0	240	0	0	0	0	0	0	0	0	0	0	0	0	0	0
3b323c41627a24ae8766506d7f95a94f	16	0	7	0	31	11	26	0	9	0	0	0	0	13	244	0	28	12	0	0	0	0	0	0	0	0	0
6ddc683bef03f1a77baa3109b3779ba0	0	0	0	12	0	0	0	5	0	11	8	0	0	0	0	10	0	24	41	5	47	30	40	79	42	20	23
2a4e8c5c2d9ffd70f271583b796168df	54	0	0	0	0	24	0	0	8	30	0	0	0	0	8	0	31	26	0	58	104	0	0	0	0	0	52
1a9d57d26606ba207da37f78a8ff2c58	11	13	0	0	0	53	0	0	0	0	0	21	0	0	0	0	0	134	17	0	74	0	0	22	0	34	16
4d427f9afe095022fd2d296be179f5c7	318	0	0	0	0	0	77	0	0	0	0	0	0	0	0	0	0	0	0	0	0	0	0	0	0	0	0
10afda2baef44de4c584a6641de399b1	0	0	0	0	0	0	0	9	0	31	0	9	0	0	0	5	0	20	19	14	67	94	10	45	15	29	21
51450e7980f5309a909dec6e5a7c1725	153	0	0	0	0	0	223	0	0	0	0	0	0	0	0	0	10	0	0	0	0	0	0	0	0	0	0
c3048aecb79a329b4e6ff951035a5fca	0	0	0	0	0	0	0	21	0	0	0	0	0	6	0	0	0	0	0	0	51	16	26	22	243	0	0
f68c45909b99408dc34d145a2e374c45	123	0	0	0	0	0	120	0	17	0	16	11	0	0	11	0	19	13	0	20	16	0	0	0	0	16	0
8af9fc49825039bd7aac029cd080d2ac	37	22	0	0	36	17	0	8	0	33	56	18	0	0	29	65	24	36	0	0	0	0	0	0	0	0	0
d059362ec038148f9c8d57dc9e6e2bb9	0	18	0	0	0	39	0	0	0	0	0	0	0	0	0	0	0	26	0	0	164	0	0	27	44	33	25
ff391720c3ba61b569255fb6799d7c15	0	0	0	0	0	0	0	0	0	0	0	0	0	0	0	0	0	0	29	0	16	26	123	142	27	8	0
47d289ee439e05db0f70958c4cbebb64	115	0	0	0	21	0	67	0	0	0	0	0	0	0	157	0	0	0	0	0	0	0	0	0	0	0	0
d8908c94b6af75ce6b7b8404729f13ed	0	12	0	31	0	85	0	48	0	25	0	86	0	0	0	38	0	34	0	0	0	0	0	0	0	0	0
2f98cd1d4ed3112ff2bceffb6408476f	0	0	0	0	0	0	0	4	0	0	0	0	0	0	0	0	0	0	0	29	12	180	42	11	27	0	53
86903c9c738ac933c67985dfd0688c41	0	0	0	5	0	0	0	0	0	0	0	0	0	0	0	4	0	0	132	26	16	18	13	70	18	0	53
19fd57239a50298fdf2a997540c14922	0	0	0	0	0	0	0	0	0	0	0	0	0	0	0	0	0	16	0	31	102	64	33	21	16	0	71
d03c251a2ba425d4609a30a45ffe2102	0	0	0	0	0	0	0	0	0	0	0	0	0	0	0	0	0	0	49	0	80	56	46	96	24	0	0
b38fe94b163483eae343872c3e9860f0	0	0	0	0	0	0	0	0	0	0	0	0	0	0	0	0	0	0	63	76	0	43	8	22	29	107	0
96a7012f0fa9a9558b614f3e7db39b91	0	0	0	0	0	0	0	0	0	0	0	0	0	10	0	0	0	6	25	40	66	29	0	21	47	38	66
107273e73071282e4d0f4a0b46548da5	0	0	277	0	0	0	0	0	0	8	0	0	0	0	0	0	0	0	0	14	4	17	0	10	0	0	17
63db7f6c50a12ccc802939fa69051820	0	0	0	0	0	0	0	3	0	0	0	0	0	0	0	0	0	0	26	52	23	63	5	7	25	17	126
1e6001a93757d677c31f274623407b77	16	0	4	0	0	0	31	0	0	0	0	13	0	0	228	0	0	0	5	0	4	16	0	6	0	12	11
8b489d0ba0c3273d63e8ed35574370b3	0	0	0	34	0	61	7	3	0	25	21	49	0	0	26	39	28	51	0	0	0	0	0	0	0	0	0
9a7f96749fc3614a624e31996bd7b4d4	0	0	0	4	0	21	0	0	0	0	0	0	0	0	0	29	0	21	10	67	103	0	0	11	0	23	53
d68f525366c1dfdc0984a90b89867e95	0	0	0	0	0	10	0	9	0	6	0	0	0	9	0	0	0	0	23	84	52	35	22	16	17	13	45
0ea1dc2365236a4157aaae6a095fdfdd	13	0	3	4	29	0	22	0	18	4	107	0	46	0	51	4	13	0	2	4	7	0	5	0	2	6	0
c4d2d6ed7aa878808861fe61e4679210	15	18	0	15	10	0	0	9	0	20	60	40	0	0	0	25	3	20	12	0	35	21	10	26	0	0	0
2d558233900430fae87494939d75708a	212	0	0	0	0	0	126	0	0	0	0	0	0	0	0	0	0	0	0	0	0	0	0	0	0	0	0
4112eeace57200636aefa80277a9968b	122	0	0	0	0	32	69	0	0	0	0	0	0	0	50	0	0	0	0	28	0	0	0	0	0	37	0
cff38044be14d54e8fbf9a0039c77f73	0	5	0	0	0	7	0	0	0	0	0	0	0	0	0	0	0	0	18	33	98	28	0	14	41	25	68
26915c3209ae35ef27dd02617e8d7d91	29	0	0	0	0	0	59	0	15	0	20	0	0	0	4	0	0	7	0	21	58	5	8	65	9	7	29
525db61ccb1ba70de183da8e90728f98	0	0	0	0	0	32	0	0	0	0	0	0	0	0	0	57	0	43	0	0	71	35	30	0	33	0	34
f3e48c5b6a5d9c30baaf78f71f1706fa	0	0	0	0	0	0	0	0	0	0	0	0	0	0	0	0	0	0	0	72	37	25	0	0	24	135	38
8dec6861d56a88a148f5f0afc2181a0d	13	10	0	2	7	28	0	14	0	15	0	9	0	0	125	7	0	58	6	0	0	6	0	5	6	19	0
b632a177daad11d134247ee04ab8b120	208	0	0	0	0	0	122	0	0	0	0	0	0	0	0	0	0	0	0	0	0	0	0	0	0	0	0
59a4106242bad7608ed5334a3e3ad618	0	0	0	0	0	0	0	0	0	0	0	0	0	0	0	0	0	0	24	14	19	59	0	127	60	23	0
97c20f82bbcf16013f3cd4f9feb5ca9a	0	0	0	0	0	0	0	0	0	0	0	0	0	0	0	0	0	0	0	0	27	82	31	120	61	0	0
674d3fca8b60d684ea44b52ad3fd4c73	0	0	65	0	59	0	21	0	0	0	80	0	0	0	0	0	95	0	0	0	0	0	0	0	0	0	0
e3feb42cfc39c1cb2c5d22238fe4a3de	0	0	0	0	0	30	0	0	0	4	0	0	0	0	0	0	0	11	31	0	50	24	53	26	14	36	40
bf9a8801c54bb6e455943138aaac2268	0	0	0	0	0	17	0	0	0	0	0	0	0	0	0	0	0	0	33	0	45	8	0	19	11	179	5
d6efd2da2728fd74ded268122ee05036	0	0	0	0	0	0	0	0	60	0	0	0	240	0	0	0	16	0	0	0	0	0	0	0	0	0	0
5be491873223df43c1b561078e5eba93	0	0	0	0	0	0	0	0	0	0	0	0	0	0	0	0	0	0	0	34	52	29	0	0	131	27	43
8a708778e5a5f5a6d79a3923406f7fca	14	0	0	0	0	0	16	0	0	0	36	0	0	0	8	0	0	0	17	40	19	39	51	13	21	0	39
637b9b3f4d1cbb1a10c07817619cdf69	0	0	293	0	0	0	0	0	0	0	0	0	0	0	0	0	0	0	0	19	0	0	0	0	0	0	0
b44b7ef824cadcd24ea6fea45051a73e	0	0	0	8	0	55	0	27	0	6	8	47	0	0	0	16	0	78	7	4	32	0	0	8	0	0	15
f505befbe1ca7e2f81e475fa9e2fcc98	13	0	0	0	9	21	0	0	0	8	7	0	0	17	0	16	0	21	0	36	70	14	8	0	6	17	48
b54f2bc11a015936658c0a48a3272701	168	0	0	0	0	0	131	0	0	0	0	0	0	0	10	0	0	0	0	0	0	0	0	0	0	0	0
b744eae1244325f606575483df0de67e	215	0	0	0	0	0	68	0	0	0	0	0	0	0	0	0	0	7	2	0	0	0	0	2	0	10	3
c1257c13f0ecbb063f158ce4ef64b383	0	0	0	0	0	0	0	0	0	0	0	19	0	0	0	0	0	0	4	12	29	0	0	21	15	126	80
7f88f0a30cab65742df8fcd384f7357a	151	0	0	0	0	0	154	0	0	0	0	0	0	0	0	0	0	0	0	0	0	0	0	0	0	0	0
5b934acca47643873c51ede4d955c564	0	0	0	0	0	0	0	0	0	0	0	0	0	0	0	0	0	0	36	0	125	80	0	0	62	0	0
5aebf7678cfde20d9596757b464f477e	0	0	0	0	0	0	0	0	0	0	0	0	0	0	0	0	0	0	18	0	32	6	0	5	0	241	0
d0bd3f9cf2a9482d46b2f867409a1ecd	0	0	4	0	4	0	0	0	238	0	0	0	55	0	0	0	0	0	0	0	0	0	0	0	0	0	0
35e1bbfd3ea58cec02a0fedead1ce5ce	0	0	0	0	0	0	0	0	0	7	0	0	0	2	0	0	0	0	14	18	31	39	17	15	131	11	16
ffc91f7642cc516b08cd5831fff8ddd7	0	0	0	0	0	0	0	0	0	0	0	0	0	0	0	12	0	0	0	4	55	39	22	48	19	37	65
faa16231957f87bae62c66f794a67376	0	0	0	0	0	0	0	16	0	0	0	0	0	0	0	18	0	17	0	0	23	120	0	0	0	32	74
5f8db894a571d35c9d2fa4f8df8581f9	0	12	0	0	0	0	0	0	126	0	0	0	162	0	0	0	0	0	0	0	0	0	0	0	0	0	0
34ff5f6b4b552d776baab0e35b5dc29d	0	12	0	15	10	24	0	14	0	19	0	22	0	0	0	12	0	30	0	0	27	15	27	24	12	19	18
4e5ff310075a50266f9d480989d68398	111	0	13	4	13	0	103	0	0	0	0	12	0	0	0	0	9	0	0	21	0	0	0	0	0	0	13
aa0e07cff5aff42508aefe7949bc5004	0	0	0	0	0	0	0	0	0	0	0	0	0	0	0	0	0	0	11	0	23	35	73	19	41	49	48
573091d7ddd85f9c5f14a7e53d2ba0bf	16	13	0	0	0	0	0	8	0	0	9	0	0	0	0	0	0	0	30	11	47	34	28	28	35	19	19
53cad0dfae83c8105b7a9202b1818616	15	14	0	0	0	0	0	37	0	0	0	28	0	0	0	0	0	81	0	0	0	0	41	60	0	0	20
70aa67c9ba5ae917f70f89ea766f68ec	0	0	0	0	0	25	0	0	0	0	0	0	0	0	0	0	3	0	0	28	102	0	13	22	25	42	34
d6122a0717877cf7fa6bac67db2742b8	0	0	178	0	0	0	0	0	4	0	73	25	0	0	4	6	2	0	0	0	0	0	0	0	0	0	0
91e3552c32531636b3c9381f9febfdc3	0	0	0	0	0	0	0	0	0	0	0	0	0	0	0	0	0	0	22	30	21	33	20	23	39	27	77
cd73125f6ca8e56f73bbd3e6b780f8e9	0	0	0	0	0	0	0	0	0	3	0	0	0	0	0	0	0	0	12	35	12	35	41	21	50	16	65
76a12bde0263c31c5275292cb5b1d6f2	0	0	0	20	0	22	0	0	0	15	0	0	0	5	0	8	0	9	9	66	72	0	0	0	0	25	37
3c47a5b25bdba36dd7911384b66f1371	0	0	0	0	0	0	0	0	0	0	0	0	0	0	0	0	0	0	11	34	0	72	40	7	77	0	46
8dd7e32d3b47bde9f5d91b2d9492e393	33	15	0	0	4	0	7	0	0	0	54	0	0	0	163	0	0	0	8	0	3	0	0	0	0	0	0
41e6c0b55654af1d5cd503359fb77d18	0	0	5	0	35	0	4	7	13	8	18	0	194	0	0	0	2	0	0	0	0	0	0	0	0	0	0
04facf4c669643499ce14739914e4d67	0	0	0	0	0	0	0	0	0	0	0	0	0	0	0	0	0	0	0	0	137	43	0	0	34	40	32
f3a5a1bd1a38e446b3f3d31106009dd6	21	9	0	0	10	0	0	0	0	0	22	0	0	0	0	0	0	0	34	0	0	27	20	75	64	0	0
56483f8000e7a15a0ef8932e02cff7c4	0	0	0	0	0	0	0	0	0	0	0	0	0	0	0	0	0	0	12	0	6	65	47	13	38	17	82
500fb8b8ee8585ac51166621f12ba6c1	0	0	0	0	0	4	0	0	0	0	0	0	0	0	0	0	0	9	14	32	13	0	20	31	7	50	99
b5df267866e9972418aa68ddf2562752	0	0	0	0	0	0	0	0	0	0	0	0	0	0	0	0	0	0	0	54	66	33	0	0	0	69	57
aa0fc88e8ef5617a0bdb247e968f1f1a	0	0	0	0	0	22	0	0	0	0	0	11	0	0	0	19	0	16	9	0	42	11	0	48	14	48	39
88dec76637d263b1cb35a6894485b0ff	0	0	0	0	0	0	0	0	0	0	0	0	0	0	0	0	0	0	0	0	214	0	39	0	25	0	0
ff75624521c6d096a2c4bb5a6778133d	0	0	0	6	0	0	0	0	0	9	0	0	0	0	0	0	0	5	14	0	119	25	29	0	42	13	16
aed191bac0b1c3264208a084af848bed	0	0	0	0	57	0	0	0	0	0	67	0	0	0	0	0	148	0	0	0	0	0	0	0	0	0	0
6d5085dc0c14e837b8ab9dad832b95cc	0	0	0	0	2	3	0	0	0	2	21	5	0	0	20	12	22	9	0	7	21	28	24	43	6	21	24
37bdabb058fbb4b5d00262bdfa49bff6	0	0	0	0	0	0	0	0	0	18	0	0	0	0	0	40	0	31	0	0	66	0	0	0	0	38	77
f7798e8df2d63e0cdd3f7fd236a97910	0	0	0	0	0	0	0	0	0	0	0	10	0	0	0	0	0	0	29	0	69	11	0	20	28	103	0
a6dd65fc8a794034ff7ebcd21aa0627d	0	0	0	8	0	14	0	4	0	4	0	28	0	0	0	23	8	27	0	51	41	0	0	6	0	30	26
209d2a7b32e4fd9500896c1910760c01	0	0	0	0	0	0	0	0	0	5	0	0	0	0	0	0	0	6	44	15	24	35	24	26	48	20	21
8735f92a7f18db944bc862777fbd3222	114	0	21	0	0	0	29	0	0	0	101	0	0	0	0	0	0	0	0	0	0	0	0	0	0	0	0
46dbf5f9971edaaf1b5f61b49edcf2cf	0	0	0	0	0	0	0	0	0	0	0	0	0	0	0	0	0	0	0	36	0	140	0	0	52	0	35
d546fdb0401f165c76892bf91b0d467b	0	0	0	0	0	0	0	0	0	6	0	0	0	0	0	0	0	18	0	43	0	47	18	0	56	35	39
38443fb07dc38d25b81f1dbaf045de0b	0	0	0	0	0	4	0	3	0	0	0	0	0	5	0	0	0	2	25	45	20	30	31	13	20	19	44
7f60fc3cb896896f7bdb1eca264a3682	17	2	0	3	16	5	0	9	0	0	16	31	0	0	15	5	21	4	5	10	54	9	18	0	4	4	12
e0b926280c2a389f92be86104544e1fb	0	0	0	0	0	0	0	0	0	0	0	0	0	0	0	0	0	0	65	0	0	8	103	70	13	0	0
f48cbba2fe7a2cba3df1c5bcffc1fa83	0	55	0	13	0	0	0	48	0	92	0	0	23	0	0	0	0	25	0	0	0	0	0	0	0	0	0
f2badf2762412198775245ec673841d7	49	0	11	0	18	0	15	4	23	0	0	0	0	0	23	0	36	0	0	38	0	0	0	0	0	14	24
9b3fa36ed2c09a6975b78f7855af2106	0	4	0	0	5	8	0	7	0	7	0	14	0	0	0	23	0	57	0	0	35	27	7	0	8	20	32
60c62612dc5338eb921aa2f7d765ae55	0	0	0	0	0	16	0	0	0	19	0	31	0	0	0	31	0	69	0	0	28	0	13	16	0	0	30
35f245c1bd802d7b4c23ba7637d38188	123	0	0	0	0	0	130	0	0	0	0	0	0	0	0	0	0	0	0	0	0	0	0	0	0	0	0
014352bcf6655dd583fa4d8f82cc110e	3	0	0	0	0	18	0	0	0	2	0	0	0	0	0	0	0	11	10	0	67	0	13	45	15	24	41
4fa0edb1063f6c788fa84e17827ebbca	0	0	0	0	0	0	0	0	0	0	0	0	0	0	0	0	0	0	0	53	43	0	0	0	79	35	38
16da9716b4d7c3c9c904f3f799d67dfe	0	0	0	0	0	0	0	0	0	0	0	0	0	0	0	0	0	0	10	0	0	70	0	168	0	0	0
9adf9d24e5509b5ddba1d46d1e3952e4	159	0	0	0	0	0	88	0	0	0	0	0	0	0	0	0	0	0	0	0	0	0	0	0	0	0	0
dd361ff8e55a94f564c69d4c902931ba	48	0	0	0	197	0	0	0	0	0	0	0	0	0	0	0	0	0	0	0	0	0	0	0	0	0	0
0eb88b722902316b11770922bcdaca7b	0	0	0	0	0	0	0	0	24	0	0	0	221	0	0	0	0	0	0	0	0	0	0	0	0	0	0
61c901297973162caaee28a638a3d9d9	0	0	0	0	0	0	0	0	0	11	0	4	0	19	0	0	0	0	0	0	0	119	26	0	64	0	0
bc9a99e95c42d814dbaeab935b2ba74c	77	0	0	0	0	0	137	0	0	0	0	28	0	0	0	0	0	0	0	0	0	0	0	0	0	0	0
ee5e96dac4e8276561b444a32f7c337b	87	0	0	0	0	0	155	0	0	0	0	0	0	0	0	0	0	0	0	0	0	0	0	0	0	0	0
3a32f1113940e32a22292c0e3122fd15	0	0	0	0	0	0	0	0	0	0	0	0	0	0	0	0	0	3	25	0	0	20	0	0	31	152	9
afc8be1bf12a273aee66a9cf23603a63	13	0	0	0	3	23	0	0	0	0	0	14	0	0	0	43	0	37	12	17	37	0	0	8	0	6	26
a843fc211658b32d18ca8567f97f1a1e	0	20	0	0	0	0	0	0	45	0	0	0	174	0	0	0	0	0	0	0	0	0	0	0	0	0	0
074cebd7774d219a616031e1de838a2c	0	5	0	10	0	29	0	16	0	0	0	6	0	5	0	0	0	21	0	0	72	30	7	0	17	0	21
0d7eacfd4c0aa8f5967e44aebcfea42f	0	0	0	0	0	0	0	0	0	0	0	0	0	0	0	0	0	0	0	0	0	22	72	20	36	14	74
e414d1c4247c1899329c2b365b42a83d	0	0	0	0	0	0	0	16	0	0	0	0	0	0	0	0	0	0	9	0	0	52	35	43	82	0	0
5a21435514338a7ba55a469f6e66171d	73	0	0	0	28	8	27	8	0	5	8	9	0	0	0	9	5	9	0	0	23	11	0	3	0	11	0
fb437033e226e6cda5fe9c3b74ef453f	0	0	0	0	0	0	0	0	0	0	0	21	0	0	0	33	0	14	0	31	65	0	0	0	0	25	47
53ac9ef8bdc53ed0e795c5c603ddd7a3	0	0	0	0	0	0	0	0	0	0	202	34	0	0	0	0	0	0	0	0	0	0	0	0	0	0	0
4fad45becd72fe657985275f1c759f23	28	0	0	0	25	0	20	0	17	0	40	0	0	0	63	0	42	0	0	0	0	0	0	0	0	0	0
7148f89a064752c2b79f8b43fcfdf028	0	0	0	0	0	5	0	2	0	0	0	0	0	0	0	9	0	5	0	107	36	5	0	8	0	30	27
7b7595f9b76cf1c37a9b7943d54f75c2	0	0	0	0	0	0	12	0	0	0	0	0	0	0	0	0	0	0	0	72	63	43	0	0	0	0	43
e1664fbc297a312ba966923bfe185845	188	0	0	0	0	0	38	0	0	0	0	0	0	0	0	2	0	0	0	5	0	0	0	0	0	0	0
c1d9eada909d2d5dbe078f25f1038508	0	0	0	0	0	0	0	0	0	0	0	212	0	0	0	21	0	0	0	0	0	0	0	0	0	0	0
dd957efd72b59b928dd850cd35b68da1	3	15	7	9	16	23	15	13	9	19	6	15	0	12	15	5	6	44	0	0	0	0	0	0	0	0	0
7a58a670654e91eb7bbbb340f5221038	0	0	0	0	0	24	0	4	0	0	0	0	0	3	5	2	5	0	12	20	61	15	7	0	6	32	33
55d9508e499d07e966fe1717bd80c566	26	28	0	0	8	8	48	28	0	7	6	8	3	20	12	0	6	20	0	0	0	0	0	0	0	0	0
6539f59062d16f8454aa0eeb82a123c1	0	0	120	0	24	0	3	0	0	0	7	0	71	0	0	0	0	0	0	0	0	0	0	0	0	0	0
6b82fa882d359fb2adaed025611224ec	68	0	0	0	22	0	6	11	0	0	8	18	0	0	81	0	0	10	0	0	0	0	0	0	0	0	0
800c01f333327cd99370115d8c568cc4	0	0	0	0	0	0	0	0	0	3	0	0	0	0	0	0	0	0	26	0	59	23	25	17	26	0	45
48cade213d3a978b6f4b483e8612df22	17	0	0	0	11	8	0	5	0	0	13	0	0	0	19	0	17	0	6	24	6	31	0	14	18	5	30
51b9a2e379c2555a3774ef13e9aac08d	0	0	0	0	0	0	0	0	0	0	0	0	0	0	0	0	0	0	16	21	42	116	0	12	0	0	14
dc0c11ea6a1837087470a3899d81081f	65	0	0	0	23	0	0	0	0	0	98	0	0	0	8	0	27	0	0	0	0	0	0	0	0	0	0
8600eaace3fdec4f4d5c4669474c7b19	0	0	0	0	0	0	0	0	0	0	0	0	0	4	0	0	0	0	22	65	31	55	20	23	0	0	0
a4d8f1dc70e869b167e29e6caf877cae	0	0	0	0	0	0	0	0	0	0	0	0	0	0	0	0	0	0	0	31	0	78	0	0	0	31	78
eb22cc76d6af9469a959a2c983ee518c	0	0	0	0	0	0	0	0	0	0	0	0	0	0	0	0	0	0	0	19	12	55	57	6	53	16	0
7bd2131216dd6bd467970699d35a617b	0	0	0	0	0	0	0	0	0	0	0	0	0	0	0	0	0	0	14	0	47	28	10	7	61	23	27
7d2c0bf77d1048b740a0eb47b3f80c23	0	0	0	39	0	0	0	0	0	0	0	0	0	0	0	0	0	18	23	0	41	41	0	24	0	0	31
aba3f8a42fe9f735ee5476da8d5c309d	0	0	0	0	0	0	0	0	0	0	0	0	0	0	0	0	0	0	10	0	7	56	32	79	32	0	0
74d712c5194ab274802aab1156111c79	54	0	0	0	0	0	23	0	9	0	78	0	0	0	0	0	52	0	0	0	0	0	0	0	0	0	0
4902f0932539bec04c67444c8444ca7d	0	0	0	0	0	0	0	0	0	0	0	0	0	0	0	0	0	0	0	55	0	34	0	0	50	0	76
cf42bf36050435362713d9a47b22f948	0	0	0	0	0	0	0	0	0	0	0	0	0	0	0	0	0	0	0	0	0	21	99	10	75	0	10
73ab6d6608a93a7bc935f8048997c6fc	0	0	0	0	0	0	0	0	0	0	0	0	0	0	0	0	0	0	8	2	11	77	20	11	21	0	64
891965af23715f131ba4c6fe0beae228	0	0	0	0	0	0	0	0	0	0	0	0	0	0	0	0	0	0	10	114	15	17	0	0	13	0	45
7c475882a353ab56ba8eab19d15a7ff1	0	0	0	0	0	0	0	0	0	0	0	0	0	0	0	0	0	0	213	0	0	0	0	0	0	0	0
2d9a9d6012e671d8135cb2df734d9edd	0	0	0	4	0	0	0	0	0	0	0	0	0	0	0	0	0	0	0	19	0	73	31	9	56	0	20
d56704566f69bca917afdef9f7ebb8de	7	0	0	0	0	11	0	0	0	0	0	0	0	0	40	7	4	6	0	0	30	19	23	0	32	10	22
8afb445ed3cdc963718ea8a09d66617b	4	0	0	0	0	19	6	6	0	8	34	12	0	2	7	13	10	76	0	0	4	0	5	0	0	0	4
3f456a18968cea5c5e549e281f0f5808	138	0	0	0	0	5	35	4	0	8	0	7	0	0	2	0	0	9	0	0	0	0	0	0	0	0	0
1b240194f8b05017f83502c1b73f592f	0	0	0	0	0	0	0	0	0	8	25	0	0	0	0	0	7	13	0	0	36	0	0	27	37	34	21
e52edce2ac7c8fd252c75a75d8e4275a	0	0	0	0	0	13	0	0	0	0	0	9	0	0	5	5	0	12	22	0	28	0	7	69	0	20	18
7943110c095dbc19ef642b12a7fae52a	0	3	0	6	0	5	0	0	0	9	0	0	0	0	0	0	0	12	7	0	17	57	33	15	10	17	17
2b0ed5990c90aaacb4f65c6a89461c11	0	0	0	0	0	0	53	0	0	0	0	0	0	0	27	0	0	127	0	0	0	0	0	0	0	0	0
27af011f1ebcc0867bb168193e6a9d27	14	0	0	0	0	0	0	0	0	0	81	0	0	0	89	0	20	0	0	0	0	0	0	0	0	0	0
5fb4916ca5c2a5136926711a0bc5ace4	12	0	0	0	5	0	0	0	0	0	0	2	0	0	176	0	0	2	0	0	0	0	0	0	6	0	0
74229ec139de24afeb51c122897715f6	0	0	0	0	0	0	0	0	0	0	0	0	0	0	0	0	0	0	0	65	11	0	0	0	0	70	56
cbc54184663499cf5620971314b9a71b	0	0	0	0	0	0	0	4	0	0	0	0	0	0	0	0	0	9	23	28	17	0	16	0	37	28	40
53b547b6b5c21d5372846bb3cab09f72	92	0	0	0	0	0	53	0	0	0	8	0	0	0	5	7	7	0	0	0	0	0	0	0	0	27	0
9b3becce3e5841cf9cd818eda34e6f49	6	6	0	14	4	14	12	24	0	6	5	6	0	0	7	8	0	14	0	0	0	15	9	10	23	0	15
975dad73b6b5c8a4f3170049d1c88b43	30	0	0	0	53	0	0	0	81	0	33	0	0	0	0	0	0	0	0	0	0	0	0	0	0	0	0
34ffa2d66a639c2fd6eeca57b75f047f	0	0	0	0	0	0	0	0	0	0	0	0	0	0	0	0	0	0	7	8	98	0	0	9	11	35	29
040e073a4b65c8c5bb0065c3f6610766	0	0	0	0	0	0	0	0	6	7	29	13	0	0	70	0	36	14	0	0	0	0	0	0	0	9	12
1bb52bd81aefa324a62f91eb110a3665	0	0	0	0	0	0	0	0	0	0	0	0	0	0	0	0	0	0	10	0	14	35	37	57	43	0	0
be9809e907fd566163257a1bd5d7d8ce	0	7	0	11	0	15	0	11	0	31	0	17	0	0	0	0	0	38	0	10	0	0	10	20	0	4	19
f2e79285ff3acd359ec74fe5918b3d2a	0	0	0	0	0	0	0	0	0	0	0	0	0	0	0	0	0	0	4	17	0	0	0	0	0	0	172
b30ab0b479ba0443a7c5a765e5bfced9	0	0	0	16	0	42	0	8	0	38	0	0	0	0	0	40	17	32	0	0	0	0	0	0	0	0	0
dbf891b81810bae2731119f803bdd6e6	0	0	0	0	0	0	0	0	0	0	0	0	0	0	0	0	0	0	0	86	0	0	0	0	50	0	57
33a64e56ddd1a86fc3347714d9ef3930	0	0	0	12	0	0	0	0	0	0	20	0	0	161	0	0	0	0	0	0	0	0	0	0	0	0	0
44a35eb59d737efb374c824f37927592	16	0	0	8	6	30	0	0	0	0	8	10	0	0	10	18	0	26	4	8	12	5	0	0	5	15	12
e0bf3607d3a5ccbac1a50f826a8e1d70	11	0	0	5	16	8	0	0	7	0	5	7	0	0	69	5	8	0	0	5	22	0	0	0	0	25	0
7334f95f25c1416b5a8ac26bcdbe788d	162	0	0	0	0	0	10	0	0	0	20	0	0	0	0	0	0	0	0	0	0	0	0	0	0	0	0
c0b7c861fe238145b5f045bd5272c7db	0	0	0	5	0	0	0	0	0	0	0	4	0	0	0	0	0	0	0	3	23	21	0	25	7	12	91
d863691a22889c069ef506b175006b7a	0	0	0	0	0	0	0	0	0	0	0	0	0	0	0	0	0	0	0	12	52	0	0	0	5	53	68
768d500dec54c80d5ef769902dadd792	0	0	0	0	0	0	0	10	0	0	0	0	0	0	0	0	0	0	0	0	0	92	0	0	45	0	43
bc1e72c9d20e3377e266fe18c2016c73	0	0	0	0	0	0	0	0	0	0	0	0	0	0	0	0	0	0	0	0	0	14	0	19	156	0	0
51a5955ebe58e2c36e26f6cfa32cbe22	0	0	0	0	0	0	0	0	0	0	0	0	0	0	0	0	0	0	0	0	0	105	0	0	84	0	0
6699faa973867e23f56b360313a79461	0	0	0	0	0	0	0	0	0	0	0	5	0	0	0	0	0	0	6	8	28	0	0	17	6	109	9
f25431c3f182a7b76f3027ad1fce6195	0	0	0	13	0	14	0	12	0	0	0	33	0	18	0	8	0	23	14	0	19	0	0	0	22	0	12
f1a1926a75d0a63255e1b014dcafb4db	0	0	0	0	155	0	0	0	0	0	22	10	0	0	0	0	0	0	0	0	0	0	0	0	0	0	0
322b094fcdc02808f0d2e1a7baa5e779	0	0	0	0	0	0	0	0	0	0	0	0	0	0	0	0	0	0	0	0	186	0	0	0	0	0	0
f4a774667177b16cb72b2efba954744e	13	0	0	0	0	10	0	0	0	0	0	20	3	0	0	0	0	0	0	38	45	0	34	0	0	23	0
c4bfdac27a83e2361cd70c4f37cbeb51	0	0	0	0	0	0	0	0	0	0	0	0	0	0	0	0	0	0	0	5	4	102	23	6	41	4	0
cd3252d96bdb1efe5fc05bc00a9d9309	125	0	0	0	0	8	51	0	0	0	0	0	0	0	0	0	0	0	0	0	0	0	0	0	0	0	0
13c8de718d9a13b3da1745d7cdb1e867	0	0	0	9	0	0	0	0	0	0	0	12	0	0	0	8	0	12	19	0	37	0	11	0	26	24	26
18a8431c9b54932e9e89751b1aa6b380	0	0	0	0	0	0	0	0	0	0	0	0	0	0	0	0	0	0	14	28	19	41	22	10	15	13	22
2c068610f26c934fd82d73632198b9b7	10	20	0	0	10	4	0	0	0	4	8	0	0	0	24	3	4	18	16	0	8	0	11	36	0	7	0
4608fae4bbc9964cdd17af8782f2155e	0	0	0	0	0	0	0	0	182	0	0	0	0	0	0	0	0	0	0	0	0	0	0	0	0	0	0
b05e5fdce9d1c40bb22414c1431ea80a	0	0	0	0	0	0	0	0	0	0	0	0	0	0	0	0	0	0	18	46	0	65	0	0	23	0	29
feba3a3a91d205086970da174c0a03ca	0	0	0	0	0	0	0	0	0	0	0	0	0	0	0	0	0	9	0	0	0	23	71	78	0	0	0
bbf772e87bb1bd04ae18adfa03247a9f	0	0	0	0	0	0	0	0	0	0	181	0	0	0	0	0	0	0	0	0	0	0	0	0	0	0	0
2f0427c95f58bc8b33730d6bebc06828	0	0	0	0	0	0	0	0	0	0	0	0	0	0	0	0	0	0	6	13	7	29	26	10	32	38	19
9b4645c464d957064aed5e31e37b75f9	0	0	0	0	0	0	0	0	0	0	0	0	0	0	0	0	0	0	0	0	37	51	0	0	26	0	66
6ffb0ccc541b7d25ba20f903ccf96ae5	0	19	14	0	8	48	0	0	8	24	0	17	14	0	0	0	16	11	0	0	0	0	0	0	0	0	0
44aa6712f78f0bbad38485da0d6ddf19	0	0	0	0	0	0	0	0	158	0	2	0	18	0	0	0	0	0	0	0	0	0	0	0	0	0	0
4fecdb809342a4fcf200afffd42ca2e3	144	0	0	0	0	0	34	0	0	0	0	0	0	0	0	0	0	0	0	0	0	0	0	0	0	0	0
6fe87766640a9d263738190ba1ebd501	0	0	0	0	0	0	0	0	0	0	17	20	0	0	38	27	8	12	0	0	0	0	0	34	0	22	0
0c3800224e14775f2abb6f91ff7450cf	0	0	0	0	0	0	0	0	0	0	0	0	0	0	0	0	0	0	0	34	0	27	28	0	15	18	56
55954ea021303330f19413b0882998fe	0	0	0	0	0	0	0	0	0	0	0	0	0	0	0	0	0	0	0	55	43	0	3	5	8	16	47
0da352d12778a23d94aef13982c319f4	0	0	0	0	3	0	0	0	0	0	0	3	0	0	0	7	0	22	6	0	6	4	0	74	0	0	49
219a620aa72de55cbcdf5d38d6b93f86	107	0	0	0	0	0	67	0	0	0	0	0	0	0	0	0	0	0	0	0	0	0	0	0	0	0	0
b97587ac1a1eee2ca0df9922447e6921	0	0	0	0	4	17	0	16	0	7	21	27	0	0	0	19	5	26	0	0	0	0	0	8	3	9	11
d829bee4984f82ffc2453212157caf96	0	0	0	4	7	0	0	0	0	0	0	0	0	8	0	0	0	0	0	0	18	43	11	40	15	0	27
6d9cb227ea3788a8e4813ddf6fc5d485	0	0	0	0	0	0	0	0	0	0	0	0	0	0	0	21	5	23	0	31	19	0	0	0	31	19	24
f796f3ac68997ebed0b10141341acb3f	0	0	0	30	0	22	0	0	0	8	0	0	0	0	0	0	0	59	0	0	0	0	0	0	15	21	18
55fba7b4dd6e9303c85c5a54e0251df2	0	0	0	0	0	0	0	0	0	0	0	0	0	0	0	0	0	11	24	23	40	0	0	24	26	0	25
0e1a21f014887edc560531b0c9d0e691	36	0	0	0	6	0	0	0	5	0	0	0	0	0	12	18	5	15	0	20	19	9	0	0	0	27	0
a1b8a3d533fc1264a049fa2e9aea856d	0	0	0	0	0	2	0	0	0	0	0	0	0	0	0	0	0	0	11	117	0	13	0	0	10	0	18
535d90a8b6d18e5de86b35a5dc0e769f	0	0	0	0	0	0	0	0	0	0	0	0	0	0	0	0	0	0	12	11	71	14	53	0	0	9	0
df04f8d9fc9d25895c7f1ab99d11d204	18	0	0	0	8	0	0	0	29	0	73	0	0	0	14	0	28	0	0	0	0	0	0	0	0	0	0
5cc994aa39f5a3988c22bf11acb598eb	0	0	0	0	0	0	0	0	0	0	0	0	0	0	0	0	0	0	0	0	0	84	52	33	0	0	0
235a89f255d93a7570269a56c53dba64	123	0	0	0	0	10	0	0	0	0	0	0	0	0	0	0	0	0	0	0	0	0	0	0	0	35	0
134bdbaec661c28d109690d78b59214b	0	0	0	0	0	0	0	0	0	0	0	0	0	0	0	0	0	0	0	0	0	63	40	0	64	0	0
79c9235ff041fe76f6dc89a18c5a222a	132	0	0	0	0	0	35	0	0	0	0	0	0	0	0	0	0	0	0	0	0	0	0	0	0	0	0
507a6369a5206d148d47a0a854321ed5	0	0	0	0	0	0	0	0	0	10	0	24	0	9	9	0	0	41	0	0	0	0	0	60	13	0	0
ab6b7b90747341ce39f82d0a22a1d37d	0	0	0	0	0	4	0	0	8	28	0	6	37	8	0	4	2	13	0	0	10	16	0	0	30	0	0
92886da043b3cfb88c385fc9b72752d5	0	0	0	5	0	35	0	4	0	5	0	5	0	0	0	12	4	24	8	0	39	0	0	0	0	7	17
b7a6de9f78e6c96910566ca3f2778318	0	0	0	0	0	0	0	0	0	0	0	0	0	0	0	0	0	0	7	14	10	43	14	0	56	0	20
682ff22f9b2fa50bafc9fcf5322839eb	0	0	0	0	0	16	0	0	0	0	0	0	0	0	0	0	0	0	19	0	38	0	16	0	61	13	0
0037bf46a14f07d53a962544a41810f3	8	0	0	0	56	13	0	5	0	0	47	0	0	0	0	0	14	0	0	0	0	0	0	0	20	0	0
981316dd1f4cd311c729bcbf54ab7a18	0	0	0	0	0	0	0	0	0	0	41	0	0	0	13	9	0	18	0	0	22	13	0	0	0	0	47
3604ce074535a3b0d8b1c5e705ccf8da	61	0	3	0	21	0	0	0	4	0	63	0	0	0	9	0	2	0	0	0	0	0	0	0	0	0	0
156b17643f8da261e1220bc51e6c3b26	4	0	0	0	0	0	0	0	0	0	0	22	0	6	12	34	0	0	0	0	0	0	0	0	0	38	47
a738568b261166a672bdd2c51055fff7	0	0	0	0	0	0	0	0	0	0	0	0	0	0	0	0	0	0	0	0	79	0	0	0	84	0	0
73371cded800adb358f332f4a01ecb96	0	0	0	0	0	0	0	0	0	0	0	0	162	0	0	0	0	0	0	0	0	0	0	0	0	0	0
66d11ae6df2db29b267986da808e1eb5	0	0	0	6	0	56	0	0	0	9	0	42	0	4	0	0	0	44	0	0	0	0	0	0	0	0	0
c24a3ec7f77c24ee068433ceaa661fbf	0	0	0	0	26	0	0	0	0	0	0	0	0	0	0	56	0	8	0	0	0	0	0	0	0	71	0
e1849783128402e6f93a724853ccac26	50	0	0	0	3	0	11	10	0	0	27	0	0	5	42	0	9	0	0	0	0	4	0	0	0	0	0
d922e28fdfb36aa671e51df99219225a	0	0	0	0	0	0	0	0	0	0	0	0	0	0	0	0	0	0	0	0	34	66	0	0	60	0	0
7558ae080e554f69632fa9f0078925a8	0	0	0	0	0	0	0	0	0	0	0	0	0	0	0	0	0	0	13	0	33	17	17	0	30	0	49
092110610de5665acc86a85cfa7a1192	0	13	0	14	0	37	0	0	0	0	0	0	0	0	0	43	0	23	0	0	14	0	0	0	0	15	0
8c14b4402f8881f0e3fcaa9a7021c260	0	0	0	0	0	0	0	14	0	0	0	0	0	0	0	0	0	8	0	35	28	12	6	0	0	33	22
571bd9d7ac39f0ce24aeda9319d55cb5	0	0	0	0	0	8	0	0	0	3	0	0	0	0	0	3	3	0	0	0	23	55	9	0	0	23	30
68991ba6806ac5e5437c8eca38328283	32	0	3	0	33	0	7	0	10	0	25	0	0	0	24	0	22	0	0	0	0	0	0	0	0	0	0
0263d79ba5568fc313b909925a8607ec	86	0	0	0	0	11	44	0	0	0	0	0	0	0	15	0	0	0	0	0	0	0	0	0	0	0	0
63afe8e6aac58bf0d670a82ca5bc574c	0	0	60	0	68	0	0	0	0	0	0	0	0	0	0	0	28	0	0	0	0	0	0	0	0	0	0
41ed57b340770fd925d1a9676354e936	0	0	0	0	0	7	0	0	0	0	0	0	0	0	0	7	0	10	0	7	40	23	0	8	10	27	16
099a757d13822df0ea487ebc53fb28b1	98	0	0	0	37	0	0	0	0	0	12	0	0	0	8	0	0	0	0	0	0	0	0	0	0	0	0
2e9efbeecb4de61ecc8d6522aa8d3410	0	0	0	0	0	0	0	0	0	0	0	0	0	0	0	0	0	0	12	0	0	54	27	39	13	0	9
41c1fcb36dcb55d039e0b7b5d91af906	24	0	0	0	23	9	0	8	0	7	42	7	0	0	15	8	0	10	0	0	0	0	0	0	0	0	0
6510fa10b181e1f66b763278c64bf2ed	0	0	0	3	0	4	0	12	0	0	0	5	0	0	0	0	0	4	47	0	0	13	8	17	16	12	12
fbfee09f101ae190f8e63f6728890c4c	0	0	0	7	0	0	0	4	0	0	0	0	0	0	0	0	0	0	17	12	0	10	11	13	10	23	45
711287bfc8816a864204f4cb9a694d81	56	0	0	0	3	0	59	0	0	4	11	5	0	0	0	9	0	5	0	0	0	0	0	0	0	0	0
2e63a346769e0a62350ceaec77aece4d	0	0	0	0	0	0	0	0	0	0	0	0	0	0	0	0	0	0	10	39	26	8	8	0	0	7	53
addddbfb2bfa7bdbaecca76968ec8a9d	0	0	0	0	38	0	0	0	0	0	0	0	0	0	112	0	0	0	0	0	0	0	0	0	0	0	0
e390c9c0c3358a0d0b8f272821e949ea	0	0	0	9	0	10	0	0	0	11	0	8	0	0	0	15	0	13	0	0	20	21	0	0	0	15	28
0f5f48d793a468de8ec2131049a25f1e	0	0	0	0	0	0	0	0	30	0	0	0	120	0	0	0	0	0	0	0	0	0	0	0	0	0	0
a5e343df0faf5071bc1a13623a27ed42	0	0	0	0	0	0	0	0	0	0	0	0	0	0	0	0	0	0	0	0	0	0	81	32	0	14	22
01a39e9a8dfb99771df440cb5631c036	0	0	0	0	0	0	0	0	0	0	5	0	0	0	5	0	0	0	7	76	0	33	0	6	0	0	17
3b50e9874fa67e04b49f5a59ecf0059a	0	0	0	0	0	0	0	0	0	0	0	0	0	0	0	0	0	0	8	22	36	8	0	7	20	35	12
868e0165fe32a8925b7f20afa5e1dbfc	51	0	0	0	0	0	47	0	0	0	0	31	0	0	0	0	0	0	0	0	0	0	0	0	0	19	0
ef4319a94221fafc839265dbc876e8a3	0	0	0	0	0	0	0	6	0	0	0	17	0	0	0	11	0	0	28	0	0	4	0	21	12	48	0
a57958824ad97eadb0a357c50770c8d7	6	3	0	0	0	7	0	3	0	0	3	0	0	0	9	0	0	4	6	0	55	4	0	15	6	12	14
75019f34276b344526a34ea0085d9699	7	7	0	6	0	4	0	9	0	5	0	0	0	0	0	0	0	2	0	0	11	30	10	12	40	0	3
27802da899201a0ce58d65877a284e0f	0	0	0	0	0	11	0	0	0	0	0	0	0	0	0	0	0	0	16	0	104	0	0	0	0	0	14
101e498d32d01c683b937a772d4f6bb1	0	0	0	4	0	8	0	2	0	0	6	3	0	0	0	7	0	10	3	23	30	10	3	0	13	13	10
22aedf9abf7a24a2596726b38435025a	91	0	0	0	4	0	13	0	2	0	14	0	0	0	12	0	8	0	0	0	0	0	0	0	0	0	0
84f419d5cf131b892329cd2ba48c3017	0	0	0	0	0	0	0	0	0	0	0	0	0	0	0	0	0	2	8	0	13	21	52	39	6	0	2
7de8357661e8182771db98b376924183	0	0	0	0	0	0	0	0	0	0	0	0	0	0	0	0	0	0	18	0	0	35	21	0	24	0	45
e0b7f564c6a0ff41381e27c3c2d927a6	6	0	0	0	0	0	0	0	0	11	31	0	0	0	17	23	32	22	0	0	0	0	0	0	0	0	0
a3d4350e043e77afc309947a15c82d7a	0	0	0	0	0	0	0	0	0	0	0	0	0	0	0	0	0	0	0	3	0	30	13	58	16	21	0
36ebd4c53a9044649464fdb812858a9c	0	0	0	0	0	2	0	0	0	0	0	0	0	0	0	0	0	0	4	7	35	4	3	13	12	52	8
cc433498d22a69037fd62e082ce6a553	0	0	0	0	0	0	0	0	0	0	0	0	0	0	0	0	0	0	39	0	0	0	0	75	26	0	0
6d766f67b6bd03ae7d1de4c4fc15b47f	0	0	0	0	0	5	0	0	0	0	0	0	0	0	0	53	0	0	16	13	12	0	0	0	0	25	16
c20597483c5e833f5d69323daf1404f7	0	0	0	7	0	21	0	28	0	8	0	9	0	3	18	22	9	15	0	0	0	0	0	0	0	0	0
a88f20e5316581a013745e290c1b0fe3	0	0	0	0	0	0	0	0	0	0	0	0	0	0	0	0	0	0	19	15	0	24	0	0	82	0	0
29d0afa3094fe186f16549507e5d86f3	0	0	0	0	0	0	0	0	0	0	0	0	0	0	0	0	0	0	0	25	51	0	0	0	0	23	40
396bbebd81d93d6c824d49cc652eb76a	0	0	0	0	0	0	0	0	0	0	21	10	0	0	0	5	8	8	6	6	44	0	0	9	0	0	22
be3ffa6c8963d87f2f7fa012a5e25fd2	0	0	0	0	0	7	0	11	0	0	0	0	0	0	0	0	0	0	10	16	33	12	0	0	38	0	11
397b07e101ae58ddcc3691dd961427e5	0	0	0	0	0	0	0	0	0	0	0	12	0	0	0	8	0	0	22	9	0	0	0	33	0	35	18
9cdde29fca3a13e2e0f5d96088860c87	0	0	0	0	0	0	0	0	0	0	0	0	0	0	0	0	0	0	17	15	23	0	0	10	0	71	0
fd230d8df249293cce9223b0e5bf91aa	0	0	0	0	0	0	0	3	0	0	0	0	0	0	0	45	0	0	6	0	0	31	35	16	0	0	0
5d5986ea5805e6efd33ec1289855180d	0	0	0	0	0	0	0	0	0	0	0	0	0	0	0	0	0	0	7	17	0	26	9	7	11	21	38
51547ed60c447cd9960c5e6b5ab82556	0	0	0	0	0	0	0	0	0	0	0	0	0	0	0	0	0	0	0	0	135	0	0	0	0	0	0
3078d0e997dde104f7d25c0dd9473003	0	0	0	0	0	34	0	0	0	0	0	24	0	0	0	0	0	29	23	0	25	0	0	0	0	0	0
4403256662fc860fe5f0b72921a55723	0	0	0	0	0	0	0	0	0	0	0	0	0	0	0	0	0	0	134	0	0	0	0	0	0	0	0
76169cba023a251c6039e08cff9ab028	0	0	0	0	0	6	0	0	0	0	0	13	0	0	0	0	0	11	7	0	63	0	3	0	15	0	16
eaf8b99ff3366330dc39dac3749cbd0c	0	0	0	0	0	0	0	0	0	0	0	0	0	0	0	0	0	0	0	50	0	12	3	0	0	0	69
0fa25f0d48b48d663e57e7661b6cf163	0	0	0	0	0	0	0	0	0	0	8	0	0	0	79	0	46	0	0	0	0	0	0	0	0	0	0
2d00e465ad18c4731ecf9573550ac73f	0	0	0	0	31	0	0	0	0	19	0	0	0	0	0	0	0	0	0	0	0	62	0	21	0	0	0
23268088bd10c577a5612139a7b642fe	0	0	0	0	0	0	0	0	0	0	0	0	0	0	0	0	0	0	19	15	0	35	3	0	19	26	15
2bc49d794ab0882ffaad96655d12bfdf	4	0	26	0	7	0	8	0	5	0	32	10	0	0	21	0	15	3	0	0	0	0	0	0	0	0	0
d6c6048d165a11a47c4c89fef20660a0	103	0	0	0	0	0	27	0	0	0	0	0	0	0	0	0	0	0	0	0	0	0	0	0	0	0	0
c84dbb2981ec65ad7c0225b2434c5cef	0	0	0	17	0	26	0	0	0	0	0	12	0	0	0	0	0	40	0	0	35	0	0	0	0	0	0
bd3a368582467fe59f53a1fadbfd7788	0	0	0	0	0	0	0	0	0	0	0	0	0	0	0	0	0	0	0	16	20	31	0	16	38	0	8
ff5dfe6c03ec203af84d0e84ce603c48	0	6	0	0	0	22	0	0	0	43	0	0	0	13	0	45	0	0	0	0	0	0	0	0	0	0	0
bd9fb85fbc617c063ef39df89e371752	0	0	0	0	0	29	0	0	0	6	0	9	0	0	0	6	0	56	6	0	8	0	0	0	0	5	3
b682b8bcd625f8a99e14785c6dd5bd5c	91	0	0	0	0	0	0	0	0	0	0	0	0	0	34	0	0	3	0	0	0	0	0	0	0	0	0
2e193e82e7000acd47ce00bdd77ed4e0	46	0	5	0	4	0	20	0	0	0	0	0	0	3	11	8	0	0	0	0	0	22	0	0	0	0	9
f3796ecba00f9ee678dec796d19d6763	46	0	0	0	25	0	0	0	0	0	43	0	0	0	9	0	5	0	0	0	0	0	0	0	0	0	0
1d2e606796281040981e67f350b44a64	0	0	0	0	0	0	0	0	0	0	0	0	0	0	0	0	0	0	8	17	11	51	8	0	12	6	15
724a972773477fbae89d9f74bd6d50b9	0	0	0	0	96	0	0	0	0	0	31	0	0	0	0	0	0	0	0	0	0	0	0	0	0	0	0
c467d4b4b5f787571d0b7d72c1504ecd	10	0	0	0	0	0	4	0	10	0	11	0	0	0	65	2	21	0	0	0	0	0	0	0	0	4	0
3106e03dc926c04d6c8f747a70ad0cbf	0	0	0	0	0	0	0	0	0	0	0	0	0	0	0	0	0	0	7	16	15	0	0	36	15	19	19
fb2b00a8282741f54559c37f4ce69e20	0	0	0	0	0	0	0	0	0	0	0	0	0	0	0	0	0	0	0	61	0	37	0	0	28	0	0
f5fcac3487bfbd63f00447c55c4555df	0	0	0	0	0	6	0	0	0	0	0	0	0	0	0	10	0	0	0	0	72	8	0	0	0	11	19
60b68eea1e4bbbe14572067b57a0c753	6	0	0	0	0	18	0	0	4	0	8	5	0	0	4	14	9	24	0	0	0	0	0	4	0	30	0
8aa08d84d086b866e53d80f8710a685e	0	0	0	0	0	8	0	0	0	0	0	0	0	0	10	0	0	0	0	0	30	9	9	17	21	8	13
ac0c038536d53cb06ed7077f208d1689	0	0	0	0	92	0	0	0	0	0	0	0	6	0	0	0	6	0	0	0	21	0	0	0	0	0	0
6fc0afa4ca20c38dd455d90b8d8099ab	0	0	0	0	0	0	0	0	0	0	0	0	0	0	0	0	0	0	7	0	13	47	0	0	23	18	17
58bc10fe623c029df280600ee460fd56	0	0	0	0	0	0	0	0	0	0	13	0	0	112	0	0	0	0	0	0	0	0	0	0	0	0	0
cae33a7d5f2c2e4efab7a096e71afddf	0	5	0	13	0	15	0	6	0	8	11	0	0	0	0	7	0	48	0	0	12	0	0	0	0	0	0
62b0b243d6b3b2b15948054bc600ff86	9	0	0	10	0	10	0	3	0	24	2	0	0	0	0	0	0	0	0	7	3	10	8	17	0	0	21
07af6b4f17796fe118bf6596872b7db0	34	0	0	0	35	0	0	0	21	0	9	0	0	0	5	0	19	0	0	0	0	0	0	0	0	0	0
1ba1c6fba5cf7d1a4c6e3caef9e4c813	0	0	0	0	0	6	0	0	0	0	0	0	0	0	0	0	0	0	7	21	10	0	0	7	0	62	10
2d213090c9b91dc31ab95dee752f68cb	7	21	0	9	0	20	0	0	0	6	6	14	0	0	0	4	0	21	5	4	0	5	0	0	0	0	0
79d376976c3bfb5e0a49c1f581b289c6	0	0	0	0	0	0	0	0	0	0	0	0	0	0	0	0	0	0	0	16	22	9	0	9	24	42	0
17c67415d4fb1fb5a6d441f1bfa6b5a2	0	0	0	0	0	0	0	0	0	0	122	0	0	0	0	0	0	0	0	0	0	0	0	0	0	0	0
d1232e5381920d8801e6568e79e46eb3	0	0	0	0	0	0	0	0	0	0	0	0	0	0	0	0	0	0	0	0	0	0	0	0	0	121	0
6b94959874b693c3304e68c57cefd287	95	0	0	0	0	0	21	0	0	0	0	0	0	0	0	0	0	5	0	0	0	0	0	0	0	0	0
3ec4396785a9238c70607214549fc7e7	4	0	0	0	3	3	0	4	0	0	7	0	0	0	11	0	0	4	0	0	8	24	0	25	12	5	11
e54514f112c0d2e2cf9be32de76bd74d	0	0	0	0	0	0	0	0	0	0	0	0	0	0	0	0	0	0	27	10	23	3	4	22	10	9	12
3d200996fe89b15e015e158a399046e9	0	0	0	0	0	0	0	0	0	0	0	0	0	0	0	0	0	0	0	28	13	22	0	8	33	15	0
855f824432d0e3cdf40d4c4c5f5fa4df	0	0	0	0	0	0	0	0	19	0	22	0	70	0	2	0	6	0	0	0	0	0	0	0	0	0	0
27bbab26402d4eec931227b41a8046a5	0	0	0	0	0	4	0	0	0	0	0	0	0	0	0	0	0	0	0	0	69	0	0	0	0	30	16
0e43a5ae231c465cac40fead7eb4f508	88	0	0	0	0	0	31	0	0	0	0	0	0	0	0	0	0	0	0	0	0	0	0	0	0	0	0
7a34943a25778b88caa26212d23df1c9	0	0	0	0	0	0	0	0	0	2	0	0	0	19	0	0	0	0	0	0	51	0	20	0	25	0	0
05e6f0c7be392dabdf7361d575a66819	43	0	0	0	0	0	74	0	0	0	0	0	0	0	0	0	0	0	0	0	0	0	0	0	0	0	0
556c3d1034e2eec13db898aa075da658	0	0	0	0	0	0	0	0	0	0	0	0	0	0	0	0	0	0	13	19	39	0	0	6	4	14	22
88ce6cce0aa9121b8e8e254a487f6ac2	0	0	0	0	0	0	0	0	0	0	0	0	0	0	0	0	0	0	0	47	15	0	0	0	23	12	19
7362889680861045171848cc29118174	0	0	0	0	0	19	0	0	0	0	0	0	0	0	0	53	9	34	0	0	0	0	0	0	0	0	0
aa6b85034939de8fc7aa9640914b3b01	0	0	0	0	0	0	0	0	0	0	0	0	0	0	0	0	0	0	0	0	0	0	0	0	115	0	0
32982af14a72d3056a596a476694b112	0	16	0	0	0	0	0	0	0	0	0	0	0	0	0	0	0	0	0	0	24	0	0	0	0	24	50
c2a3d76758f164ed71da2dd915cdbd37	0	0	0	0	0	0	0	0	0	0	0	0	0	0	0	0	0	0	30	0	0	20	0	0	0	16	48
89c76625e45ab0499f29cc2dc2beb69c	0	0	0	0	0	0	0	0	0	0	0	0	0	0	0	0	0	0	5	0	7	52	6	11	20	3	10
580af75f0884ad9152e580e8f940a889	15	0	0	4	8	16	0	8	0	4	12	16	0	0	5	0	0	7	0	0	0	0	0	14	0	5	0
1c2b8892a0d7f828d72808cd01cfd199	0	0	0	3	0	0	0	0	0	0	0	0	0	0	0	0	0	8	8	17	11	23	8	0	8	5	23
77e31bccffbac2b4ea90e695be65d0d5	3	0	0	4	0	20	0	2	0	4	10	4	0	0	8	16	7	22	14	0	0	0	0	0	0	0	0
6815f1f2c2d38299f363940f8e312c3c	0	0	0	0	0	0	0	3	0	0	0	0	0	0	0	0	0	0	0	0	0	82	0	0	20	0	8
032899f13bc0c41bf99f11e19f149dce	0	0	0	6	0	5	0	0	0	11	0	0	0	3	0	3	0	7	6	13	4	7	20	2	6	15	5
c6275d6373d2bb6304760cb609f54f68	0	0	0	0	0	0	0	0	0	2	0	2	0	0	0	0	0	3	4	5	13	19	4	23	5	33	0
e02e62f52ae5b6ad31148f0f1639004f	0	0	0	0	0	0	0	0	0	0	19	0	0	93	0	0	0	0	0	0	0	0	0	0	0	0	0
c69962aad1a56cd7400314f370f6e8ba	3	5	4	17	4	0	3	0	0	17	8	9	0	0	4	0	7	7	0	0	0	10	9	5	0	0	0
4e6daac78aba56d068b542be2ae2be6a	0	0	0	0	0	38	0	0	0	0	0	0	0	0	8	17	0	0	0	0	0	0	0	0	0	48	0
c757ad670c5d796cb866c941c62c4e33	0	0	0	0	13	0	0	0	0	0	93	0	0	0	0	0	5	0	0	0	0	0	0	0	0	0	0
6fd05e11fe57bb5ba9fd3b0fdd8b80f1	0	0	9	0	0	0	0	0	102	0	0	0	0	0	0	0	0	0	0	0	0	0	0	0	0	0	0
fd4df754d86be49bd629a82ee124ae11	0	0	0	0	0	0	0	0	0	0	0	0	0	0	0	0	0	0	73	0	38	0	0	0	0	0	0
abb3d31ed1c1f986ddb94d51af8e67ef	40	0	0	0	0	29	29	0	0	0	0	0	0	0	0	0	13	0	0	0	0	0	0	0	0	0	0
2c3aa33cdb42e74c823f60b98a89d4e6	2	0	0	6	0	10	0	6	0	5	0	5	0	0	0	20	3	35	0	0	0	0	0	0	0	19	0
906a94963ab31008c88d50e34837e105	110	0	0	0	0	0	0	0	0	0	0	0	0	0	0	0	0	0	0	0	0	0	0	0	0	0	0
a088b189e45f8f5c38cc891834db8035	0	0	0	0	0	0	0	0	0	0	0	0	0	0	0	0	0	0	0	40	0	0	0	15	0	3	52
2b3e3f7cf214cb5c2056486c550b3cb5	60	0	0	0	0	0	49	0	0	0	0	0	0	0	0	0	0	0	0	0	0	0	0	0	0	0	0
c24525e8eccad35e27387f77998cbd04	0	0	0	0	0	0	0	0	0	0	0	0	0	0	0	0	0	0	42	26	11	0	0	0	4	26	0
37762c5e9b1d5a5233d6caeef3660d6a	28	0	0	0	0	0	15	0	0	0	0	0	0	0	0	0	0	0	0	14	0	17	0	0	0	19	15
f1ad09aa94c9f8d8c3aadb4d2c8e44c2	0	0	0	0	0	0	0	0	0	0	0	0	0	108	0	0	0	0	0	0	0	0	0	0	0	0	0
443cbb31543da9477f5472d3e3b7898d	0	0	0	0	0	4	0	0	0	16	0	0	0	0	0	0	0	0	8	0	44	0	0	7	0	18	11
6797a25a8dfdb4774d859b8844087411	0	0	0	0	0	0	0	0	0	0	0	0	0	0	0	0	0	0	0	0	0	67	0	0	41	0	0
320cc9384b1283db942818bad1d86db0	0	5	0	0	0	3	0	0	0	0	0	3	0	0	0	0	0	0	0	0	56	0	0	0	27	13	0
ddfd49f939f92958b1ec816741055348	0	0	0	0	0	0	0	0	0	42	0	34	0	0	0	0	0	24	0	0	0	7	0	0	0	0	0
4dc0cae882161c9c6b83ee6bfa5b485b	0	5	0	0	0	8	0	0	0	0	0	0	0	0	24	0	0	0	23	0	0	0	21	0	8	17	0
be020e867b6fd143d66bdd28c99aa255	0	0	0	0	0	0	0	4	0	0	0	0	0	0	0	0	0	0	6	0	26	10	0	7	0	16	37
9dd6ddbd8ae7f56f835d14151d843e7b	33	0	0	0	0	0	14	0	0	0	19	0	0	2	0	0	0	0	0	0	37	0	0	0	0	0	0
f2d7d57cf91b34842016b3eac21a2f9d	0	0	0	3	0	18	0	11	0	0	3	0	0	0	0	0	0	10	8	0	18	0	17	7	0	0	10
0d9a85a8f16a66d5dc0e5eacea0c4d39	0	0	0	0	0	0	0	0	0	0	0	0	0	0	0	0	0	0	25	35	0	0	0	0	0	45	0
649f026cd615015b1c0f8e760d309122	0	7	0	0	0	0	0	0	0	0	0	0	0	0	0	0	0	0	16	11	34	7	7	9	0	0	14
8c45d6dd71022de8cedfa07abbd65788	0	0	0	0	0	5	0	0	0	0	0	0	0	0	0	2	0	6	9	22	18	0	0	6	0	23	14
c5584eb90fd4265eb2e5ecbad9a1e309	0	0	0	0	0	10	0	0	0	0	0	48	0	0	0	19	0	27	0	0	0	0	0	0	0	0	0
d2534f598d640616d9fe4cfb5ef9624a	0	4	0	0	0	0	0	0	0	0	0	0	0	0	0	0	0	0	0	0	0	45	55	0	0	0	0
8d86c76119abb8cee5563d24dfd5019c	0	0	0	0	9	0	4	9	0	0	0	0	0	0	0	0	0	0	0	0	0	33	38	0	11	0	0
56d37d5bf0c2169e087e1488886eefde	0	0	0	0	0	0	0	0	0	0	0	0	0	0	0	0	0	0	0	0	93	0	11	0	0	0	0
d0c787f177dccc8f247649354da0273e	0	0	0	0	0	0	0	0	0	0	0	0	0	0	0	0	0	0	0	0	31	0	0	2	0	55	16
58e3afab2df02845e8c8559084613fb6	0	0	0	0	0	0	0	0	0	0	0	0	0	0	0	0	0	0	0	0	0	0	0	0	0	103	0
f04a2d7063257d451dee16f014b55e63	0	0	0	0	0	0	0	0	0	0	0	0	0	0	0	0	0	0	4	0	19	0	0	21	0	37	22
3bd636495ea065c51147a06fef77565b	0	0	0	0	0	0	0	0	0	0	0	19	0	0	0	52	0	0	6	0	0	0	0	11	0	15	0
88f494e2de834afcbe9772bcef429783	0	0	0	0	0	0	0	0	0	0	0	0	0	0	0	0	0	0	0	0	0	0	0	0	0	103	0
af44dfe01d63277c0c8f6322dc837719	0	0	0	0	0	0	0	0	0	10	0	0	0	0	0	0	0	0	17	16	0	11	0	28	0	21	0
667f95fe0760f71f9a6201767fc41b60	0	0	0	0	0	6	0	0	0	0	0	2	0	0	0	5	0	7	34	0	0	0	2	20	3	20	3
d45d7276f4fc06b841467886e301fbbe	0	0	0	0	0	8	0	6	0	0	0	0	0	0	12	9	7	45	0	0	15	0	0	0	0	0	0
1c9feadb0e7f79681bb1ab0d9559ddcb	0	0	102	0	0	0	0	0	0	0	0	0	0	0	0	0	0	0	0	0	0	0	0	0	0	0	0
d31ad72aeb14ee971ee067a2333cf290	0	0	0	0	0	8	0	0	0	0	0	0	0	0	0	0	0	13	0	0	19	15	0	21	9	11	6
fbabab2632e34b44615d1ff0bd7a1d81	0	0	0	0	0	0	7	0	0	20	0	0	0	0	0	0	0	0	0	0	0	0	0	0	36	0	38
9fc4f79ba0c4730ce9e833a566a1c088	0	0	0	0	0	0	0	0	0	0	0	6	0	0	0	11	0	0	0	14	0	0	0	12	0	40	18
d60366fe7489b96198458b63edc083d7	6	0	0	0	10	0	0	0	0	0	77	0	0	0	0	0	8	0	0	0	0	0	0	0	0	0	0
77dae89f06ee13745350b1d35399d726	0	0	0	0	0	0	0	0	0	0	0	0	0	0	0	0	0	3	0	0	0	9	0	44	5	3	37
32167752e327f227dbb2a4e4fdcebe9a	0	0	0	0	0	0	0	0	0	0	0	0	0	0	0	0	0	0	0	19	0	0	31	0	32	0	19
0f7d8e4943025b061ee0dd5580a9a49a	0	0	0	0	0	0	0	0	0	0	0	0	0	0	0	0	0	0	0	23	0	29	0	0	21	27	0
072232ff8ef32e96c17d16bbd2018ea2	30	0	0	0	6	0	0	0	21	0	5	0	0	0	38	0	0	0	0	0	0	0	0	0	0	0	0
508e4d4db7e2c0220a19fafa294e0670	0	0	0	0	0	9	0	0	0	5	0	0	0	0	0	0	12	0	5	8	16	0	10	4	0	9	22
cec149633e0b0da85f255e25176e291b	0	0	0	0	0	0	0	0	0	0	0	0	0	0	0	0	0	0	0	20	0	37	7	0	29	0	7
ec1d103f66d06bf61cf3cf6d9bcf8e52	0	0	0	0	0	0	0	0	0	4	0	0	0	9	0	0	0	0	6	23	16	0	4	0	0	20	18
6a354927dbf4bf2f90df7c6a9c23fed3	0	0	0	0	0	0	0	0	0	0	0	0	0	0	0	0	0	3	4	0	0	19	0	13	46	14	0
d3a5ff055babaeeea425e69e726c5255	80	0	0	0	0	0	19	0	0	0	0	0	0	0	0	0	0	0	0	0	0	0	0	0	0	0	0
ee2312733dbdbce8f1ca93190e4210e1	0	0	0	0	0	0	0	0	0	0	0	0	0	0	0	0	0	0	0	0	0	46	0	22	31	0	0
e6dd8c401e4392a0cfb65bbce7dc41f4	0	0	0	0	0	0	0	0	0	0	18	0	0	0	22	0	0	0	0	0	0	22	0	10	0	26	0
fb310105c72970579faa48a7a322607c	0	0	0	0	0	0	0	0	0	0	22	0	0	76	0	0	0	0	0	0	0	0	0	0	0	0	0
4d72c18203f41a91388b636fc92661a6	0	0	0	0	0	0	5	0	0	0	27	0	0	0	46	0	20	0	0	0	0	0	0	0	0	0	0
1a6fad231642f9d9cd107940918e03c1	0	0	0	0	0	0	0	0	0	0	0	0	0	0	0	0	0	0	0	0	48	0	0	0	18	31	0
863bdf557383a4a484636dfd0f7224e6	0	0	0	0	0	0	0	0	0	0	0	0	0	0	0	0	0	0	0	0	31	0	0	0	66	0	0
efa51a1718eac050e16ef3ec604e3c61	12	0	0	2	16	7	0	0	0	0	22	0	0	0	5	0	5	0	0	12	0	0	4	0	12	0	0
e3b25121e44dbfd056e41fd54c6df814	0	0	0	0	0	0	0	0	0	0	96	0	0	0	0	0	0	0	0	0	0	0	0	0	0	0	0
27ec05c431a025fda07b2a8e37f2bf93	0	0	0	0	0	0	0	0	0	0	0	0	0	0	0	0	0	0	0	0	0	50	0	0	20	0	26
129ef8665d470f7e31e3ddbdb6dd47b4	0	0	0	0	0	0	0	0	0	0	0	0	0	0	0	0	0	0	3	0	6	29	20	8	29	0	0
d8b62aa17ccf107f192abf242452db50	59	0	0	0	0	0	30	0	0	0	0	0	0	0	0	0	0	0	0	0	0	6	0	0	0	0	0
ad9e0017fee8f1eaaf3c142b2c9fa459	0	0	0	0	0	0	0	0	0	0	0	0	0	5	0	0	0	0	9	19	25	0	8	0	12	17	0
19ea34eba18e85f90f1c035f1f190c8c	0	0	0	0	0	0	0	0	0	0	0	0	0	0	0	0	0	0	0	0	23	0	12	18	14	28	0
330bfd0f6aa329b6004a231c38608d9f	0	0	6	0	9	0	65	0	0	0	15	0	0	0	0	0	0	0	0	0	0	0	0	0	0	0	0
e5c19d7800b18015f3a917fc015fc42f	0	10	0	0	0	0	10	15	2	34	0	0	0	0	0	0	0	18	0	0	0	0	0	4	2	0	0
7e7deb01f0491d33ecb87427fcbeb1ee	0	0	0	0	0	0	0	0	0	0	0	0	0	0	0	0	10	0	0	16	0	0	0	0	26	18	24
e9ee39eae2ac132bf9d045273710d650	28	0	0	0	18	0	0	0	0	0	30	0	0	0	18	0	0	0	0	0	0	0	0	0	0	0	0
47eca8b5759f3f08f4506822d0eebe39	0	0	19	0	0	58	0	0	0	0	0	0	17	0	0	0	0	0	0	0	0	0	0	0	0	0	0
4f622d5018294681285a5739df9df335	32	0	0	0	0	0	0	0	0	0	0	0	0	0	0	0	0	0	0	0	0	0	0	0	0	62	0
904d36b45e84d5f17d1df556ad36d198	0	0	0	0	0	0	0	0	0	0	0	0	0	0	0	0	0	0	0	25	0	27	0	22	19	0	0
07493e47c807578642d9d22048593857	0	0	0	0	0	0	0	0	0	0	0	0	0	0	0	0	0	0	93	0	0	0	0	0	0	0	0
34b262693d693a0cbf5d81d87ea6cdc3	0	0	0	0	0	11	0	0	0	10	0	7	0	0	0	0	0	27	0	0	21	0	0	0	0	0	17
1713ee6e69b4be9b82bb77cdbbae12b8	0	0	0	0	0	0	0	0	0	0	0	0	0	0	0	0	0	0	25	0	0	11	22	12	22	0	0
97fdbe6b77e7bb0533c38185bb40fa37	0	0	0	0	0	0	0	0	64	0	0	0	26	0	0	2	0	0	0	0	0	0	0	0	0	0	0
3ad26301519a8845c76f36d0ba646a87	19	0	0	3	0	19	0	8	0	0	0	2	0	0	27	3	0	4	0	0	0	2	0	0	0	5	0
b3c43d789de27c917d1c11cb40b55629	0	0	0	6	4	16	0	17	0	2	0	4	0	0	0	19	3	21	0	0	0	0	0	0	0	0	0
4fd882aeb3cf167f5968306caca024da	8	0	0	13	0	3	0	0	0	0	0	0	0	0	43	0	0	0	0	0	16	0	0	0	0	8	0
19cbe65e9f3c51fb9108e01d82f2caa2	34	0	0	0	0	0	0	0	0	0	0	0	0	0	11	0	0	0	0	0	0	0	0	0	0	46	0
6ea9472deca150f97a7bcfe87126d9b9	0	0	0	0	0	0	0	0	0	0	2	0	0	0	0	0	0	0	16	15	14	0	0	0	0	14	30
479cf964c5863e500eba16841790df5d	0	0	0	0	0	0	0	0	90	0	0	0	0	0	0	0	0	0	0	0	0	0	0	0	0	0	0
97eb5bfddf2cfed5231c1b5d16b1e2d9	0	0	0	0	0	0	0	0	0	0	0	0	0	0	0	0	0	0	0	0	0	90	0	0	0	0	0
5e60096533a8f18bddd8aa73f0afe294	13	0	0	0	63	0	0	0	0	0	13	0	0	0	0	0	0	0	0	0	0	0	0	0	0	0	0
5c437a80f8c839520d835b5699ec7bf8	0	0	89	0	0	0	0	0	0	0	0	0	0	0	0	0	0	0	0	0	0	0	0	0	0	0	0
f905d0f17f24176a0d1d7905d3e81e47	57	0	0	0	0	0	0	0	0	0	0	0	0	0	31	0	0	0	0	0	0	0	0	0	0	0	0
38f0c358f69c2812f607221459e7dd9e	0	0	0	0	2	0	0	0	0	6	0	0	0	0	0	7	0	15	0	0	29	0	11	0	0	0	18
fd114ad6491bbfce6cc14cfaba316b67	0	0	0	0	0	0	0	0	0	0	0	0	0	0	0	0	0	0	0	0	0	47	18	0	23	0	0
a61ee78f47a62b26743ab3e11ceccc41	0	0	0	0	0	0	0	0	0	0	0	0	0	0	0	0	0	0	0	0	34	0	0	0	0	21	32
b10fc61d4def751293904da8b06a77e9	12	0	10	0	0	0	0	0	21	0	33	0	0	0	0	0	11	0	0	0	0	0	0	0	0	0	0
327a8d99f6c4f1489324a3d55627ae86	17	0	0	0	0	0	0	0	0	0	0	0	0	0	0	0	10	0	0	0	0	0	0	0	59	0	0
78e76042551994989f474c9e375777f0	0	0	0	0	0	0	0	0	0	0	0	0	0	0	0	0	0	0	0	37	15	21	0	0	0	13	0
112946ab336062faa6b206d39f22790c	0	0	0	0	0	0	0	2	0	0	0	0	0	0	0	0	0	0	0	42	0	0	0	2	5	4	31
2b3b7aa722da0af38e3b78423e683c59	39	0	0	0	0	3	0	0	0	3	0	0	0	0	22	0	0	0	0	6	12	0	0	0	0	0	0
81703e7ea9070f5db356c359ddd4731e	44	0	0	0	0	0	38	0	0	0	3	0	0	0	0	0	0	0	0	0	0	0	0	0	0	0	0
83bfcfd2290b7c4261e0cbdcc96c0b97	0	0	0	0	0	0	0	0	0	0	0	0	0	0	0	0	0	0	0	53	0	0	0	0	0	0	32
9fa6193b5168ade620b5f09a51e463a4	0	0	0	0	0	0	0	0	0	0	11	0	0	0	10	0	0	5	0	16	5	0	11	0	0	0	27
0b3d627ed430a03782c59b859dab9d67	0	0	0	0	0	0	0	0	0	0	0	0	0	0	0	0	0	0	0	0	0	0	44	0	41	0	0
c8fefa2ab95af89ae9d203827eeaf764	0	0	0	0	0	0	0	0	0	6	0	0	0	0	33	0	0	45	0	0	0	0	0	0	0	0	0
887ad3a1d2f971207bbb1821860b2ae0	0	0	0	3	7	8	0	0	0	11	6	3	0	0	24	3	0	6	0	0	0	0	0	7	0	0	6
b530481232bb8534bf74627c42437b4f	0	0	0	0	0	8	0	0	0	0	0	0	0	0	30	4	4	11	5	0	2	0	0	20	0	0	0
6fa14f70b44f6de870d45c0e905c45fe	0	0	0	0	0	0	0	0	0	0	0	0	0	0	0	0	0	0	0	0	0	39	15	0	30	0	0
696f621fb1b75f2c2e7f1659578eed86	8	4	0	5	3	0	0	17	0	6	12	21	0	0	5	0	2	0	0	0	0	0	0	0	0	0	0
712acd7ca4d797b6a3d45445f853a63d	0	0	0	5	3	5	8	0	0	0	17	0	0	0	0	0	0	8	0	9	5	8	0	0	0	0	15
a537d8bab85c83b0e74c73c55790324b	0	0	0	0	0	0	0	0	58	0	0	0	25	0	0	0	0	0	0	0	0	0	0	0	0	0	0
034d74bc4d1ed738149e585e0919e684	0	0	0	0	0	0	0	0	0	0	0	33	0	0	0	0	0	50	0	0	0	0	0	0	0	0	0
58233cde931d4317c4aec4e9d3ad14f3	0	0	0	0	0	48	0	0	0	0	0	0	0	0	0	0	0	11	0	0	16	0	0	0	0	8	0
55753c7b0a8c79535658c7e5d16e2caa	0	0	0	0	0	0	0	0	0	0	0	0	0	0	0	0	0	0	0	32	23	27	0	0	0	0	0
53ca06737199ee3678325edb8269c6a0	0	0	0	0	0	0	0	0	0	0	0	0	0	0	0	4	0	0	14	15	14	0	0	0	9	13	13
54ba7789bea27e4291f32c4f51018228	10	0	0	0	5	8	0	0	7	0	0	0	0	0	52	0	0	0	0	0	0	0	0	0	0	0	0
0400d1e8e26f32e6f279f5b734bb7972	0	5	0	0	0	0	0	6	0	3	0	0	0	0	0	23	0	19	3	0	0	0	0	10	7	6	0
e9430eb4536e2d2615fd906f12c86712	28	0	0	0	9	0	10	0	0	0	20	0	0	0	13	0	2	0	0	0	0	0	0	0	0	0	0
c7f531ca11ee03bb33db53a3f61c53e4	0	0	0	0	0	0	0	0	0	0	0	0	0	0	0	0	0	0	0	22	14	10	3	4	8	6	15
ea4317d7222c2b5526d500d503663459	0	0	0	0	0	0	0	0	0	0	0	0	0	0	0	0	0	0	12	16	11	7	0	8	6	18	3
ef08764cb030535660449e8c92b6e1a6	40	0	0	0	0	0	0	0	0	0	0	0	0	0	5	4	0	2	0	0	10	9	0	0	0	11	0
33cd0c133837d614ac29262c17209759	0	0	0	0	0	13	0	0	0	0	16	0	0	0	0	0	0	0	0	0	0	0	0	0	10	42	0
b8db216bac222b6c0f5b367eef12edfa	0	0	0	0	0	0	0	0	0	15	0	0	0	3	0	0	0	47	0	0	6	0	0	0	0	6	4
5183d97b2862d0ab4cacfd081ab5d0fe	0	0	0	0	0	0	0	0	0	0	0	0	0	0	0	0	0	0	16	9	0	11	6	0	7	32	0
0ee1f864d597a4fdbd19655ecc15bedd	0	28	0	0	3	0	0	0	0	0	8	0	0	0	10	15	7	10	0	0	0	0	0	0	0	0	0
35178cff51edd15175754db00650dddb	0	0	0	0	0	0	0	0	0	0	0	18	0	0	0	0	0	0	0	0	0	0	0	0	0	63	0
2b71e237c98a652e2ac0c74effe039fd	0	11	0	4	4	16	0	7	0	2	6	0	0	0	0	8	9	14	0	0	0	0	0	0	0	0	0
53bb494af281e28bd6384a3204b9e782	0	0	0	0	0	0	0	0	0	0	0	0	0	0	0	0	0	3	12	8	36	9	0	0	3	0	9
d1fab8bc86502174bd144adb087a852e	0	0	0	0	0	0	0	0	0	0	0	0	0	0	0	0	0	0	4	31	9	4	0	0	0	10	22
1c529c940c6d5a2ab0b380800d2efef0	0	0	0	25	0	0	0	0	0	24	0	0	0	0	0	0	0	31	0	0	0	0	0	0	0	0	0
0a235150df1d7cb6f3c0160667ab4154	0	16	0	17	0	12	0	0	0	8	0	0	0	0	0	0	0	16	0	0	0	0	0	0	0	11	0
790d6e02538d0700ac71d369d24e6b1b	0	0	0	0	0	0	0	0	0	0	0	0	0	0	0	0	0	0	0	59	7	3	0	0	0	4	7
de12a9a4b8be3995816194f3492ff412	0	0	0	0	0	0	0	0	0	0	0	0	0	3	0	3	0	0	9	29	10	0	0	0	0	18	8
7987aaa1343fa88df0c87e81b3f26c41	36	0	0	0	0	0	43	0	0	0	0	0	0	0	0	0	0	0	0	0	0	0	0	0	0	0	0
9bfb49517c51888bc60a67ae9b21803d	0	0	0	0	0	0	0	0	0	8	0	0	0	0	0	0	0	0	0	0	30	16	10	0	0	0	15
c0997e0878c134708b5e61fa3dd0cace	0	27	0	0	0	0	0	0	0	0	0	0	0	0	0	0	0	52	0	0	0	0	0	0	0	0	0
db10cab23a4573e662e1080904a2f285	0	0	0	0	0	0	0	0	0	0	0	0	0	0	0	0	0	0	0	34	0	14	7	0	17	7	0
7fa5b852c14ad396b7c33bcc884f41dd	5	0	0	4	0	0	0	0	5	0	7	8	0	5	0	13	0	0	0	7	8	0	0	6	6	4	0
fb23b0ce92bbf8096506560aad696a3c	32	0	0	2	0	0	33	0	0	0	0	0	0	0	0	0	0	0	6	0	0	0	0	0	5	0	0
a5e5c4d08259c1662cddfb916c0c958d	7	0	0	0	0	0	11	0	0	0	0	0	0	0	10	0	19	14	0	0	0	7	0	10	0	0	0
9d65a3c57ba9c8c75dc0527d97148154	0	0	0	0	0	0	0	0	0	0	0	39	0	25	0	0	0	0	0	0	0	14	0	0	0	0	0
14716609a6cdc788d854c017e33c8de5	0	0	0	0	0	0	0	0	0	0	0	0	0	0	0	0	0	0	0	24	0	18	0	32	4	0	0
6661d9914649912498a60a53c8f0fe43	0	0	0	0	0	0	30	0	0	0	0	0	0	0	0	0	0	0	0	0	0	47	0	0	0	0	0
cafd370854e7f4e50694dc948bc3f853	22	0	0	0	27	0	0	0	0	0	28	0	0	0	0	0	0	0	0	0	0	0	0	0	0	0	0
772374886f69d122dd4bb88d503d5a0b	0	0	0	0	0	0	0	3	0	0	0	0	0	0	0	0	0	0	8	9	0	13	0	28	16	0	0
916adc5619fafc4705b3e937d5b00c6f	0	0	0	0	77	0	0	0	0	0	0	0	0	0	0	0	0	0	0	0	0	0	0	0	0	0	0
bbca67ab12c6af8f55001044f226a282	72	0	0	0	0	0	0	0	0	0	0	0	0	0	0	0	0	0	0	0	0	5	0	0	0	0	0
b318c42723a899f880b6c4d202550237	0	0	0	4	0	0	0	0	0	14	0	0	0	0	0	8	0	15	0	0	8	21	0	6	0	0	0
5483883d288edbb58b4e3376b6dd87b1	0	0	0	0	0	0	0	0	0	0	0	0	0	0	0	0	0	0	0	0	27	0	0	0	0	23	26
2bd79804ec25f3151f8ec3f31c842dd0	0	0	0	0	0	0	0	0	0	0	0	0	0	0	0	0	0	0	0	0	51	0	0	0	0	25	0
39efc1ae8824d9bd6cbebea027efdd6d	0	0	0	0	0	0	0	0	0	0	0	0	0	0	0	0	0	0	17	0	0	7	0	0	4	45	3
8f5368661c9d51836d2da12bc4ee08df	5	0	0	0	0	0	0	8	0	0	18	0	0	0	9	6	18	2	0	0	4	0	0	6	0	0	0
ff66b771cf24ac801cd8e74b446791a6	0	0	0	0	0	0	0	0	0	0	0	0	0	0	0	0	0	4	0	0	0	15	19	0	0	13	24
f9d8300198dbe2b55445a8f8a7a1e1e9	0	0	12	0	0	0	22	0	0	0	11	0	0	0	0	13	0	0	0	0	0	0	0	0	0	17	0
945184b6386c192c0066e0a98a154780	5	0	23	0	11	0	0	16	9	0	0	0	0	0	6	0	0	0	0	0	5	0	0	0	0	0	0
bb286c96101b73e1bb46d5ff9b9da229	0	0	0	0	0	0	0	0	0	0	0	0	0	0	0	0	0	0	0	13	10	0	9	12	0	14	17
60be511662c5e56ef65820597b6b9e20	0	0	0	0	0	0	0	0	0	0	0	0	0	0	0	20	0	0	0	21	33	0	0	0	0	0	0
b701af8d98ca714dab16ab6724bb631a	0	0	0	0	0	0	0	0	0	0	0	0	0	9	0	0	13	10	0	0	0	14	0	0	13	0	15
6c561c59c84d61ce5f4036074028dbca	0	0	0	0	0	0	0	0	0	0	0	0	0	0	0	0	0	0	0	0	0	33	14	0	27	0	0
649f0a98cf443b876a79b397926be564	0	0	0	0	0	0	0	0	0	0	0	0	0	0	0	6	0	0	0	0	0	0	37	31	0	0	0
d295b9a63b6148b9f4663819da1c914b	0	0	0	0	0	0	0	0	0	17	36	0	0	0	0	0	0	0	0	0	0	0	0	0	21	0	0
102fc16adc262f00c457357b35540be5	0	0	0	0	0	0	0	0	0	0	0	0	0	0	0	0	0	0	2	0	0	31	13	0	19	0	9
d7df8a68ccfac5afb8ff817e0f532385	0	0	0	0	0	0	0	0	0	0	0	0	0	12	0	0	0	0	6	10	16	0	0	0	6	9	15
ad9cc38b5ccf51413138567ba4f60b42	0	11	0	0	0	39	0	0	0	4	0	0	0	0	0	0	0	4	3	0	8	0	0	0	0	4	0
83f2c0a30b6e4bb1eb14dda453e116f8	0	0	0	2	0	0	0	0	0	0	0	0	0	0	0	0	3	0	0	0	30	19	3	3	2	0	11
c8477ca6ad35ab48d7f79346c09c1fc8	0	0	0	0	0	0	0	0	0	0	0	0	73	0	0	0	0	0	0	0	0	0	0	0	0	0	0
315fae925226ac44af01d992c1732f74	0	0	0	7	0	0	0	0	0	0	0	0	0	0	0	0	0	0	16	25	0	0	0	0	0	0	25
fec6d4dcc3b1bc1c2d7e1de17b5442d8	0	0	0	0	32	0	0	0	0	0	30	0	0	0	0	0	10	0	0	0	0	0	0	0	0	0	0
8b34a818653af6277c46e16825334edd	7	0	0	0	0	14	0	0	0	0	10	4	0	0	0	3	0	25	0	0	0	0	0	0	0	9	0
214496ebb8360b204e3f3a03d8641287	0	0	0	0	0	0	0	0	0	0	0	0	0	0	0	0	0	0	0	0	30	0	0	0	0	14	27
d4531e60bc6de54c5eb09e54d2264553	0	0	0	0	0	0	0	0	0	0	0	0	0	0	0	0	0	0	0	8	6	0	0	4	0	44	9
aeaa240921a1eded3ed36af080afaf6a	0	0	0	0	0	0	0	14	0	0	0	0	0	0	56	0	0	0	0	0	0	0	0	0	0	0	0
c100666cd6c73b060c39549a6e31b798	25	0	0	0	0	0	0	11	0	0	0	0	0	0	12	0	0	0	17	5	0	0	0	0	0	0	0
db28c3826c685c75e7d3d5e7de1474a5	0	0	0	0	0	0	0	0	0	0	0	0	0	0	0	0	0	0	0	23	0	0	18	0	0	0	29
cc3cdd2ff9769ffe23e1c9cb097e0af8	0	0	0	0	0	0	0	0	0	35	0	11	0	0	0	0	0	24	0	0	0	0	0	0	0	0	0
2f7db29d89aa3dce7453fcc7348598e9	0	0	0	0	0	0	0	0	43	0	0	0	0	0	0	0	0	0	0	0	0	0	0	0	0	27	0
e193fca37f6107aebe91cc968fdcec83	0	0	0	0	0	0	0	0	0	0	0	0	0	0	0	19	0	0	13	38	0	0	0	0	0	0	0
63f6feb8129502afd0ea246b2fec0692	0	0	0	0	0	0	0	0	0	0	0	0	0	0	0	0	0	0	0	35	11	0	0	4	0	10	10
396cc69217c9a6fb253a45860cafee90	0	0	0	0	0	0	0	0	0	0	0	0	0	0	0	0	0	0	0	0	0	31	0	0	20	0	19
455583c58f3be96da796601c23e0215d	0	0	0	0	0	0	0	0	0	0	0	0	0	0	0	0	0	0	12	0	0	9	19	7	12	10	0
a4d1b250946c385c4300951e52f8cbc0	42	0	0	0	0	0	20	7	0	0	0	0	0	0	0	0	0	0	0	0	0	0	0	0	0	0	0
d71daaac8e969973bdcb093d80cb2120	0	0	0	0	0	19	0	0	0	0	0	0	0	0	0	0	0	18	0	0	0	0	12	0	20	0	0
c592556e045456a6544b20cee68cc1e1	0	0	0	3	0	5	0	6	0	0	0	0	0	0	0	0	0	3	0	6	12	6	0	0	11	0	17
978c27cbb78eb2aca295592b8c09aaa4	0	0	69	0	0	0	0	0	0	0	0	0	0	0	0	0	0	0	0	0	0	0	0	0	0	0	0
dc17a99d06059905b9fe7239b0b6072a	0	0	0	0	0	0	0	0	0	0	0	0	0	0	0	0	0	0	0	18	14	0	0	12	9	8	8
186e0273f63542e570e775330b76767c	0	0	0	0	0	0	0	0	0	0	0	0	0	0	0	0	0	3	0	0	0	36	0	0	0	0	30
08587b58a840186d4040620634a821f3	14	0	0	0	0	0	0	0	0	0	15	0	0	0	40	0	0	0	0	0	0	0	0	0	0	0	0
95212d298113d275405121d5d8e7b00c	0	0	0	0	0	0	0	0	0	0	0	0	0	0	0	0	0	0	0	0	0	0	0	43	0	0	25
c9c2f0b506e30b9ff7c71dad4e273360	0	0	0	0	0	0	0	0	0	0	0	0	0	0	0	0	0	0	0	0	0	23	45	0	0	0	0
3ed9b5dbe1ffe3a29b951fa8bc5fc2c8	0	0	0	0	0	0	0	0	0	0	0	0	0	0	0	0	0	0	0	0	18	0	0	31	19	0	0
04ecfad5772d2e09a84a0f5ef460536c	7	0	0	0	0	0	0	0	5	0	0	0	13	0	0	0	0	0	4	10	6	13	0	10	0	0	0
f60808685f1ca8a9ef8ea61dd9bc035a	0	0	0	0	0	0	0	0	68	0	0	0	0	0	0	0	0	0	0	0	0	0	0	0	0	0	0
69179c4a6011d0c9d30036cf18626520	8	0	0	0	0	0	0	16	12	0	0	0	0	19	13	0	0	0	0	0	0	0	0	0	0	0	0
f97d65398de087db6605464327aa5eca	0	0	0	0	0	0	0	0	0	0	0	3	0	0	0	3	0	0	0	6	14	13	13	0	0	0	15
b4b7f13a286b1a9bf9bd4f2ba6af03b7	0	0	0	0	0	0	0	8	0	0	0	0	0	0	0	0	0	0	0	39	0	0	0	0	0	0	20
ca5b7ce0fa5567de1e53f3437df86fc9	0	0	0	0	0	0	0	0	0	0	0	0	0	0	0	0	0	0	0	4	10	38	0	12	0	0	3
3481fa43fe5fba6aecdc7f9aae6ed9c0	0	0	62	0	0	0	0	0	5	0	0	0	0	0	0	0	0	0	0	0	0	0	0	0	0	0	0
490739b5be0fa46ecd4d9d8b9f224415	0	0	0	0	0	0	0	0	0	2	0	0	0	0	0	0	0	0	0	0	23	0	0	0	6	21	15
b3a03f8fef2636afd5aacfe064c32ea0	0	0	0	0	0	0	4	0	58	0	0	0	0	0	0	0	4	0	0	0	0	0	0	0	0	0	0
fc344c3d65897b11c8304a2bdf3d623e	25	0	0	0	0	0	0	0	0	0	0	0	0	0	0	16	0	0	0	16	0	0	0	0	0	8	0
6bc4c75cda6d8b22b56a455fc591f5a7	0	0	0	0	0	0	0	0	0	0	0	0	0	0	0	0	0	0	0	0	0	0	0	0	0	65	0
a40afce056ab9f3074144b1015a2e39e	0	0	0	0	0	7	0	0	0	8	0	10	0	0	0	19	0	21	0	0	0	0	0	0	0	0	0
7ce8e176dbce4992c75ab9b798ad37dc	0	0	0	0	0	0	0	0	0	0	0	0	0	0	0	0	0	0	0	0	0	0	30	0	0	0	35
d8889747097266a8731c1a890e1378f2	0	0	0	0	0	0	0	0	0	0	0	0	0	0	0	0	0	0	0	10	10	15	0	9	0	9	12
5c6fb9f11bdab36f98730babf57fc14c	0	0	0	0	0	0	0	0	0	0	0	0	0	0	0	0	0	0	0	0	65	0	0	0	0	0	0
ef944207e872617beee3d1d9405369af	0	0	0	0	0	0	0	0	0	0	0	0	0	0	0	0	0	0	0	0	0	45	0	0	0	0	19
142f75d57f77f4cd2ed43c78b54cdce5	0	0	0	0	0	7	0	0	0	0	0	0	0	0	32	0	0	0	0	0	0	0	0	0	0	24	0
2b7ca6b5f534b9b23692f2330e266ec4	0	7	5	0	2	0	0	9	0	11	0	0	0	0	0	0	5	11	0	0	0	9	4	0	0	0	0
5715ae257ea8de07cca43aa863484aa0	0	0	0	0	0	0	0	0	0	0	0	0	0	0	0	0	0	0	0	0	0	0	20	0	43	0	0
6585f3f67b2080b20dd9d970bfd76132	0	0	0	0	0	0	0	9	0	10	0	0	0	0	0	0	0	0	0	0	0	14	13	0	0	0	17
d539fd7446baad21f16d35570ce78c41	0	0	0	0	0	0	0	0	0	0	0	0	0	0	0	0	0	0	14	21	0	17	0	0	11	0	0
01b68a73918ddbeb33c8a52479d04cc9	0	0	0	0	0	0	0	0	0	0	0	0	0	0	0	0	0	0	0	15	0	24	0	0	0	0	24
f46e3c903f2a40c5188574fcc2786c0a	0	0	0	0	0	0	0	0	0	0	0	0	0	0	0	0	0	0	0	5	0	0	2	47	5	0	4
c86494282fdca36d4bca1e87c942a5ee	0	0	0	0	0	0	0	0	0	0	0	0	0	0	0	0	0	0	0	14	9	12	0	0	13	0	15
3c0cdd40fd8071ed3f6adecf11b9c773	0	0	0	0	0	0	0	0	0	0	0	38	0	0	0	5	0	4	0	5	0	0	0	8	0	2	0
63eb15027711090a0a263be7532edebd	0	0	0	0	0	0	0	0	0	0	0	0	0	0	47	0	14	0	0	0	0	0	0	0	0	0	0
0ad5534180d222fdf48b87012bf04daf	5	0	0	0	16	0	0	0	0	0	12	0	0	0	28	0	0	0	0	0	0	0	0	0	0	0	0
cea2392101d58c24aeaa9975cce25839	0	0	0	0	0	0	0	0	0	0	0	0	0	0	0	0	0	0	0	0	9	22	0	0	22	8	0
15bf35ffe1f84b749ecc66c933d77bca	0	0	0	0	0	0	0	0	0	0	0	0	0	0	0	0	0	0	0	0	2	0	22	10	8	0	19
a381f0333e4b087bbf5bf606bcb0a631	27	0	0	0	0	0	33	0	0	0	0	0	0	0	0	0	0	0	0	0	0	0	0	0	0	0	0
33e5681d81c11baedc5f46c7b394484c	0	0	0	0	0	0	0	0	0	0	0	0	0	0	0	0	0	0	0	16	15	0	0	0	0	15	14
57cc612b2c98b7bf0b8ceb6b41156098	0	0	0	0	0	0	0	0	0	0	0	0	0	0	0	0	0	0	0	9	11	7	0	0	6	20	7
e20fe16bdee3e67cf3113697a667b6d3	0	0	0	0	0	0	0	0	0	0	0	0	60	0	0	0	0	0	0	0	0	0	0	0	0	0	0
ef3cc35551d31ae346136a5e8766e948	0	0	0	0	0	0	0	0	0	0	0	0	0	0	0	0	0	0	10	6	0	3	0	0	2	39	0
e72c96b667c8376e5f84a923516a62ad	49	0	0	0	0	0	10	0	0	0	0	0	0	0	0	0	0	0	0	0	0	0	0	0	0	0	0
43ec24bdd2e86ec97e06753520b20a8f	8	0	0	0	0	12	0	0	0	0	0	0	0	0	0	0	0	0	0	0	9	15	0	15	0	0	0
7200c4bdfefe29961136146f9617dbd9	0	0	0	0	0	22	0	9	0	0	5	0	0	0	0	8	0	0	5	0	0	0	10	0	0	0	0
43ad65c5550ef797639b96d41f715aa6	0	0	0	0	0	0	0	0	0	0	0	0	0	0	0	0	0	0	0	0	0	0	0	0	59	0	0
89029fb4ef1efbab0f2467710364571b	0	0	0	0	0	0	0	0	0	0	0	0	0	0	0	0	0	0	0	0	0	0	0	0	58	0	0
a26a8e32470b9d7ceeffb6c3970945e4	0	0	0	0	0	0	0	0	0	0	0	0	0	0	0	0	0	14	0	0	20	7	0	0	0	0	17
c2a787cf867ebfdce216002bcc8a94e1	0	0	0	0	0	0	0	0	0	0	0	0	58	0	0	0	0	0	0	0	0	0	0	0	0	0	0
06b16bfbf85f463f19e12e3facde0714	0	0	0	0	0	0	0	0	0	0	0	0	0	0	0	0	0	0	0	0	58	0	0	0	0	0	0
3ca83e2d41fd7513f49929ed5ddcfd7c	0	0	0	0	0	27	0	0	0	13	0	0	0	0	10	0	5	3	0	0	0	0	0	0	0	0	0
33fe4a497cfc5d142dbfef9952b1bdc6	0	0	0	0	0	0	0	0	0	0	0	0	0	0	0	0	0	0	6	0	3	0	0	0	10	38	0
f9d4444db1c7252b63a8fdfbe7c60210	0	0	0	0	0	0	0	0	0	0	0	0	0	0	0	0	0	0	0	0	0	34	12	11	0	0	0
377765a21e68c9d760d72a4b445fe6d3	39	0	0	0	0	0	8	0	0	0	0	0	0	0	10	0	0	0	0	0	0	0	0	0	0	0	0
be7131483e8a0d470670c485cb72af49	0	0	0	0	0	0	38	0	0	0	0	0	0	0	19	0	0	0	0	0	0	0	0	0	0	0	0
c1cc6b184d817c58b7c081b5665904cb	0	0	0	0	0	0	0	0	0	0	0	0	0	0	0	0	0	0	0	28	12	0	0	0	0	17	0
b9d1eafd559101a9e489b66e22a60d10	0	0	0	0	0	0	0	0	0	0	0	0	0	0	0	0	0	0	0	0	8	6	2	4	0	16	21
61a6ea35592798141273a0add4288c0b	0	0	0	0	0	12	0	4	0	25	4	6	0	0	0	0	0	6	0	0	0	0	0	0	0	0	0
0df50e0b509f8d0177c9f4911057106b	0	0	0	0	6	3	0	0	0	0	0	7	0	0	0	24	0	4	0	13	0	0	0	0	0	0	0
f2d4e9e8e9bc07e40b9d21ab8d86f4c9	39	0	0	0	0	0	18	0	0	0	0	0	0	0	0	0	0	0	0	0	0	0	0	0	0	0	0
d654bcff56e049515fe50834069dbad3	56	0	0	0	0	0	0	0	0	0	0	0	0	0	0	0	0	0	0	0	0	0	0	0	0	0	0
1e046bb4b737284bdbae0d7b21a6ddbe	0	0	0	0	0	0	0	0	0	0	5	0	0	0	4	0	0	0	0	3	0	25	0	0	9	5	5
1ea21c62c5f2741f918da2f4dee28258	0	0	0	0	0	0	0	0	0	0	0	0	0	0	0	0	0	0	0	31	0	0	0	0	25	0	0
4473ac847f597164696bc96da74ca753	5	11	7	0	0	0	14	0	0	13	0	0	0	0	6	0	0	0	0	0	0	0	0	0	0	0	0
2263819b0a762b359814815ba0e74efe	7	0	0	0	0	0	0	0	0	0	0	0	0	0	27	4	0	4	0	0	5	4	0	3	0	0	2
6fabe355004c86058723724ef29bad0b	25	0	0	0	0	0	27	0	0	0	4	0	0	0	0	0	0	0	0	0	0	0	0	0	0	0	0
cadab640e721ebedf3a98194c976aab3	0	0	0	0	0	0	0	0	0	7	0	0	0	0	0	0	0	7	20	0	0	0	0	22	0	0	0
655724c09214381456a8d7d80dae06a5	0	0	0	0	0	0	0	0	0	0	0	0	0	0	0	0	0	0	0	0	0	0	0	0	33	23	0
7402c6fd98e177d4694261a9dd23eac6	0	0	0	0	0	0	0	0	0	0	0	0	0	0	0	0	0	0	0	33	18	0	0	0	0	0	5
1e7bf616478874a7decdb6155d9810d1	19	0	0	0	0	0	7	0	0	0	0	0	0	0	0	0	0	0	0	0	0	0	0	0	0	16	14
385638f5d87079db86d36783f05598ab	3	0	0	3	2	20	0	5	0	0	0	0	0	0	0	0	0	16	6	0	0	0	0	0	0	0	0
392ef1132558e032511bdbedbf06a837	0	6	0	0	0	23	0	0	0	0	0	0	0	0	0	3	0	19	0	0	0	0	0	0	0	4	0
9ff167febb8e0ad312a0e5b38857b97e	0	0	0	0	0	0	0	0	0	0	0	0	0	0	0	0	0	3	4	0	6	0	0	12	0	30	0
23ab430d6899ff167787861e115163f2	0	0	0	0	0	0	0	0	0	0	55	0	0	0	0	0	0	0	0	0	0	0	0	0	0	0	0
4cc4b29377ee6ec98f96b6515545578b	0	0	0	0	0	0	0	0	0	0	0	0	0	0	0	0	0	0	0	0	55	0	0	0	0	0	0
3a6e99903dd0d336c713866f52bd4244	0	0	0	0	0	0	0	0	0	0	0	0	0	0	0	0	0	4	0	0	26	0	0	0	0	0	24
b2bac62667dd5b7b46224f0fdf1b2265	0	0	0	0	0	0	0	0	0	0	0	11	0	0	0	0	0	7	0	8	0	15	0	7	6	0	0
2ba1cfaf315fb77b6e420b69cb731e73	0	0	0	0	0	0	0	0	0	0	0	0	0	0	0	0	0	4	0	27	0	0	0	0	23	0	0
08c5373847926a9d86601d9633de19bd	0	0	0	0	0	0	0	0	0	0	0	49	0	0	0	0	0	5	0	0	0	0	0	0	0	0	0
c5f1b9da07765d07d508cd1fe73335d0	0	0	0	0	0	0	0	0	0	0	0	0	0	0	0	0	0	4	0	12	0	16	0	4	0	4	14
73119b934bb258d5a9885d7bdcd1ca07	0	0	0	0	0	0	0	0	0	0	0	0	0	0	0	0	0	0	0	0	12	0	13	0	28	0	0
ae3d85420e3db52577668a3dec992492	0	0	0	0	0	0	0	0	0	0	0	0	0	0	0	0	0	0	0	0	0	44	0	9	0	0	0
a29e47a48b3bc56888079e7c65f4b8f1	0	0	0	0	0	0	0	0	0	0	0	0	0	0	0	0	0	0	0	20	10	11	0	0	12	0	0
fe7b5b769375b837bb6d4bfa6dee234f	36	0	0	0	0	0	17	0	0	0	0	0	0	0	0	0	0	0	0	0	0	0	0	0	0	0	0
5c63b3749641851b368c8a181ddf1180	0	0	0	0	0	0	0	0	0	0	0	0	0	0	0	5	0	0	0	0	23	0	0	0	0	0	25
5c60f84b3d868e8544e0b7805e20ae77	0	0	0	0	0	0	9	0	31	0	0	0	0	0	0	0	0	0	0	0	13	0	0	0	0	0	0
5d5436b14b5044bb09cdb96aa65fe217	0	0	0	0	0	0	0	0	0	0	0	4	0	0	0	0	0	0	0	0	24	0	0	0	0	21	4
2f1129a0cd6a56a84bab1abb84d6eea4	12	0	0	0	0	0	0	2	0	0	0	0	0	0	38	0	0	0	0	0	0	0	0	0	0	0	0
1c2973272999ef4440cf691f067f238b	0	0	0	0	0	0	0	0	0	0	0	0	0	0	0	0	0	0	52	0	0	0	0	0	0	0	0
ab1257929cfef8e80de3736c30d4e7a9	0	0	0	0	0	3	0	0	0	0	4	8	0	0	3	5	0	21	0	0	5	0	0	0	3	0	0
bf7312663bb8d8c2ef838cc6b788fe48	0	0	0	0	0	2	0	0	0	0	0	0	0	0	0	6	0	3	0	0	24	0	0	0	10	7	0
44efdf7a15e2c07b7585ab7ed95b7621	0	0	0	0	0	0	0	0	0	0	0	0	0	0	0	0	0	0	0	0	52	0	0	0	0	0	0
0e7ef65099d959cd2aa8e27ab7872c4d	23	0	0	0	0	0	29	0	0	0	0	0	0	0	0	0	0	0	0	0	0	0	0	0	0	0	0
09014625a1fa68f8c4829aae82977a29	0	0	0	0	0	7	0	6	0	0	11	7	0	0	0	8	0	13	0	0	0	0	0	0	0	0	0
93522be911c0a10ef2cabf936ee5d2b5	0	0	0	0	0	0	0	0	0	0	0	0	0	0	0	0	0	4	0	26	0	0	0	0	0	4	17
52c0295d6901de6a289fcc6299dd1469	0	0	0	0	0	0	0	0	0	0	0	21	0	0	30	0	0	0	0	0	0	0	0	0	0	0	0
1b3ee3a204eddfce4ad82fc6807228bb	0	0	0	0	0	0	0	0	0	0	0	0	0	8	0	0	0	5	0	0	0	0	0	0	38	0	0
ca54ea6d690a8ca9296414e2f6c2b65a	0	0	0	0	0	0	0	0	0	0	0	0	0	0	0	0	0	0	0	0	11	3	0	11	26	0	0
3ee7ecc4353472dc7e110f3d26993359	0	0	0	0	0	4	0	0	0	0	0	0	0	0	0	0	0	0	0	0	19	3	0	0	0	0	25
c57d79775b99fd219d01357cb524dd77	0	0	0	0	0	0	0	0	0	0	0	0	0	7	0	0	0	0	0	0	0	44	0	0	0	0	0
3928b8dc6f08e2f7fbbe76db3134aff0	0	0	0	0	0	0	0	0	0	0	0	0	0	0	0	0	0	0	0	0	0	25	25	0	0	0	0
0cdf467e06ef54248266a815ba1bc604	0	0	0	0	0	0	0	0	0	2	0	0	0	0	0	2	0	2	0	0	7	13	0	13	6	0	5
415019610fc30e7a4026d3aa531807db	0	15	0	0	0	0	0	0	0	0	0	7	0	0	0	0	0	0	0	0	0	0	0	0	0	0	28
e96a18c7e3d537fc5fcb8f8ed70414c9	7	8	8	0	6	0	0	0	8	0	0	0	0	0	5	0	0	8	0	0	0	0	0	0	0	0	0
5750c52ff8a6d630568878d3c75f5719	0	0	0	0	0	4	0	0	0	0	0	0	0	0	0	0	0	4	0	0	34	0	0	0	0	8	0
4aebcc69b46614d3365683ba49d95dc1	0	0	0	0	0	0	0	0	0	0	0	0	50	0	0	0	0	0	0	0	0	0	0	0	0	0	0
ee705bbea43c68a47a9c2ba41efa2067	0	0	0	15	0	0	0	0	6	0	0	0	0	0	0	0	0	0	0	0	0	0	0	0	28	0	0
4ab6dc187dde35220694178f051eddc9	0	0	0	0	0	0	0	0	0	0	0	0	0	0	0	0	0	0	14	0	0	0	20	0	15	0	0
7999e75e05f73aa649d622365edb20d8	0	0	0	0	0	0	0	0	0	0	0	0	0	0	0	0	0	0	2	22	6	0	0	0	0	0	19
5c44357ff30a8ea921df6d5ec6632004	0	0	0	0	0	0	0	0	0	0	0	0	0	0	0	0	0	0	2	0	6	21	0	0	8	12	0
5b11d65746aa33559cc8ec0fc0056e63	0	0	0	0	0	0	0	0	0	0	0	0	0	0	0	0	0	0	0	10	14	9	0	0	5	0	11
8005d4637ea6904235b5f986bd62434e	0	0	0	0	0	0	0	0	0	0	11	0	0	0	0	0	38	0	0	0	0	0	0	0	0	0	0
577ebeaa2ad9328aa33822532efb8b45	0	0	0	0	0	0	0	2	0	0	0	0	0	0	0	0	0	0	3	6	4	4	0	0	6	7	17
546733f129f13d3c8ae26b851ef32380	0	0	0	0	0	0	0	0	0	0	0	0	0	0	0	0	0	0	6	0	9	7	0	7	2	9	9
146cc55676f9d0cbe3db888ab82cb662	28	0	3	0	0	0	17	0	0	0	0	0	0	0	0	0	0	0	0	0	0	0	0	0	0	0	0
2304e23f29bd376c50c618da6cb461a1	0	10	0	0	0	11	0	0	0	0	0	0	0	0	12	0	0	6	0	0	9	0	0	0	0	0	0
72d690501e343840c31a1f7abf932868	0	0	0	0	0	0	0	6	0	0	0	0	0	9	0	0	0	5	0	3	7	2	0	0	0	0	16
ba71a6f2cb88a44feb888a9086d1538a	0	0	0	0	0	0	0	0	0	0	0	0	0	0	0	0	0	0	15	0	0	0	0	33	0	0	0
2b05a6e9e6c580f7fc168a5bbb29de2d	13	0	0	0	0	0	0	0	7	0	0	0	0	0	24	0	0	0	0	0	0	4	0	0	0	0	0
891d01330e5052cfba516188e2a9463f	17	0	0	0	8	0	0	0	0	0	23	0	0	0	0	0	0	0	0	0	0	0	0	0	0	0	0
1c04ab4070638430072c325e0bd173b2	6	0	0	0	6	0	0	0	0	2	24	0	0	0	10	0	0	0	0	0	0	0	0	0	0	0	0
25cb02fb17426d878afd69a79572b858	48	0	0	0	0	0	0	0	0	0	0	0	0	0	0	0	0	0	0	0	0	0	0	0	0	0	0
eb1778863084a58597b93664229c5f43	0	0	48	0	0	0	0	0	0	0	0	0	0	0	0	0	0	0	0	0	0	0	0	0	0	0	0
af8f08828162de70db80a123f4d379ec	0	0	0	0	0	4	0	0	0	0	0	0	0	0	0	5	0	5	8	0	0	0	0	7	8	11	0
4c8af99c818f9f3fce6233dc6b620f01	0	0	0	0	0	0	0	0	0	0	0	0	0	0	0	0	0	0	6	0	6	6	0	12	0	9	9
4f80fce31d8cece2bc9182e22ed396a7	0	0	0	0	0	0	0	0	0	0	0	0	0	0	0	0	0	0	0	15	6	0	0	0	2	9	16
37757be3ed682a9ff7f4d22792e99e8a	0	0	0	0	0	32	0	0	0	16	0	0	0	0	0	0	0	0	0	0	0	0	0	0	0	0	0
34fe4e1915491fdf34259bc5c1fa2f94	0	0	0	0	0	0	0	0	0	0	0	0	0	0	0	0	0	0	0	22	5	0	0	0	13	0	8
49363be39f4e73fc08154c4e95e73321	30	0	0	0	0	0	17	0	0	0	0	0	0	0	0	0	0	0	0	0	0	0	0	0	0	0	0
733b45a9acaf76b1662c9cc75784dfb4	0	0	0	0	0	0	0	0	0	0	0	2	0	0	0	0	0	0	0	0	20	3	0	7	0	12	3
3a7bcfd3dd1c23c2efae4b6b3fcd36a3	0	0	0	0	0	0	0	0	0	6	0	19	0	0	0	11	0	0	0	11	0	0	0	0	0	0	0
2c079e24dc2f522c954ee445ac382624	32	0	0	0	0	0	0	0	0	0	0	0	0	0	0	0	0	0	0	0	0	15	0	0	0	0	0
4982dc952c62fd9324f5a5371adb6ee0	0	0	0	0	0	0	0	0	0	0	0	0	0	0	0	0	0	0	47	0	0	0	0	0	0	0	0
5a437028af9e0a2acd9a42474b7c6310	0	0	0	0	0	0	0	0	0	0	0	0	0	0	0	0	0	0	0	11	0	7	0	0	6	9	14
00c6947982f76d082d1d9573a4c38b9f	0	0	0	0	0	0	47	0	0	0	0	0	0	0	0	0	0	0	0	0	0	0	0	0	0	0	0
80f0dc0a11b723d0c0fb7a2013d84928	0	0	0	0	0	0	0	0	0	0	0	5	0	0	0	0	0	0	0	0	0	0	0	18	9	14	0
e4a032ea4af2864c06b97b5cc254ab8d	0	0	0	0	0	0	0	0	0	2	0	0	0	0	0	0	0	0	10	7	6	8	5	0	0	0	8
1ad99c278247c5e2ed4498e508f8f2fd	0	0	0	0	0	0	0	0	0	0	20	10	0	0	0	0	0	16	0	0	0	0	0	0	0	0	0
1c759c819b9899b67bdd08c4f3b36f8a	0	0	0	0	0	0	0	0	0	0	0	0	0	0	0	0	0	0	0	0	0	0	10	34	2	0	0
9f129e6b7fe8cb7e1c8f2fad4c52114a	0	46	0	0	0	0	0	0	0	0	0	0	0	0	0	0	0	0	0	0	0	0	0	0	0	0	0
c22b16cc6108c04f29fea3b6d4c81571	0	0	0	0	0	0	0	0	0	0	0	0	0	0	0	0	0	0	0	0	0	0	0	0	0	0	46
abb162b5b903b1c6e878d1be2bd8dcc7	13	0	0	0	0	0	0	0	0	0	19	0	0	0	14	0	0	0	0	0	0	0	0	0	0	0	0
858b6973f6c616a94d5de5cb3d0ae296	0	0	0	0	0	0	0	0	0	0	0	0	0	0	45	0	0	0	0	0	0	0	0	0	0	0	0
c3dc89741dfcf91fff80a6b385f9a10e	0	0	0	8	0	0	0	0	0	2	0	0	0	0	0	0	0	0	4	0	7	6	10	0	8	0	0
6472eb8b1e09f892aca2f23182962903	0	0	0	0	0	0	0	0	0	0	0	0	0	0	0	0	0	15	0	30	0	0	0	0	0	0	0
072ae37006833dbb2ef37a95cc9ef0df	0	0	0	0	0	0	0	0	0	0	0	0	0	0	0	0	0	0	0	27	0	0	0	0	0	0	18
2f60ec3a8b3bfb9225f92cc793d04823	0	0	0	0	0	0	0	0	0	0	0	0	0	45	0	0	0	0	0	0	0	0	0	0	0	0	0
a60f0b4bc20e5a162b45b3d2ed7a0d6c	0	0	0	0	0	8	0	0	0	0	0	12	0	0	0	5	0	20	0	0	0	0	0	0	0	0	0
2563ceb7d15a84f5d59f225adc9b06a5	0	0	0	0	0	0	0	0	0	0	0	0	0	0	0	0	0	0	0	0	0	33	0	0	8	0	4
3c13fc7f39348e9915634ba1bb7f177c	10	0	5	0	4	2	0	0	0	0	7	0	0	0	17	0	0	0	0	0	0	0	0	0	0	0	0
b7b7e3f91263224beee15939f9193c46	0	0	0	0	0	0	0	0	0	0	0	0	0	0	0	0	0	0	0	0	0	0	0	0	45	0	0
36649fcfc0f73458bb4236babbf85716	0	0	0	0	0	0	0	0	0	0	0	0	0	0	0	0	0	0	0	0	44	0	0	0	0	0	0
4b654cb5174aaa9d81cff579e73716ea	0	0	0	0	0	0	0	0	0	0	0	0	0	0	0	0	0	0	0	19	0	0	8	0	17	0	0
df824eff77d1e1a62e26119a49a422de	0	0	0	0	0	0	0	0	0	0	0	0	0	0	0	0	0	0	17	0	27	0	0	0	0	0	0
9804efc6b9fcdf669f6f903a59d08daa	12	0	13	0	0	0	0	0	0	0	19	0	0	0	0	0	0	0	0	0	0	0	0	0	0	0	0
95ffec1249c184ae75491d993f9a5792	13	0	0	0	8	0	0	0	0	0	17	0	0	0	6	0	0	0	0	0	0	0	0	0	0	0	0
0a773ec23d772b90f5c06258c6a4c659	0	0	0	0	0	0	0	0	0	0	0	0	0	0	0	0	0	0	0	0	12	12	0	0	7	8	5
dcc209c13d59d00e21e81ea6b8f9b689	0	0	0	0	0	0	0	0	0	0	0	0	0	0	0	0	0	10	0	0	15	0	0	0	18	0	0
6af4124137eb9f2dd9dbcc5020f11ce0	0	0	0	0	0	0	0	0	0	0	0	0	0	0	0	0	0	0	0	0	0	20	0	23	0	0	0
303707ebecf381b8bc1c7c6d3368d20b	0	0	0	0	0	8	0	0	0	0	0	0	0	0	0	11	7	10	0	0	0	7	0	0	0	0	0
b6e60c5f0ef4cd688da3a45471545c31	13	0	0	0	11	0	0	0	0	0	19	0	0	0	0	0	0	0	0	0	0	0	0	0	0	0	0
0ddcd311e02f742e2e0e61ce02cf9c29	0	0	43	0	0	0	0	0	0	0	0	0	0	0	0	0	0	0	0	0	0	0	0	0	0	0	0
bd224dc8d5a43f61853720a47e281b06	0	0	0	0	0	0	0	0	0	0	0	0	0	0	0	5	0	0	0	0	12	5	0	0	0	14	7
797894bb0d8cd7f6f43250b723aa2a97	0	0	0	0	0	0	0	0	0	0	0	0	0	0	0	0	0	0	0	0	0	0	0	16	0	0	26
9e36c8c025b5170a2b5af14dc13bf3bf	0	0	0	0	0	0	0	0	0	0	0	0	0	0	0	0	0	0	0	6	0	13	2	3	13	0	5
2ca2d98e0489dc0314d8c79541be9115	0	0	0	0	6	0	0	0	0	0	8	0	0	0	0	0	3	0	0	0	9	0	0	0	0	8	8
1e6dad4b27d3b96c39c8545d490d9425	0	0	0	0	0	0	0	0	0	0	0	0	0	0	0	0	0	0	0	0	0	0	5	15	22	0	0
529768d439b63fc1fd2991f7c6ea2071	0	0	0	0	0	7	0	4	0	0	0	3	0	4	0	0	0	12	0	0	3	0	0	0	0	0	9
97991ce469a1cc109b514c89920eaa50	9	0	0	0	0	0	33	0	0	0	0	0	0	0	0	0	0	0	0	0	0	0	0	0	0	0	0
62c61039659ab77c64267924fee58062	0	3	0	3	0	6	0	0	0	4	0	0	0	0	0	3	0	5	3	0	0	0	0	9	0	0	6
e416d0916760d2fc17b616e2ac3ad855	0	0	0	0	0	0	0	0	0	0	12	0	0	0	14	0	0	16	0	0	0	0	0	0	0	0	0
c6cafc067a389821a04d08c8ed778e83	0	0	0	0	0	0	0	0	0	0	0	0	0	0	0	0	0	0	0	0	0	0	0	0	0	0	42
0e92e9a530b639cd8b21244d62a8645e	0	0	0	0	0	0	0	0	0	0	0	0	0	0	0	0	0	0	0	0	41	0	0	0	0	0	0
4930692e926365b0ecd4f69edc745861	0	0	0	0	0	0	0	0	0	0	0	0	0	0	0	0	0	23	0	0	0	0	0	0	0	0	18
d6c6e091960efb55e30fa71a4ebb16b1	0	0	0	0	0	0	0	0	0	3	0	0	0	0	0	0	0	0	0	21	0	0	0	8	0	0	9
e6c29bd5d61ed79231f7dd3b472a318e	0	0	0	0	0	0	0	0	0	6	0	4	0	0	0	0	0	15	0	0	0	0	0	16	0	0	0
d72d042711dbdcf31d1af5868b0966e2	0	0	0	0	0	0	0	0	0	0	29	0	0	0	0	0	12	0	0	0	0	0	0	0	0	0	0
ea7176ccf5b330a32803ed82fb7b6581	0	0	0	0	0	6	0	0	0	0	0	0	0	0	0	8	0	7	0	9	0	0	0	0	0	0	11
d781cb9aa5bb4ad4dabf1523f49ebf91	0	0	0	0	0	0	0	0	0	0	0	0	0	0	0	0	0	0	0	0	0	41	0	0	0	0	0
c1c1dfe0cd247065dcc7160055106657	0	0	0	0	0	0	0	0	0	0	0	0	0	0	0	0	0	0	4	0	0	11	0	0	18	0	8
07f99fb784f40642f9713e217b9008d1	0	9	0	0	0	0	20	0	0	0	4	0	0	0	0	0	0	8	0	0	0	0	0	0	0	0	0
47f280a62d3cbe2edbfada40370a17d4	0	0	0	0	0	5	0	0	0	0	0	0	0	0	0	8	0	0	0	6	8	0	0	0	4	6	4
57935cb84196f858a3a6e4132c4e174e	0	0	0	0	0	0	0	0	0	0	0	0	0	0	0	0	0	0	7	21	0	0	0	0	0	0	13
b4c0ee831254e41bcd1820ec8567b406	0	0	0	0	0	0	0	0	0	0	0	12	0	0	0	0	0	26	0	0	0	0	0	3	0	0	0
305073dcde94034b3f04aa97eae94a10	0	2	0	0	0	3	0	0	7	0	4	0	0	0	14	3	7	0	0	0	0	0	0	0	0	0	0
8f5c445dc468dce73bc506e65c82cdf7	12	0	0	0	0	0	0	0	0	0	7	0	0	0	12	0	9	0	0	0	0	0	0	0	0	0	0
ee60fa74cfed85fc1b068ec55c4c914f	40	0	0	0	0	0	0	0	0	0	0	0	0	0	0	0	0	0	0	0	0	0	0	0	0	0	0
96dcf1c36f12f518907f596d6be6ec86	0	0	0	0	11	0	0	0	0	0	18	0	0	0	11	0	0	0	0	0	0	0	0	0	0	0	0
e82d519024df8980ba749ba0e7e8dbf1	0	0	0	0	0	0	0	0	0	0	5	0	0	0	0	0	0	0	0	5	0	15	0	0	15	0	0
2e4ed0d7cb6b661324b39ff2ac880d8d	0	0	0	0	0	0	0	0	0	0	0	0	0	0	0	0	0	0	3	4	0	0	0	0	0	7	26
ebba17dd420165ea73661f58592b79e4	2	5	0	0	0	0	0	10	0	0	0	0	0	9	0	0	0	14	0	0	0	0	0	0	0	0	0
c9b456204efb1a551c45175d9777c11f	0	0	0	0	0	0	0	0	0	0	0	0	0	0	0	0	0	0	0	0	0	0	0	31	0	0	9
0d20658811c1d615ba21e9aa99bb818f	0	0	0	0	0	0	0	0	21	0	0	0	19	0	0	0	0	0	0	0	0	0	0	0	0	0	0
e1fb192a91486d38d0839706dda8442f	0	0	0	0	0	0	0	0	0	0	0	0	0	0	0	0	0	0	0	40	0	0	0	0	0	0	0
195d8729ac167639d870714524bee7b6	6	0	0	0	0	0	0	28	0	0	0	0	0	0	0	6	0	0	0	0	0	0	0	0	0	0	0
b2e60e821619cb52dbe5cacdd38b9822	0	0	0	0	0	0	0	0	0	0	0	0	0	0	0	0	0	0	3	0	12	3	0	0	5	11	6
cc363a9ccd3549e646859ab1ffe9d460	0	0	0	0	0	0	2	0	0	0	0	0	0	0	5	0	0	0	4	0	6	0	0	6	0	11	6
19f9f30d5492ed1f3f968da3d20389b1	0	0	0	0	0	0	0	0	0	0	0	0	0	0	0	0	0	0	0	18	10	7	0	0	0	0	5
e78c94e8f7c6c1433223d448ac441301	0	0	0	0	0	0	0	0	0	0	0	0	0	0	0	0	0	0	17	5	0	0	18	0	0	0	0
48e44d7f0b561b30935a67c41c75101d	0	0	0	0	0	2	0	4	0	0	0	0	0	0	0	5	0	0	0	0	8	0	0	0	0	10	11
10a62c7f08538ec0dfd1d80ee8a96885	0	0	0	0	0	0	0	0	0	0	0	0	0	0	0	0	0	0	0	0	0	0	39	0	0	0	0
7303c7950d30d98f6084c7e1e4c54ea1	0	0	0	0	0	0	0	0	0	0	0	0	0	0	0	0	0	0	0	0	0	12	0	6	12	9	0
9ed3e1edc621c9a94608480eb8b4351b	0	0	0	0	0	0	0	0	0	0	0	0	0	0	0	0	0	0	0	0	0	29	0	0	10	0	0
af0deb2303ee2cb169cd24d02c504ed4	0	0	0	0	0	0	0	0	0	0	0	0	0	0	0	0	0	0	0	17	9	10	0	0	3	0	0
c56ba8dd45da42d6f76c9b6fc4f2a5ae	0	0	0	0	0	0	0	0	0	0	0	0	0	0	0	0	0	0	0	0	0	0	0	11	13	15	0
dfa0a3a2860b44eb92f0c73f188656bc	7	9	0	0	4	0	0	9	0	4	3	0	0	0	3	0	0	0	0	0	0	0	0	0	0	0	0
c39ea129388a077989abed2081b5fe88	39	0	0	0	0	0	0	0	0	0	0	0	0	0	0	0	0	0	0	0	0	0	0	0	0	0	0
f40c4d0bd7e4611eb198e08bedda8a0c	0	0	0	0	0	0	0	0	0	0	0	0	0	0	0	0	0	0	0	0	0	39	0	0	0	0	0
46ef48b6096947c86bd1a70949ca8c97	0	0	0	0	0	0	0	0	0	0	0	0	39	0	0	0	0	0	0	0	0	0	0	0	0	0	0
78138acfd5cdc5f744db1dc70f3860f6	0	0	0	2	0	0	0	3	0	0	0	0	0	0	0	2	21	0	4	0	0	0	0	0	0	7	0
54f6e509d190e327d144a3ae92e1e73a	11	0	0	0	0	0	0	0	0	0	10	0	0	0	0	0	0	18	0	0	0	0	0	0	0	0	0
954a3b1560cca909471a8608afb7b8ab	0	0	0	0	0	0	0	0	0	0	0	0	0	0	0	0	0	0	0	0	0	22	0	0	17	0	0
19ef24ebb904f7bac700ad897a8a63d8	2	0	0	0	0	0	0	0	7	0	0	0	0	0	30	0	0	0	0	0	0	0	0	0	0	0	0
3067f2c7606dcdd91e7f2803033e82b7	0	0	0	0	0	0	0	0	0	0	0	0	0	0	0	0	0	0	0	15	24	0	0	0	0	0	0
dc9e840c3957d353c56ad240a9df198a	0	0	0	0	0	0	0	0	0	0	0	0	0	0	0	0	4	0	0	0	0	10	0	12	13	0	0
c99385b6766f647ff0bdfe98ae65c958	0	0	0	0	0	0	0	0	0	0	0	0	0	0	0	0	0	0	0	18	0	0	0	0	3	18	0
a8bcb8874c2c189a737af1325ae6dd8f	0	0	0	0	0	0	0	0	0	0	0	0	0	0	0	0	0	0	0	0	0	0	0	24	14	0	0
1b9bc3fe984ec89289cffb01a3a3e8a5	23	0	0	0	0	0	15	0	0	0	0	0	0	0	0	0	0	0	0	0	0	0	0	0	0	0	0
2f2696ee8f1d2b831bfcafa8249d359d	0	0	0	0	0	0	0	0	0	0	0	0	0	7	0	0	0	0	0	31	0	0	0	0	0	0	0
721f0b0a3a0d92d0b49d70e7e1c3189b	22	0	0	0	0	0	16	0	0	0	0	0	0	0	0	0	0	0	0	0	0	0	0	0	0	0	0
dd2315dc74c3323b20402659e5e464a8	0	0	0	0	0	0	0	0	0	0	0	0	0	0	0	0	0	0	0	0	10	0	0	0	14	14	0
71ea54160cc86ce702cedff2acd9c71b	0	0	0	0	0	10	0	0	0	13	0	0	0	0	3	0	0	0	0	0	7	0	0	0	0	5	0
0baa3b7ec4d092801c305f5ef3274c54	0	0	0	0	0	0	0	0	0	0	0	0	0	0	0	0	0	0	2	0	0	9	11	12	4	0	0
1a44b9628088d4f47816066198670b8e	0	0	0	6	0	0	0	0	0	6	0	0	0	0	0	0	0	0	4	0	7	0	0	3	0	0	12
978691493c5c9f1cab578ca2ebdd5c8d	0	0	0	0	0	0	0	0	0	0	0	0	0	0	0	0	0	0	0	0	0	0	0	15	0	0	23
75c6d75fedee07c0c95c39508c836f71	0	0	0	0	0	0	0	0	0	0	0	0	0	0	0	0	0	0	0	23	0	0	0	0	15	0	0
0f4d251ebd2112cffb56099bc4772b0a	0	0	0	0	0	0	0	0	0	0	0	0	0	0	0	0	0	0	0	0	0	0	0	0	0	18	20
a80616dba1a6d362b957660c08aa3517	0	0	0	0	0	0	0	0	0	0	0	0	0	0	0	0	0	0	0	19	0	0	0	0	0	7	12
7cd963f44a897c7de6d0765071d701eb	0	0	0	0	0	0	0	0	0	0	0	0	0	0	0	0	0	0	5	6	4	9	0	0	9	4	0
863dfeba2af3ef10c1cf7dc85d973dfd	0	0	0	0	0	0	0	0	0	0	0	0	0	0	0	0	0	0	0	0	0	0	0	11	2	24	0
e10e6d54805f89f28024cb8a91d2d484	0	0	0	0	0	0	0	0	0	0	0	3	0	0	0	0	0	0	0	0	0	7	0	0	0	27	0
c2036594f6e3dfa514b0b035f4744d5a	0	0	0	0	0	0	0	0	0	0	0	8	0	0	0	3	0	7	0	7	0	0	0	0	0	0	12
3ba61e247fcd56e5d989568543916901	25	0	0	0	0	0	12	0	0	0	0	0	0	0	0	0	0	0	0	0	0	0	0	0	0	0	0
d2ec5a4c9a4dad1517c35a6ca4886531	9	0	0	0	6	0	0	0	0	0	14	5	0	0	0	0	3	0	0	0	0	0	0	0	0	0	0
a8de76754620207fe8a8e870babb26fd	0	0	0	0	0	0	0	0	0	0	0	0	0	0	0	0	0	0	0	0	0	12	0	5	20	0	0
a2fe573c308f895c36a3d7390c18072a	0	0	0	0	22	0	0	0	0	0	15	0	0	0	0	0	0	0	0	0	0	0	0	0	0	0	0
7beab4f249af89a8aab102a03113ba62	8	0	0	0	0	0	0	0	0	3	6	0	0	0	0	0	0	0	0	0	13	0	0	0	7	0	0
2ce6e5f9145bc388cdb6e30443622226	0	0	0	0	0	26	0	0	0	11	0	0	0	0	0	0	0	0	0	0	0	0	0	0	0	0	0
ce7dfd960d54c18a1817e90c90203134	0	0	0	0	0	0	0	0	0	0	0	0	0	0	0	0	0	0	0	0	16	0	0	6	0	15	0
ece5e58e28709b1f04c022e1cc5e63c7	0	0	0	0	0	0	0	0	0	0	0	0	0	0	0	0	0	0	0	0	37	0	0	0	0	0	0
41742670eb9d54cece1b4c2040eefb37	19	0	0	0	0	4	0	3	0	0	0	0	0	0	0	4	7	0	0	0	0	0	0	0	0	0	0
08d5b656efbae63109bbe71433e61727	0	0	0	0	0	0	0	0	0	0	0	6	0	0	0	20	0	11	0	0	0	0	0	0	0	0	0
66074a5be4fa75f008152d74537d786e	0	0	0	0	0	0	0	0	0	0	0	0	0	0	0	0	0	0	0	36	0	0	0	0	0	0	0
ffaad2026adf0dea4325e3f8274ee405	0	0	0	0	0	0	0	0	0	0	0	0	0	0	0	0	0	0	0	0	19	5	5	0	0	0	7
e1b2b6ae4af6686429c21926cc0314a0	0	0	0	0	0	0	36	0	0	0	0	0	0	0	0	0	0	0	0	0	0	0	0	0	0	0	0
e4ba3444da40f020ec5156a308fef141	0	0	0	0	0	3	0	0	0	0	0	0	0	0	0	0	0	0	0	0	11	4	0	0	0	8	10
40640cca2e35863b7fc44fd2d26716c2	0	0	0	0	0	0	36	0	0	0	0	0	0	0	0	0	0	0	0	0	0	0	0	0	0	0	0
e1cec97eb0631d612c32695f5d5b59cd	0	0	0	0	8	0	0	0	0	0	0	0	0	0	11	5	9	0	0	0	3	0	0	0	0	0	0
1534d835530844cadeb26dc0c053a150	0	0	0	0	0	0	0	0	0	0	0	0	0	0	0	0	0	0	0	0	14	0	0	5	3	12	2
b44908876b31b85080eb3b6cbc310e6f	0	0	0	0	0	0	0	0	0	0	0	0	0	0	0	0	0	0	0	0	35	0	0	0	0	0	0
6e0546931ed7eab1f41201aabb92be68	7	0	0	0	0	0	0	0	0	0	0	0	0	0	6	0	0	0	7	0	0	0	15	0	0	0	0
9980f5e5eb4480dc328ed75eee5c2efa	0	0	0	0	0	0	0	0	35	0	0	0	0	0	0	0	0	0	0	0	0	0	0	0	0	0	0
1e6c51b99d65fb93d42ad3ff651b5763	0	0	0	0	0	0	0	0	0	0	0	0	0	0	0	0	0	0	0	0	0	15	0	0	6	0	14
44ed5f0d0c92b54808fcad9479511434	0	0	0	0	0	0	0	0	0	0	5	0	0	0	30	0	0	0	0	0	0	0	0	0	0	0	0
6d6a8868094b13e3534bd102fc946359	4	0	0	0	3	0	0	0	0	0	4	0	0	0	0	0	0	24	0	0	0	0	0	0	0	0	0
ca8ff83198bba26e7e78f02eceb66779	0	0	0	0	0	0	0	14	0	0	0	0	0	0	0	9	0	12	0	0	0	0	0	0	0	0	0
1e2d40b2d171a8955254ab71ae3f1891	0	0	0	0	0	0	0	0	0	0	0	0	0	0	4	5	3	0	5	2	0	0	0	0	0	16	0
834fab40ab7a6bfa2a0e7f5bf3e93c91	0	0	0	0	0	0	8	0	0	0	0	0	0	0	10	0	0	17	0	0	0	0	0	0	0	0	0
60d4500799cf39257e1f8b74ffdecac5	0	0	0	0	0	0	0	0	0	0	0	0	35	0	0	0	0	0	0	0	0	0	0	0	0	0	0
a3852e45faea55aab36292494caf4f94	0	0	0	0	35	0	0	0	0	0	0	0	0	0	0	0	0	0	0	0	0	0	0	0	0	0	0
5c53fd4d159d757d01841d4b9c9ac7e0	0	35	0	0	0	0	0	0	0	0	0	0	0	0	0	0	0	0	0	0	0	0	0	0	0	0	0
2b0a822bced8df8a5bbdb4c9b0768757	0	0	0	0	0	0	0	0	0	0	0	0	0	0	0	0	0	0	0	0	0	0	0	0	18	0	17
f74d3e9cf8ab72a1de9a92449da597ae	14	0	0	0	0	0	0	0	0	0	21	0	0	0	0	0	0	0	0	0	0	0	0	0	0	0	0
65f5183859116b9908a18398a77ca081	0	0	0	0	0	0	0	0	0	0	0	0	0	0	0	0	0	0	0	0	0	8	0	0	0	0	27
16668eb7060da0caa2815087a15561e1	0	0	0	0	0	0	0	0	0	0	0	0	0	0	0	0	0	0	0	0	0	0	0	0	0	34	0
3505278bbef674c198e14875912fa8e5	0	0	0	0	0	9	0	2	0	2	0	0	0	0	0	0	0	0	0	14	5	0	2	0	0	0	0
a93c990f5a02e4e5cbbf5e7aadfa6bcd	0	0	0	0	0	0	0	0	0	0	22	0	0	0	0	0	5	0	0	0	0	0	0	7	0	0	0
746de074e08632cd61acb46b1525566a	0	0	0	0	0	0	0	0	11	0	0	0	21	0	2	0	0	0	0	0	0	0	0	0	0	0	0
b09118a3e21115ad8172fe25e1d8b80c	0	0	0	0	0	0	0	0	0	0	0	0	0	0	0	0	0	0	0	0	0	12	10	12	0	0	0
55a3b3b66eb1d13cf1e9d43f843987c6	0	0	0	0	0	0	0	0	0	0	0	0	0	0	0	0	0	0	6	0	0	0	0	15	13	0	0
6cf74ee416b51d419bf751aedab3a9bc	0	0	0	0	0	0	0	0	0	0	0	0	0	0	0	0	0	2	0	0	0	11	4	12	5	0	0
71cde58312ddf397129e3590e1224bed	0	0	0	0	0	0	0	0	0	0	0	0	0	6	0	8	0	0	0	0	0	0	0	0	0	0	20
c9b6f06a64809b4085cf1c5c680fc62b	0	0	0	0	0	0	0	0	0	0	0	0	0	0	0	0	0	34	0	0	0	0	0	0	0	0	0
f08d796ac74bfbbde47bd515476a0a08	0	0	0	0	0	0	0	0	0	0	0	0	0	0	0	0	0	0	0	0	0	34	0	0	0	0	0
de217d3df0f64871d6e5bb9d105aeee4	28	0	0	0	0	0	6	0	0	0	0	0	0	0	0	0	0	0	0	0	0	0	0	0	0	0	0
8b46072c80f9dd6e8f183fcf99831b2a	0	0	0	0	0	0	0	0	0	0	0	0	0	0	0	0	0	0	0	34	0	0	0	0	0	0	0
75be173a247f45982f4a2cb43413959e	0	0	0	0	0	0	0	0	0	0	0	0	0	0	0	0	0	0	0	0	0	6	0	3	0	16	8
f101738f8781e6ef925034ff6f31fcf0	0	0	0	0	0	0	0	0	0	0	0	0	0	0	0	0	0	0	0	0	0	0	0	0	0	33	0
dc6be12a58b9b0f98ab094c79d56b778	0	0	0	0	0	0	0	0	0	0	0	0	0	0	0	0	0	0	0	0	0	16	17	0	0	0	0
c16b8b6b80f0b5c9552d6499802a7422	0	0	0	0	0	0	0	0	0	0	0	0	0	0	0	0	0	0	0	0	0	0	0	0	33	0	0
86ea9e167839493e3a6693ee860e9e6f	33	0	0	0	0	0	0	0	0	0	0	0	0	0	0	0	0	0	0	0	0	0	0	0	0	0	0
b06d944676c9848f43abd46ebef583ee	0	0	0	0	12	0	0	0	0	7	14	0	0	0	0	0	0	0	0	0	0	0	0	0	0	0	0
882992e16dfcfe581ae3cbc4b3f4a373	0	0	0	0	0	0	0	0	0	0	0	0	0	33	0	0	0	0	0	0	0	0	0	0	0	0	0
09b5e711020f25cbcddf5eaacd1bfdce	17	0	8	0	0	0	0	0	0	0	8	0	0	0	0	0	0	0	0	0	0	0	0	0	0	0	0
7cd2d6c584c538d8415b48f17188c5d6	0	0	0	0	0	0	0	0	0	0	0	0	0	0	0	0	0	0	3	27	0	0	0	0	0	3	0
8d8674224af8e2e49031276791312470	0	0	0	0	0	0	0	16	0	0	0	0	0	0	0	0	0	0	0	0	0	8	9	0	0	0	0
dcfa6a7f55b0a8245456ec5a10d15892	0	0	0	0	0	0	0	4	0	0	0	9	0	0	0	0	0	0	0	20	0	0	0	0	0	0	0
ad505094de2a741d408153ff88de28a7	0	0	0	0	0	0	0	0	0	0	0	0	0	0	0	0	0	0	0	0	0	33	0	0	0	0	0
5f7cda7995e009f1428e8c1a20a5b22e	0	0	0	0	0	0	0	0	0	0	0	12	0	0	0	21	0	0	0	0	0	0	0	0	0	0	0
3f31034114eb0c4ee7a0c39b87ef35b5	4	4	2	0	0	4	4	0	4	0	0	0	0	0	4	0	0	6	0	0	0	0	0	0	0	0	0
7aa0a01cbf4f66451e7d874fc09de31e	0	0	0	0	0	2	0	0	0	0	0	0	0	0	0	19	0	11	0	0	0	0	0	0	0	0	0
3ffc16785036a71c2224046a8bfdc586	12	0	0	0	0	0	0	0	0	0	0	0	0	0	0	0	0	0	20	0	0	0	0	0	0	0	0
9c9b727ddcce798b4d17becfc8441049	0	0	0	0	0	0	0	0	0	0	0	0	0	0	0	0	0	0	0	0	32	0	0	0	0	0	0
3667bdb79bae37e87cc801ab34639b3e	32	0	0	0	0	0	0	0	0	0	0	0	0	0	0	0	0	0	0	0	0	0	0	0	0	0	0
e21548c03c86149026c8548754c36b62	32	0	0	0	0	0	0	0	0	0	0	0	0	0	0	0	0	0	0	0	0	0	0	0	0	0	0
b0d3f57f49a28862e2985586859139e4	0	0	0	0	4	0	0	0	0	0	13	0	0	0	15	0	0	0	0	0	0	0	0	0	0	0	0
3e540a11bbcb4159c0d984ee370f0322	0	0	0	0	0	0	0	0	0	0	0	0	0	0	0	0	0	0	0	0	9	0	0	0	23	0	0
58a2b920e6b6d686c917264368dc155c	0	0	0	0	0	0	0	0	0	0	0	0	0	0	0	0	0	4	3	0	14	0	0	3	0	0	8
d267387e9667f429a7500b6f5cb8514e	0	0	0	0	0	0	0	0	0	0	0	0	0	0	0	0	0	0	0	0	5	0	3	0	3	21	0
a28c44abb489fdf07a4292227a455b60	0	0	0	0	0	0	0	0	0	0	0	0	0	0	0	0	0	0	0	0	0	6	0	0	5	0	21
84563fa64fdf865a9854bd2fc11450b1	24	0	0	0	0	0	0	0	0	0	0	0	0	0	0	0	0	8	0	0	0	0	0	0	0	0	0
b4a15f559f36ef00b66713bb05fcf449	0	0	0	0	0	0	0	0	0	0	0	0	0	0	0	0	0	0	0	0	0	0	0	0	0	32	0
a35b1f2a858f1866a74bd44a6cb85784	0	0	0	0	0	0	0	0	0	0	0	0	0	0	0	0	0	0	6	0	0	7	19	0	0	0	0
047550cce45394b8a9ff92a5c2e8ecf4	0	0	0	0	0	0	0	0	0	0	0	0	0	6	0	0	0	0	4	0	9	0	0	0	4	9	0
cd3e034e9f02f18c99993b609fee4fa8	0	0	0	0	0	0	0	0	0	0	0	0	0	0	0	0	0	0	0	0	0	0	0	16	0	15	0
01e7f9814849bf1e4a5ce63fb0d4b61a	0	0	0	0	0	0	0	0	0	0	0	0	0	0	0	0	0	0	0	11	7	0	0	10	0	0	3
a2196497d13e4a3bd4ed23e2d2fe702c	0	0	0	0	0	0	0	0	0	0	0	0	0	0	0	0	0	0	0	0	14	0	0	17	0	0	0
8c0aefe6fd1cc206b5e04d4c294e75fe	24	0	0	0	0	0	0	0	0	0	0	0	0	7	0	0	0	0	0	0	0	0	0	0	0	0	0
8353f553090faa81765b1ed3f3fdd05f	0	0	0	0	6	0	0	0	5	0	6	0	0	0	10	0	4	0	0	0	0	0	0	0	0	0	0
9736953402c381fe8bce7a067947f745	0	0	0	0	0	0	0	0	0	0	0	0	0	0	0	0	0	0	0	0	7	24	0	0	0	0	0
2e4a6a67ce34479e0b5606c73f66598f	0	8	0	0	0	0	0	0	0	3	0	0	0	0	0	14	0	0	0	0	0	0	0	6	0	0	0
afaab28f537a72577d22fb00949df1f6	0	0	0	0	0	16	0	0	0	0	0	0	0	0	15	0	0	0	0	0	0	0	0	0	0	0	0
36f1ea75efc6abb63b5c6669629ea917	0	0	0	0	0	0	0	0	0	0	0	0	0	0	0	31	0	0	0	0	0	0	0	0	0	0	0
0ead471116c0b9d208dbd076f71b9dfa	0	0	0	0	0	0	0	0	0	0	0	0	0	0	0	0	0	0	0	0	0	31	0	0	0	0	0
c5b38bdd60e2a37c51adce09124279d6	7	0	0	0	0	0	0	14	0	0	0	0	0	0	0	0	0	0	0	0	9	0	0	0	0	0	0
4d06ad9c87671acd6ef92de3bb6493a2	0	0	0	0	0	15	0	0	0	0	0	0	0	0	0	0	0	15	0	0	0	0	0	0	0	0	0
2d0a9d41eacab36b333910dcb46f06b9	0	0	0	0	0	4	0	0	0	0	0	0	0	0	0	0	0	7	0	0	0	0	0	0	0	19	0
a65fb42103b1d2337dbedbd056a23943	0	0	0	5	0	0	0	0	0	0	3	0	0	22	0	0	0	0	0	0	0	0	0	0	0	0	0
aec3fb3e4eb9980cef7fdc69bcd2fc73	0	0	0	0	0	0	0	0	0	0	0	0	0	0	0	0	0	0	0	0	17	0	0	0	13	0	0
99c31dfd1771749bfb36aeadd02e7114	0	0	0	0	0	0	16	0	0	0	0	0	0	0	0	0	0	0	0	0	0	0	0	0	0	14	0
374b724806294b861c4ed5cfb74e2f31	0	7	0	0	6	0	0	6	0	0	0	0	0	0	0	0	0	0	0	0	0	0	0	11	0	0	0
1af43693dab3bff4acb4396ee334655f	0	0	0	0	0	0	0	0	0	0	0	0	0	0	0	0	0	0	0	0	16	8	0	0	0	2	4
f91bd6e8d84e9439cfd6467f210444ec	0	0	0	0	0	5	0	0	0	0	0	5	0	0	0	0	6	0	0	0	0	0	0	11	0	0	3
de7e3918b28e15365f897919f7565074	0	0	0	0	0	0	0	0	0	0	0	0	0	0	0	0	0	0	0	0	13	0	0	0	0	17	0
dd3a124e0f04306cf546df311a52b727	0	0	0	0	0	0	0	0	0	0	0	5	0	0	0	0	0	0	0	0	0	17	0	0	0	8	0
496ecde24f9ab698992413d3d4f04b5f	0	0	30	0	0	0	0	0	0	0	0	0	0	0	0	0	0	0	0	0	0	0	0	0	0	0	0
1f22ad120bd713347ac5bcd1c282c459	0	0	0	0	0	0	0	0	0	0	0	0	0	0	0	0	0	0	0	6	0	15	0	0	9	0	0
5fa97937c087ce34a2c5ae09d617b9b1	0	0	0	0	0	5	0	0	0	0	0	0	0	0	4	0	0	0	0	5	16	0	0	0	0	0	0
22a9463677f2cb8aa6ce6535e0ca43dd	0	0	0	0	0	0	0	0	0	0	0	0	0	0	0	0	0	0	0	0	3	0	0	0	0	21	6
54e0dd9fad701060e188c1d5e85a7fdf	0	0	0	0	0	0	0	0	0	0	0	0	0	29	0	0	0	0	0	0	0	0	0	0	0	0	0
7b24e09bade09112e916e66ef4b41ba9	29	0	0	0	0	0	0	0	0	0	0	0	0	0	0	0	0	0	0	0	0	0	0	0	0	0	0
833c4fda6eabb5c2b616385d8c9cc5eb	0	0	0	0	0	0	0	0	0	0	0	0	0	0	0	0	0	0	0	29	0	0	0	0	0	0	0
36097ef26957ce4fdd7a71fe7f7cb7af	0	0	0	0	0	0	0	0	0	6	0	0	0	0	0	0	0	0	0	0	0	0	3	0	5	11	4
1c49bfdf10c1079ce5f37ba41a43bfa8	0	0	0	0	0	0	0	0	0	0	0	0	0	0	0	0	0	0	0	29	0	0	0	0	0	0	0
1250cbf1baccac77f6e0a4d938d12169	0	0	0	0	0	0	0	0	0	0	0	0	0	0	0	0	0	0	0	11	0	18	0	0	0	0	0
8c527e768c4215dde051230d503fc8f6	0	0	0	0	0	12	0	11	0	0	0	0	0	0	0	0	0	6	0	0	0	0	0	0	0	0	0
22d24c1311431941ad8677869318932f	0	0	0	0	0	0	0	0	0	0	0	0	0	0	0	0	0	0	0	2	15	0	0	0	0	7	5
d6c3a52ed59e6c0a74c3adff2ee0d525	0	0	0	0	0	0	0	0	0	0	0	0	0	0	0	0	0	0	5	0	21	0	0	0	0	0	3
14828901153c05695af6c78b02a162da	0	0	0	0	0	0	0	0	0	0	0	0	0	0	0	0	0	11	0	0	0	0	0	0	0	18	0
735012a48b386cb963aa9b5f0ec7059d	3	0	0	0	0	0	0	0	0	0	0	0	0	0	26	0	0	0	0	0	0	0	0	0	0	0	0
df71de0e92459aa808364311135bb8fc	0	0	0	0	0	0	0	0	0	0	0	0	0	0	0	0	0	0	0	0	0	0	0	0	0	0	29
d12833fed8673a8d32d1adc368a01538	0	29	0	0	0	0	0	0	0	0	0	0	0	0	0	0	0	0	0	0	0	0	0	0	0	0	0
33730981125ce69a8726bada07ee7ff6	7	0	0	0	0	0	22	0	0	0	0	0	0	0	0	0	0	0	0	0	0	0	0	0	0	0	0
ff98ab846c8f29e5e5f5cce385b28a7b	0	0	0	2	0	0	0	0	0	0	6	0	0	0	0	0	0	0	0	0	17	0	4	0	0	0	0
241dabd4901db50f657e8e9e90977528	0	0	0	0	0	0	0	0	0	0	0	0	0	0	0	0	0	0	0	0	0	0	6	0	3	0	20
e234c0d07b0652afe259ec8b7d551ecb	0	0	0	0	0	0	0	0	0	0	0	0	0	0	0	0	0	0	0	0	0	0	15	14	0	0	0
86fbb89932a18acd5487a42438ef4dc0	0	0	0	0	0	0	28	0	0	0	0	0	0	0	0	0	0	0	0	0	0	0	0	0	0	0	0
39d96ded98b9db72e5ce5de3df737669	0	0	0	0	0	0	0	0	0	0	0	0	0	0	0	0	0	0	0	0	0	0	11	17	0	0	0
9e3e6a1c58d9855cfe90dccf262ac1df	0	5	0	0	0	5	0	0	0	0	0	0	0	0	0	0	0	0	0	0	0	0	0	0	0	18	0
6842a1e02d31795f7adadac6b0cc3ac8	0	0	0	0	0	0	0	0	0	0	0	0	0	0	0	0	0	0	0	0	0	17	0	0	11	0	0
70a01607c00ee33f9780116b2e763cec	0	0	0	0	0	0	0	0	0	0	0	24	0	0	0	0	0	4	0	0	0	0	0	0	0	0	0
a164e56f66d8d5f57ea79c5b106194bd	0	0	0	0	0	0	0	0	0	0	0	0	0	0	0	0	0	0	0	0	28	0	0	0	0	0	0
34ec42044c0d886b375a356f164f6bd3	0	0	0	0	0	0	0	0	0	0	0	0	0	0	0	0	0	0	0	12	16	0	0	0	0	0	0
dddceb9c0b8ab2588398b47d8349fbb2	0	0	0	0	0	0	0	0	0	0	3	0	0	25	0	0	0	0	0	0	0	0	0	0	0	0	0
76c43907ab804f0376123b5d23f1dd81	0	0	0	0	0	8	0	0	0	0	0	0	0	0	0	12	0	8	0	0	0	0	0	0	0	0	0
0e94cc75df167471dc8a9fe8104ed7e9	0	0	0	0	0	0	0	0	0	0	0	0	0	0	0	0	0	0	0	0	28	0	0	0	0	0	0
68b9367b5c572731cdc8cf8798b68e6f	0	0	0	0	0	0	0	0	0	0	0	0	0	0	0	0	0	0	0	2	0	0	0	17	0	9	0
7876a5906e5be58d068237cd0b6ebb3c	0	0	0	0	0	4	0	0	4	0	0	0	0	0	0	0	0	0	0	0	0	7	0	3	0	4	6
cdc9eb301c1347f5753343884d1a5b41	0	0	0	0	0	0	0	0	0	0	0	0	0	0	0	0	0	0	0	8	9	0	0	0	0	0	11
de2f81775998c151256d2a2b1ebaeee0	0	0	0	0	0	0	0	0	0	0	0	0	0	0	0	0	0	0	0	0	19	0	0	0	0	0	9
67588f6f0b9b141bc5f37204a50da5bf	0	0	0	0	0	0	28	0	0	0	0	0	0	0	0	0	0	0	0	0	0	0	0	0	0	0	0
016a372ed10b8fc27e6f925c235c1dd4	0	0	0	0	0	0	0	0	0	0	0	0	0	0	0	0	0	0	0	5	0	0	0	0	22	0	0
37c9c05391818c7a6ffa38262321f5fc	0	0	0	0	0	0	0	0	0	0	0	0	0	0	0	0	0	0	0	0	0	19	0	0	8	0	0
edb9c10a487ad4ace7c08ebe26d7145a	0	0	0	0	0	0	0	0	0	0	0	0	0	0	0	0	0	0	4	0	4	7	0	0	12	0	0
6d28e6ab18c0f0428d779a37185106a2	21	0	0	0	0	0	6	0	0	0	0	0	0	0	0	0	0	0	0	0	0	0	0	0	0	0	0
ecc089e109208b57062e5f8b85c312dc	0	0	0	0	0	0	0	0	0	0	0	0	0	0	0	0	0	0	0	0	0	0	18	0	9	0	0
ecba596a7d6b31cde677520400f0f4b4	0	0	0	0	0	0	0	0	0	0	0	0	0	0	0	0	0	0	0	0	0	0	0	0	0	0	27
72843ccb47965254f3d348a6f2b9a294	0	0	0	0	0	0	0	0	0	0	0	0	0	0	0	0	0	0	0	27	0	0	0	0	0	0	0
7891620ada1c82d726cf569bf30ccab8	0	0	0	0	0	0	27	0	0	0	0	0	0	0	0	0	0	0	0	0	0	0	0	0	0	0	0
9f391663c5a41de8935c4443d7625a3d	0	0	0	0	0	0	0	0	0	0	0	0	0	0	0	0	0	0	8	0	13	0	3	3	0	0	0
36201b8f609be2400d1352c78de45cc6	5	0	0	0	0	0	0	0	0	0	0	0	0	0	0	17	2	3	0	0	0	0	0	0	0	0	0
d3598080bb82b75f792ade74d0cbb7a7	0	0	0	0	0	0	0	0	0	0	0	17	0	0	0	0	0	0	0	0	0	0	0	10	0	0	0
b146e9441a7975f80db1ca7d86de0b11	0	0	0	0	0	0	0	0	0	0	0	0	0	0	0	0	0	0	0	0	3	10	0	0	0	9	5
37d9be95a4e5f5bc5aa28793ddc8e41f	14	0	0	0	0	0	0	0	0	0	10	0	0	0	3	0	0	0	0	0	0	0	0	0	0	0	0
cdccf4cf45d3bbdbb3d0206fbf2e2fab	0	0	0	0	0	0	0	0	0	0	0	0	0	0	0	0	0	27	0	0	0	0	0	0	0	0	0
52624d7eb2b6d30f5eaf917ac933362b	0	0	0	0	0	0	0	0	0	0	0	0	0	0	0	0	0	0	0	0	0	0	0	0	0	27	0
f8b3c55a30c3a6ac053cab07e16ca34f	0	0	0	0	0	0	0	0	0	0	0	0	0	0	0	0	0	0	0	6	3	0	3	0	4	4	6
f5e83ee563824551767adec435300d1f	26	0	0	0	0	0	0	0	0	0	0	0	0	0	0	0	0	0	0	0	0	0	0	0	0	0	0
75606420248bb357440b1933f47b2595	0	0	0	0	0	0	0	0	0	0	0	0	0	0	0	0	0	0	26	0	0	0	0	0	0	0	0
a85cf73a578a2ac0405f19a451a17c12	0	0	0	0	0	0	0	0	0	0	0	0	0	0	0	0	0	0	0	0	0	0	26	0	0	0	0
c6d24c4982b88cc21a2e011026e2aba4	0	0	0	6	0	0	0	0	0	0	0	0	0	0	0	20	0	0	0	0	0	0	0	0	0	0	0
48a872479d46e959a4c8cd2016bc0bdc	0	0	0	0	0	0	0	0	0	0	0	0	0	0	0	0	0	0	0	0	0	0	0	0	0	26	0
2508926b89e89ad66779d3097c35004b	0	0	0	0	0	0	0	0	0	0	0	0	0	0	0	0	0	0	0	0	0	0	0	0	0	26	0
13b6fe10adac49ecc9b14fe3058e7cc4	0	0	0	0	0	0	0	0	0	0	26	0	0	0	0	0	0	0	0	0	0	0	0	0	0	0	0
ee2942a52f9fd9efa4a37e9ae626c487	0	0	0	0	0	0	0	0	0	0	0	0	0	26	0	0	0	0	0	0	0	0	0	0	0	0	0
d95c9b9d40850582e8fa353fcade987b	0	0	26	0	0	0	0	0	0	0	0	0	0	0	0	0	0	0	0	0	0	0	0	0	0	0	0
892a0fc53b26d6a2c193d145b2464da7	0	0	0	0	13	0	0	0	0	0	0	0	13	0	0	0	0	0	0	0	0	0	0	0	0	0	0
d207ccdc4843abaa63071a3601589ea8	0	18	0	0	0	0	0	0	0	0	0	0	0	0	8	0	0	0	0	0	0	0	0	0	0	0	0
bb503d3199a1c1954772cb7ff61f00f6	0	0	0	0	0	0	0	0	0	0	13	0	0	0	7	0	4	2	0	0	0	0	0	0	0	0	0
471405b151165bc3715c03a06a2b63c3	0	0	0	0	0	0	0	0	0	0	0	0	0	0	0	0	0	0	0	26	0	0	0	0	0	0	0
597e7bf33d588c52203b0afd5a158709	0	0	0	0	0	0	0	0	0	0	0	0	0	0	0	0	0	0	0	0	0	26	0	0	0	0	0
867767c4603a7d1cecda0d28ff05054d	0	0	0	0	0	0	0	0	0	0	0	0	0	0	0	0	0	0	7	0	10	0	0	0	9	0	0
5d74c01ed0f52dd6ce8eaa2f4016cbe7	0	0	0	0	0	0	0	0	0	0	0	0	0	0	0	0	0	0	0	0	0	0	22	0	2	0	2
cf783bdb22161aae5853fc1f025fc752	0	0	0	0	0	13	0	0	0	0	0	0	0	0	0	0	0	13	0	0	0	0	0	0	0	0	0
ca61a8ea13943524f0f63090b66d787e	0	0	0	0	0	0	0	0	0	0	0	0	0	0	0	0	0	0	0	0	0	5	3	0	0	18	0
0b0815311568725370bce6549c31dea4	0	0	0	0	0	0	0	0	0	0	0	0	0	0	0	0	0	0	0	0	0	26	0	0	0	0	0
67af8ea66a8349d04cd4bda199abe5da	0	0	0	0	0	0	0	0	0	0	0	0	0	0	0	0	0	0	0	0	0	15	0	0	11	0	0
d6a729a1e0874387d8544250cf70a3ff	0	2	0	0	0	0	6	0	0	0	0	0	0	0	5	0	0	12	0	0	0	0	0	0	0	0	0
4ceb14ab1c8171d4f7ade65bf903ee14	0	0	0	0	0	0	0	0	0	0	0	0	0	0	0	0	0	0	0	0	0	0	0	0	25	0	0
4469a041ef30558c76e3a62e678bda0c	0	0	0	0	9	0	0	0	0	0	16	0	0	0	0	0	0	0	0	0	0	0	0	0	0	0	0
988c5bdaa8c840c645b3b79b8e9b2fab	4	4	0	3	0	0	0	0	0	0	0	0	0	0	8	0	0	6	0	0	0	0	0	0	0	0	0
fde9e9aa9402f330e094b5a7effd3c46	0	0	0	5	0	3	0	3	0	0	0	0	0	0	0	0	0	0	0	0	0	0	0	0	14	0	0
c4ea66c4e474627865b6e88b274d1351	25	0	0	0	0	0	0	0	0	0	0	0	0	0	0	0	0	0	0	0	0	0	0	0	0	0	0
db9eecf8306b14682074e5332d07306a	0	0	0	0	0	0	0	0	0	0	0	0	0	0	20	5	0	0	0	0	0	0	0	0	0	0	0
26c12c170a2315fa777d15ba96166930	0	0	0	0	0	0	0	0	0	0	0	0	0	0	0	0	0	0	0	0	0	25	0	0	0	0	0
63cc9e749a06756a97d1f45b5f81d7da	0	3	3	0	0	0	0	0	0	0	0	8	0	7	0	0	4	0	0	0	0	0	0	0	0	0	0
19cffc38624e174bb12a2c89e33db2e5	25	0	0	0	0	0	0	0	0	0	0	0	0	0	0	0	0	0	0	0	0	0	0	0	0	0	0
42a43d7f97efa00c5e628a368894746d	9	0	0	0	6	0	0	0	0	0	0	0	0	0	5	0	0	3	0	0	0	0	0	0	0	2	0
823d83a21e70b2841700a5101602f8a0	0	0	0	0	0	0	0	0	0	0	0	0	0	0	0	0	0	0	25	0	0	0	0	0	0	0	0
8a83da895f30577482440adf41ccfcf0	0	0	0	0	0	0	0	0	0	0	0	0	25	0	0	0	0	0	0	0	0	0	0	0	0	0	0
7d709346a9041e16c54ad0d930173af6	0	0	0	0	0	0	0	0	0	0	0	0	0	0	0	0	0	0	0	11	6	0	0	0	8	0	0
c9e7f9f71c9fd43c1cee6ecbd14a4d2a	0	0	0	0	0	0	0	0	0	0	0	0	0	0	0	0	0	0	0	0	0	0	0	0	25	0	0
0f34910f37338a141d04e12b11a5c835	0	0	0	0	0	0	0	0	0	0	0	0	0	0	0	0	0	0	0	0	0	0	0	0	25	0	0
a3a42a779d40ae9d5937751f73125305	0	0	0	0	0	0	0	0	0	25	0	0	0	0	0	0	0	0	0	0	0	0	0	0	0	0	0
540e04eb50350920063f25b701d7308d	0	0	0	0	0	0	0	0	25	0	0	0	0	0	0	0	0	0	0	0	0	0	0	0	0	0	0
0e255440da69d3b1b330d3d2fb66615c	0	0	0	0	0	0	0	0	0	0	0	0	0	25	0	0	0	0	0	0	0	0	0	0	0	0	0
3bd375b41544647026d3eb3f567b8a84	0	0	0	0	0	0	0	0	0	0	0	0	0	0	0	0	0	0	0	0	0	0	0	0	25	0	0
70a23bafc44954b6879f5aff006d3e54	0	0	0	0	0	0	0	0	0	0	0	0	0	0	0	0	0	0	0	0	0	0	0	11	0	14	0
65d43491988bfe557da4d86a5ba25dae	0	0	0	0	0	0	0	0	0	0	0	0	0	0	3	0	0	0	0	0	0	7	0	0	14	0	0
08bfe009e83e1f5b8565ed97438eaaeb	0	0	0	0	0	0	0	0	0	0	0	0	0	24	0	0	0	0	0	0	0	0	0	0	0	0	0
d6adb91a4241ed5e84d12e22b4b99438	0	0	0	0	24	0	0	0	0	0	0	0	0	0	0	0	0	0	0	0	0	0	0	0	0	0	0
8cf1e3020d327b6a32a29fe26a7249c4	0	0	0	0	0	0	0	0	0	4	0	0	0	3	0	0	0	0	0	0	0	12	0	0	0	5	0
66206d59214d8cc4ecb65a71e9350c9c	0	0	0	0	0	0	0	0	0	0	0	0	0	0	0	0	0	0	0	0	0	15	0	0	9	0	0
8b652b934fe33336aef9c311814d942d	0	0	0	0	0	0	0	0	0	0	0	0	0	0	0	0	0	0	0	0	0	0	0	10	0	0	14
809d50ae243b99a234289e38650d26b9	0	0	0	0	0	0	0	0	0	0	0	0	0	0	0	0	0	0	0	0	0	13	0	4	0	0	7
39b1eff03a63f03d36010e74261a466b	0	0	0	0	0	0	0	0	0	0	0	0	0	0	0	0	0	0	0	3	0	0	2	6	3	10	0
0ff17abc7ed7e352762e88eb68ce52cd	0	0	0	0	0	0	0	0	0	0	0	0	0	0	0	0	0	0	0	0	0	0	0	0	24	0	0
7e1733ea4f69a38e4c9cefe2293c1860	15	0	0	0	9	0	0	0	0	0	0	0	0	0	0	0	0	0	0	0	0	0	0	0	0	0	0
bc3dc4996220477adf0024af80cf0fcd	0	0	0	0	0	0	0	0	0	0	0	0	0	0	0	0	0	0	0	8	0	0	0	0	0	6	10
d25dc8717dd5ef83ae7698dc77e60f3c	0	0	0	2	0	5	0	0	0	3	0	0	0	4	0	3	0	0	0	0	7	0	0	0	0	0	0
ee866b92e722c35819b112aadc4ac885	0	0	0	0	0	0	0	0	0	0	0	0	0	0	0	0	0	0	0	24	0	0	0	0	0	0	0
30f5e75335e5c6f8c5a39cddbda052fc	0	0	0	0	0	0	0	0	0	0	0	0	0	0	0	0	0	0	0	0	0	24	0	0	0	0	0
c6ad9637214d6c055cc1b8b43484f92d	0	9	0	0	4	0	0	0	3	0	0	7	0	0	0	0	0	0	0	0	0	0	0	0	0	0	0
29b7957ef75adbebd36f1e051d10edf0	0	0	0	0	0	0	0	0	0	0	0	0	0	0	23	0	0	0	0	0	0	0	0	0	0	0	0
87f7b9254c4136c088ed7078e9d32241	23	0	0	0	0	0	0	0	0	0	0	0	0	0	0	0	0	0	0	0	0	0	0	0	0	0	0
cbacd87f1602d07851b107bf323308ea	2	0	7	0	0	0	0	0	6	0	6	0	0	0	0	0	0	0	0	0	0	0	2	0	0	0	0
b614aa73dcac429073adbec49672ac44	0	0	0	0	0	0	0	0	0	0	0	0	0	0	0	0	0	0	0	0	0	9	0	0	0	0	14
4066bd673ae4accaad3d8a94bcdb2d24	0	0	0	0	0	0	0	0	0	0	0	0	0	0	0	0	0	0	0	8	0	0	0	0	0	15	0
6b2f722c161cba51b99a5e9add22ecaf	0	0	0	0	0	0	0	0	0	0	0	0	0	23	0	0	0	0	0	0	0	0	0	0	0	0	0
4f63c4b214226f2c81150de332442aad	0	0	0	0	0	0	0	0	0	0	0	0	0	0	0	0	0	17	0	0	0	0	0	6	0	0	0
1e58e379b70b6355a45ce1a2c36ae8ab	0	0	0	0	0	0	0	0	0	0	0	0	0	0	0	0	0	0	0	6	0	0	9	8	0	0	0
3c60b34430f99451957a30dca2592953	0	0	0	0	0	0	0	0	0	0	0	0	0	0	0	0	0	0	0	0	0	0	0	0	0	9	14
e8ad97d88a22d29a6fdf5bdddc60179a	0	0	0	0	0	0	0	0	0	0	0	0	0	0	0	0	0	0	0	0	0	7	0	16	0	0	0
0316b6bb8a274e846eac9c5c3efbd577	0	0	0	0	0	0	0	0	0	0	3	0	0	0	0	6	12	2	0	0	0	0	0	0	0	0	0
33b5862b0cabcc5281d5bb3bd572046a	14	0	0	0	0	0	0	0	0	0	9	0	0	0	0	0	0	0	0	0	0	0	0	0	0	0	0
110a6a7f9cfd3354371c9f07e1901863	0	0	0	0	0	0	0	0	0	0	0	0	0	0	0	0	0	0	7	0	0	0	11	0	5	0	0
78409b66122bc860327a0d77ff8b1ad6	0	0	0	0	0	0	0	0	0	0	0	23	0	0	0	0	0	0	0	0	0	0	0	0	0	0	0
b7d6cf3f7467ca45087ca083796a0af0	0	0	0	0	0	0	0	0	0	0	0	0	0	23	0	0	0	0	0	0	0	0	0	0	0	0	0
40c889dae2108f553b2344fe44ea8374	0	0	0	0	3	0	0	0	0	0	5	0	0	0	10	3	2	0	0	0	0	0	0	0	0	0	0
ce7deedd0f541b5286425938fcd6e413	0	0	0	0	0	0	0	0	0	0	0	0	0	0	0	0	0	0	0	0	3	7	0	3	7	0	3
726aee8b616e4f01c954a6244cca072c	0	0	3	0	0	0	0	0	0	0	0	8	0	0	0	7	3	2	0	0	0	0	0	0	0	0	0
92b48d9d2ebf3f4b0d153805997488d7	0	0	0	0	0	0	0	0	0	0	0	0	0	0	0	0	0	0	0	0	4	0	0	0	0	0	19
6deef50e9c051ebf4382dfce905a69bc	0	0	0	2	0	4	0	0	0	0	0	0	0	0	0	2	0	0	0	0	0	0	7	0	0	5	3
53e8389028f3821f782fbf4186e1ef22	0	0	0	0	0	0	0	0	0	0	0	0	0	0	0	0	0	0	0	0	0	12	0	0	3	2	6
41f0b6eb8cc68ad96c08822764d4d33c	0	0	0	0	0	0	0	0	0	0	0	0	0	0	0	0	0	0	0	0	0	0	0	0	0	23	0
10399e62d2469b6bf3fe01c80e1bfd70	0	0	0	0	0	0	0	0	0	0	0	0	0	0	0	0	0	0	3	7	0	0	0	0	0	0	13
a7acb3bf92266cfedcffc922c8af74fc	23	0	0	0	0	0	0	0	0	0	0	0	0	0	0	0	0	0	0	0	0	0	0	0	0	0	0
d536f111d4d17a104280146d67b7b322	0	0	0	0	0	0	22	0	0	0	0	0	0	0	0	0	0	0	0	0	0	0	0	0	0	0	0
52c8c358e14bf7268d13d852f5a1be7a	0	0	0	0	0	0	22	0	0	0	0	0	0	0	0	0	0	0	0	0	0	0	0	0	0	0	0
04021c4bb060b46a7d1f1dad4e57c223	0	0	0	0	0	0	0	0	0	0	0	0	0	22	0	0	0	0	0	0	0	0	0	0	0	0	0
80171a28756bd9f4c05acd3ca02bbbbf	0	0	0	0	0	0	0	0	0	0	0	0	0	0	0	0	0	0	0	0	0	0	0	0	0	22	0
24346a2d61216fb2a33b7ddb431d3c9b	14	0	0	0	0	0	0	0	0	0	0	0	0	0	8	0	0	0	0	0	0	0	0	0	0	0	0
a6c7303cfcf39850ef3bb1485ac9cc9b	0	0	0	0	0	0	0	0	0	0	0	0	0	0	3	0	0	2	0	0	0	0	4	4	0	0	9
c5b33decc6caf5cac1a884e3844c096f	0	0	0	0	0	0	0	0	0	0	0	0	0	0	0	0	0	0	0	0	0	0	0	22	0	0	0
724c2a2562ec8ce09bb935de52b8f316	0	0	0	0	0	0	0	0	0	0	0	0	0	0	0	0	0	0	0	0	0	0	22	0	0	0	0
8d42612a9d9454078536572d947215f4	0	0	0	0	0	0	0	0	0	0	0	0	0	0	0	0	0	0	0	0	0	22	0	0	0	0	0
5e541b902545f4a20c655f280cb1c423	0	0	0	0	0	0	0	0	0	0	0	0	0	0	0	0	0	0	0	0	0	22	0	0	0	0	0
fe4a59b9c520e77a0f54d360bce8d78d	0	0	0	0	0	0	0	0	0	0	0	0	0	0	0	0	0	0	0	0	22	0	0	0	0	0	0
1046cb7fb92ea938917c8ab826db1a8a	2	0	0	0	2	0	0	0	0	0	18	0	0	0	0	0	0	0	0	0	0	0	0	0	0	0	0
4a15222fb1f9f3724c0fa4e80e792618	0	0	0	0	0	0	0	0	22	0	0	0	0	0	0	0	0	0	0	0	0	0	0	0	0	0	0
e58bc38438f8db8c3936b999dc015691	0	0	0	0	0	0	0	0	0	0	0	0	0	22	0	0	0	0	0	0	0	0	0	0	0	0	0
a4aa5f2922a080d6ac5780559b7216d4	0	0	0	0	0	0	0	0	0	0	0	0	0	0	0	0	0	0	0	8	0	0	0	0	0	0	14
38042497b64dcd8a4053e0bfc6917f69	9	0	0	0	0	0	0	0	0	0	0	0	0	0	0	0	0	13	0	0	0	0	0	0	0	0	0
624255960b31575969f72395a657c6e5	0	0	0	0	0	0	0	0	0	0	0	0	0	0	10	0	12	0	0	0	0	0	0	0	0	0	0
84afc50fda716d9829fa6dd9e25784a7	0	0	0	0	0	8	0	0	0	0	0	0	0	0	0	0	0	5	0	0	9	0	0	0	0	0	0
dad79007680071397ba8fc6c0c97d8b2	0	0	0	0	0	0	0	0	0	0	0	0	0	0	0	0	0	0	0	0	0	22	0	0	0	0	0
c50bb8c04b551636fe52a1b7031a0539	0	0	0	0	0	0	0	0	0	0	0	0	0	0	0	0	0	0	0	0	22	0	0	0	0	0	0
3cfb84fe279e10fabbc2bd7e60c497c4	0	0	0	0	0	0	0	0	22	0	0	0	0	0	0	0	0	0	0	0	0	0	0	0	0	0	0
6f3f68e5c8e2a11b388ddbbea9fa182d	0	22	0	0	0	0	0	0	0	0	0	0	0	0	0	0	0	0	0	0	0	0	0	0	0	0	0
8d4b51998b3310a1e96483dae8166a38	0	0	0	0	0	0	0	0	0	0	0	0	0	0	0	0	0	0	0	0	10	0	0	0	0	0	12
3df65496fb0a02b5389f4df626a903b2	14	0	0	0	0	0	8	0	0	0	0	0	0	0	0	0	0	0	0	0	0	0	0	0	0	0	0
1223fa4a0a99ed5397fabac4895c5e46	0	0	0	0	0	0	0	0	0	0	0	0	0	0	0	0	0	0	0	0	0	22	0	0	0	0	0
6740e5c85e9be8812e338d51a2676f74	0	0	0	0	0	0	0	0	0	0	0	0	0	0	0	0	0	0	0	0	0	0	0	0	0	21	0
9154b69a1b3c25aac8b21303f49e3458	0	0	0	0	0	0	0	0	0	0	0	0	0	3	0	0	0	0	0	0	3	9	0	0	0	0	6
fd5786c34fcd869feecb36f039662457	0	0	0	0	0	0	0	0	0	0	0	11	0	0	0	0	0	0	0	0	0	0	0	0	0	10	0
8035fff4b061bc999f13f68980efc883	6	0	0	0	2	0	0	0	0	0	5	0	0	0	0	0	4	4	0	0	0	0	0	0	0	0	0
6f0b3920ac45f0243eb6fee93d8634ca	0	0	0	0	0	0	21	0	0	0	0	0	0	0	0	0	0	0	0	0	0	0	0	0	0	0	0
12a92fff3f47ba0f236e019db8b703ca	0	0	0	0	11	8	0	0	0	0	0	0	0	0	0	2	0	0	0	0	0	0	0	0	0	0	0
101951aabf4e77306397fe2aef3a7e88	0	0	0	0	0	0	0	0	0	0	0	0	0	21	0	0	0	0	0	0	0	0	0	0	0	0	0
ea93341e08300bd78c3ea01820b82240	0	0	0	0	0	7	0	0	0	0	0	0	0	0	0	0	0	9	0	0	0	0	5	0	0	0	0
f5f3963dc3df24f9fdde066db73c246c	0	0	0	0	0	0	0	0	0	0	21	0	0	0	0	0	0	0	0	0	0	0	0	0	0	0	0
610d0c60b89e515c69d8e90f6fe80d97	7	0	0	0	0	0	6	0	0	5	0	3	0	0	0	0	0	0	0	0	0	0	0	0	0	0	0
db4cc989ecbda95bb982fe0aae4aa33c	0	0	0	0	0	0	0	0	0	0	0	0	0	0	17	0	4	0	0	0	0	0	0	0	0	0	0
fed2c9ad97e9f8323ae58f75e5ee7006	0	0	0	0	0	0	0	0	0	0	0	0	0	0	0	0	0	7	0	5	3	0	0	0	0	6	0
0ceb9e7a4ae6da88e05efc2d7edba1fc	0	0	0	0	0	5	0	0	0	4	0	0	0	0	0	3	0	0	0	0	9	0	0	0	0	0	0
d746846bcfa10d5c6a762d5ee4d6c876	0	0	0	0	5	0	0	0	0	0	5	0	0	0	5	0	4	2	0	0	0	0	0	0	0	0	0
6f6b175b91b481085ff31f57da023d63	0	0	0	0	0	0	0	0	0	0	0	0	0	0	0	0	0	0	0	0	0	0	0	0	0	0	21
b7a2bc450146ff938fb3354ecc36444a	21	0	0	0	0	0	0	0	0	0	0	0	0	0	0	0	0	0	0	0	0	0	0	0	0	0	0
cc761daf51f27c423da57f3f1f0ff5cc	0	0	0	0	0	0	0	0	0	0	21	0	0	0	0	0	0	0	0	0	0	0	0	0	0	0	0
472466279b75a9efd1ce4fbc71e9f0bd	0	0	0	0	0	0	0	12	0	0	0	0	0	0	0	9	0	0	0	0	0	0	0	0	0	0	0
44dc617c6063bacb21099cbf8e1d0963	0	0	0	0	14	0	0	0	0	0	7	0	0	0	0	0	0	0	0	0	0	0	0	0	0	0	0
e80b433bb3518895e580b3fe5a882a16	19	0	0	0	0	0	0	0	0	0	2	0	0	0	0	0	0	0	0	0	0	0	0	0	0	0	0
a866d419a13285282cf2411f43c217b3	0	0	0	0	0	5	0	0	0	0	4	0	0	0	5	0	7	0	0	0	0	0	0	0	0	0	0
06d00f760cc0e151c5d5e991c9034e10	0	0	0	0	0	0	0	0	0	0	0	0	0	0	0	0	0	0	0	0	12	0	0	0	0	0	9
4ece9bc18568cfaeb4b26ec23189b235	0	0	0	0	0	0	0	0	0	0	0	0	0	0	0	0	0	0	0	5	2	0	0	2	4	0	7
c0acc4ddeccf14732fdc726efab91028	0	0	0	0	0	0	5	0	0	0	0	0	0	0	0	0	0	0	0	15	0	0	0	0	0	0	0
ac8fb42677e0000af363dc4ec1a627d8	17	0	0	3	0	0	0	0	0	0	0	0	0	0	0	0	0	0	0	0	0	0	0	0	0	0	0
082ab9e161e5567934b6349007b91025	0	0	0	0	0	0	0	0	0	0	0	0	0	0	0	0	0	0	0	0	0	20	0	0	0	0	0
8dbea74199a72e0818e216805ece0809	0	0	0	0	0	0	0	0	0	0	0	0	0	0	0	0	0	0	0	7	0	5	0	0	8	0	0
254cd54eaf0e7301dc9d0c9e2dc53710	0	0	0	0	0	0	0	0	0	0	0	0	0	0	0	0	0	0	0	12	8	0	0	0	0	0	0
90e2889b0838bc8c61fedd6e37c12dfc	0	0	0	0	0	0	20	0	0	0	0	0	0	0	0	0	0	0	0	0	0	0	0	0	0	0	0
a52da99c0600d181fdaa0ee731e88057	0	0	0	0	0	0	0	0	0	0	0	0	0	20	0	0	0	0	0	0	0	0	0	0	0	0	0
e61a7bc42a30f0ca4f170b5e3f6cad0c	0	0	11	0	9	0	0	0	0	0	0	0	0	0	0	0	0	0	0	0	0	0	0	0	0	0	0
170da4a26ca000e2245c8b471ff2fa71	0	0	0	0	2	0	0	0	0	0	0	0	0	0	0	0	0	4	7	0	7	0	0	0	0	0	0
718be4f2d111fa4aa4886cc4bad18027	0	0	0	0	0	0	20	0	0	0	0	0	0	0	0	0	0	0	0	0	0	0	0	0	0	0	0
534ae1292f8ab63bdd6f97344ef4656d	0	0	0	0	0	0	0	0	0	0	0	0	20	0	0	0	0	0	0	0	0	0	0	0	0	0	0
62d76f4b0f2427ab96c1406b3db21fa0	0	0	0	0	0	0	0	0	0	0	0	0	0	20	0	0	0	0	0	0	0	0	0	0	0	0	0
1f8460314bc02c7fce3bfb86bfce1569	0	0	0	0	0	0	0	0	0	0	0	0	0	0	0	0	0	0	0	20	0	0	0	0	0	0	0
ddced029df0588ee2940241d0909c8c1	0	0	0	0	0	0	0	0	0	0	0	0	0	20	0	0	0	0	0	0	0	0	0	0	0	0	0
0ed014312927af3e1c7ea99794894747	0	0	0	0	0	0	0	0	11	0	0	9	0	0	0	0	0	0	0	0	0	0	0	0	0	0	0
d2546a46960eae96514184144c701be1	6	5	0	0	0	2	0	0	0	3	0	0	0	0	0	0	0	2	0	2	0	0	0	0	0	0	0
14ff660452637cf706f1a97b7c9d2c57	0	0	0	0	0	0	3	0	0	0	0	0	0	0	0	0	0	17	0	0	0	0	0	0	0	0	0
68badc37fe266cc3fac4744d3bd62dda	0	0	0	0	0	0	0	0	0	0	0	0	0	20	0	0	0	0	0	0	0	0	0	0	0	0	0
87e4bde45d8b7af9169bbfd61add4d0b	0	0	0	0	0	2	0	0	0	0	0	0	0	0	0	0	0	0	0	0	0	9	4	0	0	0	5
35640606274e89a1603e415d4fcc169a	0	2	0	0	0	0	0	0	0	0	0	0	0	0	0	0	0	0	0	0	0	0	0	0	0	18	0
99014e86179241c8213618e23ccea6e7	0	0	0	0	0	0	20	0	0	0	0	0	0	0	0	0	0	0	0	0	0	0	0	0	0	0	0
7e86ceaf56a9da491e637ed4c6aebdbb	0	0	0	0	0	0	0	0	0	0	0	0	0	0	0	0	0	0	0	0	0	0	0	0	7	13	0
0db13ce7e3255b118e068902764bfaaf	0	0	0	0	0	0	0	0	0	4	0	0	0	0	0	0	0	0	0	0	0	0	16	0	0	0	0
46cd093e0b7133fd82cc6c05125a98c8	0	0	0	0	0	0	0	0	0	0	0	0	0	0	0	0	0	0	0	11	0	9	0	0	0	0	0
ad05ceecd4ba6c025b3fa147e7c56ddf	0	0	0	0	0	0	0	0	0	0	0	0	0	0	0	0	20	0	0	0	0	0	0	0	0	0	0
feae08080074243344a12135bb67ed48	9	0	0	0	0	7	0	0	0	0	0	4	0	0	0	0	0	0	0	0	0	0	0	0	0	0	0
acbbcf20dde5fa6302236a4158acb70c	3	0	0	0	0	0	0	13	0	0	0	0	0	0	0	3	0	0	0	0	0	0	0	0	0	0	0
463f09baeb9c21ae93338eec98c720f7	0	0	0	0	7	0	0	0	12	0	0	0	0	0	0	0	0	0	0	0	0	0	0	0	0	0	0
dfcaccc4b9dc8e4a3638d55c0664eff8	19	0	0	0	0	0	0	0	0	0	0	0	0	0	0	0	0	0	0	0	0	0	0	0	0	0	0
bb4d289232ad19c44eaf2f4aa5b30638	0	0	0	0	0	19	0	0	0	0	0	0	0	0	0	0	0	0	0	0	0	0	0	0	0	0	0
42c982c6597afe763b83ec119d39ae0a	0	0	0	0	0	0	0	0	0	0	0	0	0	0	0	0	0	0	0	0	19	0	0	0	0	0	0
429892ba65ebd90b3d48c94df9305f3e	0	0	0	0	0	0	0	0	0	0	0	0	0	0	0	0	0	0	0	0	0	11	5	3	0	0	0
3593702eead47b8e53d2b3a780e4e7c8	0	19	0	0	0	0	0	0	0	0	0	0	0	0	0	0	0	0	0	0	0	0	0	0	0	0	0
8aa149ade3bbde406dc6030049493f19	19	0	0	0	0	0	0	0	0	0	0	0	0	0	0	0	0	0	0	0	0	0	0	0	0	0	0
ec20c4158ae8572e64663bf4bcfc3c11	0	0	0	0	0	0	0	0	0	0	0	0	0	0	0	0	0	0	0	0	0	10	0	0	0	9	0
16924c7ae16d36848dc5c138994d0c24	0	0	0	0	0	0	0	0	0	0	0	0	0	0	0	0	0	0	10	0	0	0	0	0	0	0	9
d1c2ac4bb95711b1e5f88052ee02ab55	0	0	0	0	0	0	0	0	0	0	0	0	0	19	0	0	0	0	0	0	0	0	0	0	0	0	0
35bf567402ebef3b22c2e0dc8ac4bad1	0	0	0	0	0	0	0	0	0	0	0	0	0	0	0	0	0	4	0	0	15	0	0	0	0	0	0
24e3f503f26a7562d6c1e7e0c18160d2	0	0	0	0	0	0	0	0	0	0	0	0	0	19	0	0	0	0	0	0	0	0	0	0	0	0	0
65abe838981b2ef1de637c5a9ddd044c	0	0	0	0	0	0	0	0	0	0	0	0	0	0	0	0	0	0	0	0	0	19	0	0	0	0	0
0be70cb820bd074f0f080914da02851a	0	0	0	0	0	0	0	0	0	0	0	0	0	0	0	0	0	0	0	0	0	0	0	0	0	0	19
8e0c72d4d0ed5cf259fa2d40ff649a2e	0	0	0	0	0	0	0	0	0	0	0	0	0	0	0	0	0	9	0	0	4	6	0	0	0	0	0
53fee4d38c4f352835cd26f1659aa0ca	0	0	0	0	0	0	0	0	0	0	0	0	0	0	0	0	0	0	0	5	5	0	0	0	9	0	0
b97b7cb38c410c3890a5b75db9547581	0	0	0	0	0	0	0	0	0	0	0	0	0	0	0	0	0	0	0	4	0	6	0	0	0	0	9
fbad18c3ae18085050f098011a7a12df	0	0	0	0	0	0	0	0	0	0	0	0	0	0	0	0	0	0	0	0	0	19	0	0	0	0	0
f9b8937880f0cfa0af5a8b043f6b1733	0	0	0	0	0	0	0	0	0	0	0	0	0	0	0	0	0	0	0	3	13	0	0	0	0	0	3
a11c171910db4e3c0b10f9d01fb4e310	0	0	0	0	0	6	0	0	3	0	0	10	0	0	0	0	0	0	0	0	0	0	0	0	0	0	0
d789d0f82927e0c7330f2ce834e5dee4	0	0	0	0	0	0	0	0	0	0	0	0	0	19	0	0	0	0	0	0	0	0	0	0	0	0	0
648af8f49da3c415b7d48d50527eb906	0	0	0	0	0	0	0	0	0	0	0	0	0	0	0	0	0	0	0	0	0	0	0	0	19	0	0
669374f74ef0f97b42c1f7a2de3c5f21	0	0	0	0	0	0	0	0	0	0	0	0	0	0	0	0	0	3	0	0	3	0	0	0	0	13	0
53907ff9f69889d8f5ec10b9eafa2582	0	0	0	0	0	0	0	0	0	0	0	0	0	0	0	0	0	0	0	0	5	0	5	0	2	0	7
5bf4a36e5d700bb19dec3ad7c835c355	0	0	0	0	0	0	0	0	0	0	0	0	0	0	0	0	0	8	0	0	0	11	0	0	0	0	0
8cf747d7da9912614fbc83650756f38a	5	0	0	0	4	0	0	5	0	0	0	0	0	0	5	0	0	0	0	0	0	0	0	0	0	0	0
08b1fcc82260b84c0e830a98eb9bc0f3	0	0	0	0	0	0	0	0	0	0	0	0	0	0	0	0	0	0	0	0	0	0	0	0	0	8	11
a56647b812e192e97e47e0da77055c02	0	0	0	0	0	0	0	0	0	0	0	0	0	0	0	0	0	0	0	0	0	0	0	0	0	11	8
c35a6b2972c0b43c6d587fb0018a0a66	19	0	0	0	0	0	0	0	0	0	0	0	0	0	0	0	0	0	0	0	0	0	0	0	0	0	0
99be950acd04b1895e6a527e017fcfcc	0	0	0	0	0	0	0	0	0	0	0	0	0	0	0	0	0	0	0	0	0	7	0	0	0	12	0
82cd765fe66b316bc9dc6067bc630950	0	0	0	0	0	0	0	0	0	0	0	0	0	0	0	0	0	0	0	0	0	0	0	0	0	0	19
5e1b9a1b247f6eff58aee22d086ba494	0	0	0	0	0	0	0	5	5	0	0	8	0	0	0	0	0	0	0	0	0	0	0	0	0	0	0
16c64cc96f978d2d7e3599c54f801841	0	0	0	4	0	0	0	0	0	0	0	0	0	0	0	0	0	0	0	0	0	0	0	14	0	0	0
309763825fab6a5c528d312c01ff6a11	0	0	0	0	0	0	0	0	0	0	0	0	0	0	0	0	0	18	0	0	0	0	0	0	0	0	0
328990122454db415c3696781e42778f	0	0	0	0	0	0	0	0	0	0	0	0	0	0	0	0	0	0	0	0	0	9	0	0	3	6	0
dda465c26be95ed7df6bf5e5b57d734f	0	0	0	0	0	0	0	0	0	0	0	0	0	0	0	0	0	0	0	6	0	0	5	0	7	0	0
05f053268f65beb905f3509fd0cbbc75	0	0	0	0	0	0	0	0	0	0	2	0	0	0	9	0	7	0	0	0	0	0	0	0	0	0	0
ec0f2c0dafb364dfe9e9044a2db5f8fc	0	0	0	0	0	0	0	0	0	0	0	0	0	0	0	0	0	0	0	8	10	0	0	0	0	0	0
567037b76467291675d0b612172a08f4	13	0	0	0	0	0	0	0	0	0	0	0	0	0	0	0	0	0	0	5	0	0	0	0	0	0	0
ab587086612b3f90a622170ebc68beda	0	0	0	0	0	12	0	0	0	0	0	0	0	0	0	0	6	0	0	0	0	0	0	0	0	0	0
fea0e679788d0a7a188a9bb16685a482	0	0	0	0	0	0	0	0	0	0	0	0	0	3	0	0	0	0	0	0	11	0	0	0	4	0	0
5fb691caf53996697fc5745ffa6620ae	0	0	0	0	0	0	0	0	0	0	0	0	0	0	0	0	0	0	0	0	0	13	0	0	5	0	0
d9dcbc9bb7997abf0fb6cdb7e2e0bddc	0	0	0	0	0	0	0	0	0	0	0	0	0	0	0	0	0	0	0	0	0	18	0	0	0	0	0
8feef3ba03b14622d6d78fa37be76f0f	0	0	0	0	0	0	0	6	0	0	0	0	0	0	0	0	0	0	0	0	0	0	0	0	6	6	0
ead072edbb79070120f1365598e0f8d9	0	0	0	0	0	0	0	0	0	0	0	0	0	18	0	0	0	0	0	0	0	0	0	0	0	0	0
6b7b7dab05201afe4a91edb3378fa4c6	0	0	0	0	0	0	0	0	0	0	0	0	0	0	0	0	0	0	0	0	18	0	0	0	0	0	0
7334cc4e674b5e9d56db1a9081437f8f	0	0	0	0	0	0	0	0	0	0	0	0	0	0	0	0	0	0	0	0	10	0	0	0	0	0	8
73d826dabdbddbea0bd4551bb3d87046	0	0	0	0	0	0	7	11	0	0	0	0	0	0	0	0	0	0	0	0	0	0	0	0	0	0	0
361c706511fb080d91d06d9131640d79	0	0	0	0	4	0	0	0	0	0	14	0	0	0	0	0	0	0	0	0	0	0	0	0	0	0	0
7e8a6238d2b8e06fe07982db5f2dc2db	12	0	0	0	6	0	0	0	0	0	0	0	0	0	0	0	0	0	0	0	0	0	0	0	0	0	0
bcbcb5e88dfa88b9e1f0540068190969	0	0	0	0	0	0	0	0	0	0	0	0	0	0	0	0	0	0	8	0	0	0	0	0	0	10	0
390aa0ead006d38972199206eb2da24e	0	0	0	0	0	0	0	0	0	0	0	0	0	0	0	0	0	0	0	0	18	0	0	0	0	0	0
d6e51b8f8eef0b2c0b60de5305c76a06	0	0	0	0	0	0	0	0	0	0	0	0	0	18	0	0	0	0	0	0	0	0	0	0	0	0	0
6cea8fc984ae5d679e9fd6eb7194ab2e	0	18	0	0	0	0	0	0	0	0	0	0	0	0	0	0	0	0	0	0	0	0	0	0	0	0	0
fe3d89d3013a6f723037fa55d117a00a	0	0	0	0	0	0	0	0	0	0	4	10	0	4	0	0	0	0	0	0	0	0	0	0	0	0	0
7b273d2dad333af35713a60201fc62a2	0	0	18	0	0	0	0	0	0	0	0	0	0	0	0	0	0	0	0	0	0	0	0	0	0	0	0
77a1e8bc25be2a0afd352762ed9497ce	0	0	0	0	0	0	0	0	0	0	0	0	0	0	0	0	18	0	0	0	0	0	0	0	0	0	0
c64c41f875cd1c5e7956defd7636ec5c	2	0	0	0	0	0	0	0	0	0	16	0	0	0	0	0	0	0	0	0	0	0	0	0	0	0	0
ee0531c484ac5297d9cbab9c863209e1	0	0	0	0	0	0	0	0	0	0	0	0	0	0	0	0	0	0	0	0	0	0	18	0	0	0	0
3e1a26e59596ea4b27910d21a7f2685f	0	0	0	0	0	0	0	0	0	0	0	0	0	0	0	0	0	0	0	18	0	0	0	0	0	0	0
c9e44ff8f25329e24d5d7d46c392f300	0	0	0	0	0	0	0	0	0	0	0	0	0	0	0	0	0	0	0	0	0	0	0	0	0	17	0
dce8015f39d9798f147e574a87ea5e36	0	0	0	0	0	0	0	0	0	0	0	0	0	0	0	0	0	0	0	0	0	0	0	17	0	0	0
95c48655f0148815bbbf1c9613744284	0	0	0	0	0	0	0	0	0	0	9	0	0	0	8	0	0	0	0	0	0	0	0	0	0	0	0
9859f9abd9b5c6ab737a217df9031178	0	0	0	0	0	0	0	0	0	0	0	0	0	0	6	0	0	0	0	0	0	0	0	0	0	11	0
7c7e089bc4655765377fce35979aa564	0	0	0	0	0	0	0	0	0	0	0	0	0	0	0	0	0	0	0	0	0	0	0	0	0	0	17
a1fffdb754ecea6af7b515501bf9e232	0	0	0	0	0	0	0	0	0	0	0	0	0	0	0	0	0	0	0	0	0	0	0	17	0	0	0
d2af52fc6f48ab4d05c96dad9527d8a2	0	0	0	0	0	0	0	0	0	0	0	0	0	0	0	0	0	0	0	0	0	0	17	0	0	0	0
49c12f687ae97e8d7c62a1c907496c38	17	0	0	0	0	0	0	0	0	0	0	0	0	0	0	0	0	0	0	0	0	0	0	0	0	0	0
cc2c882b21321f1f03203240d266974d	0	0	0	0	0	0	0	0	0	0	0	0	0	0	0	0	0	0	0	17	0	0	0	0	0	0	0
ba42a5a4e3cc6a001ee9834d97e3b8d4	0	0	0	0	0	0	0	0	0	0	0	0	0	0	0	0	0	0	0	0	0	0	0	0	0	0	17
363b27152873e8e8d486e7c2508d556c	0	0	0	0	0	0	0	0	0	0	13	0	0	0	0	0	0	4	0	0	0	0	0	0	0	0	0
c428552adab88738378b4fd67be5faeb	0	0	0	0	12	0	0	0	0	0	5	0	0	0	0	0	0	0	0	0	0	0	0	0	0	0	0
293961231ffeb38178418da004dab137	0	0	0	0	0	0	0	0	0	0	0	0	12	0	0	0	0	0	0	0	0	0	0	5	0	0	0
066bdc6b07d639ce14965f03719d3003	9	0	0	0	0	0	0	0	0	0	0	0	0	0	0	0	0	0	8	0	0	0	0	0	0	0	0
5b9106f4a290708b7321aa04a4e935af	17	0	0	0	0	0	0	0	0	0	0	0	0	0	0	0	0	0	0	0	0	0	0	0	0	0	0
be20ec180a3e87677cfac675ba14e43a	0	0	0	0	0	0	0	0	0	0	0	0	0	0	0	0	0	0	0	0	17	0	0	0	0	0	0
6068865e896e739f4f7cfcffcdf2097e	0	0	0	0	0	0	0	0	0	0	0	0	0	0	17	0	0	0	0	0	0	0	0	0	0	0	0
98f21d2c01a35368825b60358c6f9e65	0	0	0	0	0	0	0	0	0	0	0	0	0	0	0	0	17	0	0	0	0	0	0	0	0	0	0
4ff8c785a0f341fa5cd09b1012ead13d	0	0	0	0	0	0	0	0	0	0	0	0	0	0	0	0	0	0	0	0	0	0	0	0	17	0	0
8402bd7efed67881d54b1987727d8233	0	0	0	0	7	0	0	0	0	0	0	0	0	0	5	0	3	0	0	0	0	0	0	0	2	0	0
bfec5ed9406b880de63428987fa746c7	0	0	0	0	0	0	0	0	0	0	0	0	0	0	0	0	0	0	0	0	0	17	0	0	0	0	0
264dab11766c188cdbdb62a233fa738f	0	0	0	0	0	0	0	0	0	0	0	0	0	0	0	0	0	0	0	3	0	0	0	8	0	6	0
1ad0767f609e8128a0956d34b20ca941	0	0	0	0	0	0	0	0	0	0	0	0	0	0	0	0	0	0	0	2	0	6	0	0	6	0	3
cbe9470a8adca07f891e2f0f3fc7bb21	0	0	0	0	0	0	0	0	0	0	0	0	0	0	0	0	0	0	0	0	0	0	0	17	0	0	0
c9c1674358e59d99dcbf35c423f3b45a	0	0	0	0	0	0	0	0	0	0	0	0	0	0	0	0	0	0	4	9	0	0	0	0	0	0	4
b5e6d073ba80b055fa84cb7c17917c16	0	0	0	0	0	0	0	0	0	0	0	0	17	0	0	0	0	0	0	0	0	0	0	0	0	0	0
a6c5d49c9ca476a642dc4e3a0e01cf4e	0	0	0	0	0	2	0	0	0	0	0	0	0	0	0	0	0	0	0	0	0	0	0	0	2	0	13
9c0de7908dd6ef3d536b42d9e11e0779	0	0	0	0	0	0	0	0	0	0	0	0	17	0	0	0	0	0	0	0	0	0	0	0	0	0	0
c6439ca3120aea780486afc69eecd799	0	0	0	0	0	0	0	0	0	0	0	0	0	0	0	0	0	0	0	0	17	0	0	0	0	0	0
d15bc449222795a9ff230013aa633686	0	0	0	0	0	0	0	0	0	0	10	0	0	0	0	0	0	0	0	0	0	7	0	0	0	0	0
f47beff0fc3748fcf424bf33bc490cf2	0	0	0	0	0	0	0	0	9	0	0	8	0	0	0	0	0	0	0	0	0	0	0	0	0	0	0
a4ff6eac158dd0bfb921cead1a7b8fe4	0	0	0	0	0	0	0	0	0	0	0	0	0	0	0	0	0	0	0	0	0	0	0	17	0	0	0
676be6946c5bebfd21534040aee59026	0	0	0	0	0	8	0	0	0	0	0	0	0	0	0	0	9	0	0	0	0	0	0	0	0	0	0
c7dcdde29a07f74afcb7b05afe89fc85	0	0	0	0	0	0	0	0	0	0	0	0	0	0	0	0	0	0	0	0	0	0	0	12	5	0	0
2dea55c454f4c118850702ec48d18339	0	0	0	0	0	0	0	0	0	0	0	0	0	17	0	0	0	0	0	0	0	0	0	0	0	0	0
764602ad0d70f46c0d696463adc0de3f	0	0	0	0	0	0	0	0	0	0	0	0	0	0	0	0	0	0	0	0	0	0	0	0	10	0	7
4c06bb79b0e22b616bf426c36315a839	0	0	0	0	0	5	0	0	0	0	0	0	0	0	0	0	0	0	0	0	7	0	0	0	0	5	0
35ff2ab3cb9e8eb0463cb2a5b057f5ad	17	0	0	0	0	0	0	0	0	0	0	0	0	0	0	0	0	0	0	0	0	0	0	0	0	0	0
27943c83fa60730806cd70b81de2eeb7	0	0	0	0	0	0	0	0	0	0	0	0	0	16	0	0	0	0	0	0	0	0	0	0	0	0	0
772ad1eb60ac8444ec6adcaf9e9777c7	0	0	0	0	0	0	0	0	0	0	0	0	0	0	0	0	0	0	0	0	5	0	0	0	0	9	2
1c9e537f2ad0d8bd38f7fb334f819285	0	0	0	0	0	0	0	0	0	0	0	0	0	0	16	0	0	0	0	0	0	0	0	0	0	0	0
cdb98232d060d6a24d8724b980692349	0	0	0	0	0	0	0	0	0	0	0	0	0	16	0	0	0	0	0	0	0	0	0	0	0	0	0
ec9562edcf3986f9a56ee377d8ff737c	0	0	0	0	0	0	0	0	0	0	16	0	0	0	0	0	0	0	0	0	0	0	0	0	0	0	0
1c0806de7abbc4d5b5983b379469f665	0	0	0	0	0	0	0	0	0	0	0	0	0	0	0	0	0	0	0	0	0	0	0	0	16	0	0
b33790453cf414d7f6405eca55d6ffda	0	0	0	0	0	0	0	0	0	0	0	0	0	0	0	0	0	0	0	0	0	0	0	0	0	9	7
8830d40fc65b9df7c01bb18f7caf52e3	5	0	0	0	5	0	0	0	0	0	0	0	0	0	0	0	0	0	6	0	0	0	0	0	0	0	0
0de2768e56408332050e94db50b132bc	0	0	0	0	0	0	0	0	0	0	0	0	0	0	0	0	0	0	0	0	8	0	0	0	0	0	8
12aa66714d67314625fa1a86ac36c70a	0	0	0	0	0	0	0	0	0	0	0	0	0	16	0	0	0	0	0	0	0	0	0	0	0	0	0
a206f4e5cc5c438c2502ba350f9b0483	0	0	0	0	0	0	0	0	0	0	0	0	0	0	0	0	0	0	0	0	0	0	0	16	0	0	0
f79378a016db03388b2f51d9453e9200	0	0	0	0	0	0	0	0	0	0	0	0	0	0	0	0	0	0	0	0	16	0	0	0	0	0	0
819dc7a0571d2c2c7ac7ad18bd089fd1	0	0	0	0	3	0	0	0	0	0	0	0	0	0	0	0	0	6	0	7	0	0	0	0	0	0	0
4e07c2c301bb745946273615a3994920	16	0	0	0	0	0	0	0	0	0	0	0	0	0	0	0	0	0	0	0	0	0	0	0	0	0	0
6bbcb4292f5dd9e430a094671fadfad2	16	0	0	0	0	0	0	0	0	0	0	0	0	0	0	0	0	0	0	0	0	0	0	0	0	0	0
525067d1f4524c9a621906aeee04aff4	0	0	0	0	0	0	0	0	0	0	0	0	0	0	0	0	0	0	0	0	0	0	0	0	16	0	0
09567ab8308ffd63e36ebed6a695a083	0	0	0	0	0	0	0	0	0	0	0	0	0	16	0	0	0	0	0	0	0	0	0	0	0	0	0
524383798a3b0e7df712be516de32f97	16	0	0	0	0	0	0	0	0	0	0	0	0	0	0	0	0	0	0	0	0	0	0	0	0	0	0
352dde756d6eb85c2bcf05904b621f64	0	0	0	0	0	0	0	0	0	0	0	0	0	0	0	0	0	0	5	11	0	0	0	0	0	0	0
e1f4fc343d1751bfb99a62b134241ca6	0	0	0	0	0	0	0	0	0	0	0	0	0	0	0	0	0	0	0	0	0	0	16	0	0	0	0
965262ac6958f858ecd36c349c276af4	0	0	0	0	0	0	0	0	0	0	16	0	0	0	0	0	0	0	0	0	0	0	0	0	0	0	0
79f201cc5f6d5412bac869b35cdf0f15	0	0	0	0	0	0	0	0	0	0	0	0	0	0	0	0	0	0	0	0	0	0	0	16	0	0	0
5ccff1b72ae14966c3599f5f11361535	0	0	0	0	0	0	0	0	0	0	0	0	0	0	0	0	0	0	0	0	0	0	0	0	0	16	0
47b7d1f8ec81c6315df604066989b8da	0	0	0	0	0	0	0	0	0	0	0	0	0	0	0	0	0	0	0	0	0	0	0	0	16	0	0
e8d79105228061b51c142e647eec6c36	0	0	0	0	0	0	0	0	0	0	0	0	0	0	0	0	0	0	0	3	0	0	0	13	0	0	0
23fa3fd77426e244886f422dc426c62b	5	0	0	0	0	0	0	0	0	0	0	0	0	0	3	0	0	0	0	0	0	0	0	8	0	0	0
a92a9f87e0b15bdc4e460ef8b4452337	0	0	0	0	0	0	0	0	0	0	0	0	0	0	0	0	0	0	3	2	3	4	4	0	0	0	0
a53d72f28cec4cf981893cc41ee32fe1	0	0	0	0	0	0	16	0	0	0	0	0	0	0	0	0	0	0	0	0	0	0	0	0	0	0	0
a1006e927ab020f09a257f66f74fdbb9	0	0	0	0	0	0	0	0	0	0	0	0	0	0	0	0	0	0	0	0	0	10	0	0	4	0	2
b39ca1a7d195b93a972638db71b14bb3	0	0	0	0	0	0	0	0	0	0	6	0	0	0	0	0	0	10	0	0	0	0	0	0	0	0	0
364ddc4cc629a823bad9b38ab3051d9c	0	0	0	0	0	0	0	0	0	0	0	0	0	16	0	0	0	0	0	0	0	0	0	0	0	0	0
7d13c1f84e7aedf6be3e6645f31f58b6	0	0	0	0	0	0	0	0	0	0	0	0	16	0	0	0	0	0	0	0	0	0	0	0	0	0	0
56635ce54e720a5b61c59b8b151e716f	0	0	0	0	0	0	0	0	0	16	0	0	0	0	0	0	0	0	0	0	0	0	0	0	0	0	0
20b9122c02bdd6637eb829547039eecd	0	0	0	0	0	0	0	0	0	0	0	0	16	0	0	0	0	0	0	0	0	0	0	0	0	0	0
515477db745df746475b3a1fde18fa93	0	0	0	0	0	0	0	0	0	0	0	0	0	16	0	0	0	0	0	0	0	0	0	0	0	0	0
1a7b24ecf5f7b33391a46db485f86f95	0	0	0	0	0	0	0	9	0	0	0	0	0	0	0	7	0	0	0	0	0	0	0	0	0	0	0
e04f09972531a8786b4a538d5c573c18	8	0	0	0	0	0	0	0	0	0	0	0	0	0	0	0	8	0	0	0	0	0	0	0	0	0	0
f447af7c4b569979c11916fbb182be2a	0	0	0	0	0	0	0	0	0	0	0	0	0	0	0	0	0	0	0	4	0	0	0	0	0	7	5
f5c0f385788226d8ee99d3cd3b9dedbb	0	0	0	0	0	0	0	0	0	0	0	0	0	0	0	0	0	0	0	0	0	0	0	0	0	16	0
7edb4e0c95b9fecd08046d75a5195d5c	0	0	0	0	0	0	0	0	0	0	0	0	0	0	0	0	0	0	5	4	7	0	0	0	0	0	0
d28523dbb8637b24218b6058c04a7f1d	0	0	0	0	0	0	0	0	0	0	0	0	0	0	0	0	0	0	0	0	0	0	0	0	16	0	0
44544dbe435c721f67d662e7f972ee2e	0	0	0	0	0	5	0	0	0	0	0	0	0	0	0	0	0	0	10	0	0	0	0	0	0	0	0
719a8299df0cad4e2206afaf40878439	0	0	0	0	0	2	0	0	0	0	7	0	0	0	0	0	0	0	0	0	4	0	0	0	0	0	2
dd0a8be594bd6d7f08121de2aa5df471	0	0	0	0	0	0	0	0	0	0	0	0	0	0	0	0	0	0	7	0	0	0	0	8	0	0	0
5dd6c9146098965d4482a0eaff0dd450	0	15	0	0	0	0	0	0	0	0	0	0	0	0	0	0	0	0	0	0	0	0	0	0	0	0	0
bcc6da5f621cbdfc1f0c9becbac6cdff	0	0	0	0	0	0	0	0	0	0	0	0	0	15	0	0	0	0	0	0	0	0	0	0	0	0	0
7c11339471009759b1ec16ce09429af8	0	0	3	0	0	0	0	0	0	0	0	0	0	0	0	3	0	0	0	0	0	0	0	0	0	9	0
0b1f19705b1120249ec3d2bd3731d001	0	0	0	0	0	3	0	5	0	0	0	0	0	0	0	0	0	0	0	0	0	7	0	0	0	0	0
8f05e134b87529e192357bb6694f36fa	0	0	0	0	0	0	0	0	0	0	0	0	0	0	0	0	0	4	0	0	0	0	0	0	0	0	11
f75f6b4fd8fe739126181860c1c544c7	0	0	0	0	0	0	0	0	0	0	0	0	0	0	0	0	0	15	0	0	0	0	0	0	0	0	0
f9c1c7de158ab4d555ec46bec26478f1	0	0	0	0	0	0	0	0	0	0	0	0	0	0	0	0	0	0	5	0	0	10	0	0	0	0	0
c85055b78945eb6958b46ad9d42bcb97	0	0	0	0	0	0	0	0	0	0	0	0	15	0	0	0	0	0	0	0	0	0	0	0	0	0	0
9ac3038f30349d8bdfba3048ed96b456	0	0	0	0	0	0	0	0	0	0	0	0	0	15	0	0	0	0	0	0	0	0	0	0	0	0	0
3f7ec37d1f792564cf6b04468d0281e8	0	0	0	0	0	0	0	0	0	0	0	0	0	0	15	0	0	0	0	0	0	0	0	0	0	0	0
40c4071daa333469aa31784378cff42b	0	0	0	0	0	0	0	0	0	0	0	0	0	15	0	0	0	0	0	0	0	0	0	0	0	0	0
e3819c1d0759ba90ea94d2cd666d980a	0	0	0	0	0	0	0	0	0	0	0	0	0	15	0	0	0	0	0	0	0	0	0	0	0	0	0
93fcfa95ecb56a468efb161fc892d640	0	15	0	0	0	0	0	0	0	0	0	0	0	0	0	0	0	0	0	0	0	0	0	0	0	0	0
42a6276f47de8563415178999d621232	0	0	0	0	0	5	0	0	0	0	0	0	0	0	0	0	0	0	0	0	7	0	0	0	0	3	0
7b50b128091eec3a5fd77cfe8b3418fe	0	0	0	0	0	0	0	0	0	6	0	0	0	0	0	9	0	0	0	0	0	0	0	0	0	0	0
ce118152703d3c7c96485fc47e0b2936	0	0	0	0	0	2	0	0	0	8	0	0	2	0	0	0	3	0	0	0	0	0	0	0	0	0	0
0b894102ebf8826df3747d1abbc9a9ed	0	0	0	0	0	5	0	0	0	0	0	0	0	0	0	0	0	4	0	0	6	0	0	0	0	0	0
c1beb93e8aa3667aa39a10f0f902c94a	0	0	0	0	0	0	0	0	0	0	0	0	0	0	0	0	0	0	5	0	0	0	0	10	0	0	0
a7b1d9c55df8e3d171e92e388a564d9a	0	0	0	0	0	0	0	0	0	0	0	0	0	0	0	15	0	0	0	0	0	0	0	0	0	0	0
0dc4bb25d6e35e6871f3b1f76a2e4429	0	0	0	0	0	0	0	0	0	0	0	0	0	15	0	0	0	0	0	0	0	0	0	0	0	0	0
fc1fcca2d767c9f34ff18a3b36338076	0	0	0	0	0	0	6	0	0	0	0	0	0	0	0	0	0	9	0	0	0	0	0	0	0	0	0
21e3f62e78ce2d453a9afceafc4ca719	0	0	0	0	0	0	0	0	0	0	0	0	0	0	0	0	0	15	0	0	0	0	0	0	0	0	0
d9bc574dc7c19ea11659d305796cb9a5	0	0	0	0	0	0	0	0	0	0	0	0	0	15	0	0	0	0	0	0	0	0	0	0	0	0	0
00bf31909f8c0481b200874924d2f777	0	0	0	0	0	0	0	0	0	10	0	0	0	0	0	0	0	0	0	0	0	0	5	0	0	0	0
cbd7f44bbfb028040dd62e6da57bf2a7	0	0	0	0	0	0	0	0	0	0	0	0	0	0	0	0	0	0	0	0	0	8	0	0	0	7	0
ea14ea375b05b4ec28978ccb4b40f783	0	0	0	0	0	0	0	0	0	0	0	0	0	0	0	0	0	0	0	15	0	0	0	0	0	0	0
2c1f693832b28d9df00b5821e93593e3	0	0	0	0	0	0	0	0	0	0	0	0	0	0	0	0	0	0	0	0	0	8	0	0	0	0	7
27dd7e35cd564c093c78eb0ccb36c808	0	0	0	0	0	0	0	0	0	0	0	0	0	0	0	0	0	0	0	3	12	0	0	0	0	0	0
7aa296a83618a2da60c17a57d6239885	0	0	0	0	0	0	0	0	0	0	0	0	0	14	0	0	0	0	0	0	0	0	0	0	0	0	0
8f0fb68673a8b3c26f3fd210e29b7916	0	0	0	0	0	0	0	0	0	0	0	0	0	0	0	0	0	0	0	0	5	0	0	0	0	9	0
050ec895adf1201e083f169f9544207a	0	0	0	0	0	0	0	0	4	0	0	0	7	0	0	0	3	0	0	0	0	0	0	0	0	0	0
9eff03c5f36c35343fe184c566ff038d	0	0	0	0	0	0	0	0	0	0	0	0	0	0	0	0	0	0	0	0	0	0	0	0	8	6	0
950af2a4af8dfbd9f1e3c9bbb91c29bc	14	0	0	0	0	0	0	0	0	0	0	0	0	0	0	0	0	0	0	0	0	0	0	0	0	0	0
4c912bf673c372725813dd18abc82ea0	0	0	0	0	0	0	0	0	0	0	0	0	0	0	14	0	0	0	0	0	0	0	0	0	0	0	0
0e3c805a11a160d6c1510aec36dd7666	0	0	0	0	0	0	0	0	0	0	0	0	0	0	0	0	0	0	0	0	14	0	0	0	0	0	0
c7acee529d50ca5e19f817efbff81af9	0	0	0	0	0	0	0	0	0	0	0	0	0	0	0	0	0	0	0	0	0	0	3	0	0	11	0
8a0e773e30d1196a0eee2ea05be11f92	0	0	0	0	0	0	0	0	0	0	0	0	0	14	0	0	0	0	0	0	0	0	0	0	0	0	0
97f80a67f8d4cf450d5f5e1156a4e620	0	0	0	0	0	0	0	0	0	0	0	0	0	0	0	0	0	0	0	0	0	14	0	0	0	0	0
02bb5315c8f31f8e9701ff5323c71c25	0	0	0	0	0	0	0	0	0	0	0	0	0	14	0	0	0	0	0	0	0	0	0	0	0	0	0
108a4f6b021da89776727f42414c81be	0	0	0	0	4	2	0	0	0	0	4	0	0	0	0	0	0	0	0	0	4	0	0	0	0	0	0
3a12093e85653cfffa43246319883f0f	0	0	0	0	0	0	0	0	0	0	0	0	0	14	0	0	0	0	0	0	0	0	0	0	0	0	0
e50a50d4bd03e9347d5caf3397469f60	9	0	0	0	0	0	0	0	0	0	0	0	0	0	0	0	0	0	0	0	0	5	0	0	0	0	0
352c462e5a784ab4be6391c543e259e8	0	0	0	0	0	0	0	0	0	14	0	0	0	0	0	0	0	0	0	0	0	0	0	0	0	0	0
0d34e514b2d0d3a14fbfa27a9717f5ae	0	0	0	0	0	0	0	0	0	0	0	0	14	0	0	0	0	0	0	0	0	0	0	0	0	0	0
f88e53f96b3a55d335863da8e5aca730	0	0	0	0	0	0	0	0	0	0	0	0	0	0	0	0	0	0	0	0	0	5	0	0	0	0	9
f469a50ecad506577bf00c58ddc3eb91	0	0	0	0	0	0	0	0	0	0	0	0	14	0	0	0	0	0	0	0	0	0	0	0	0	0	0
90fbad6590399cf67234394f0a492f9e	0	0	0	0	9	0	0	0	0	0	0	0	0	0	0	0	5	0	0	0	0	0	0	0	0	0	0
7a08414598e86efc2ab891b3266df8bf	0	0	0	0	0	0	0	0	0	0	0	0	0	0	0	0	0	0	0	0	0	0	0	0	0	0	14
c67a18990a8ca817c5574575c494985e	0	0	0	0	0	0	0	0	6	0	8	0	0	0	0	0	0	0	0	0	0	0	0	0	0	0	0
053456eb8058c529fba911ffb0825409	0	0	0	0	0	0	0	0	0	0	0	14	0	0	0	0	0	0	0	0	0	0	0	0	0	0	0
eb8e749fa5d403291d72c3865875e05c	0	0	0	0	0	0	0	0	0	0	0	2	0	0	0	0	0	0	0	0	0	0	0	12	0	0	0
7bb5031faadf0fc33e1abc936b62d4db	0	0	0	0	0	0	0	0	0	0	0	0	0	0	0	0	0	0	0	0	14	0	0	0	0	0	0
d74e073ecdeaccac7fc62dae8c532684	0	0	0	0	0	0	0	0	0	0	0	0	0	0	0	0	0	0	0	0	10	0	0	0	0	4	0
1d5e60f689b0da0ce27f50f3a174145b	0	0	0	0	0	0	0	0	0	0	14	0	0	0	0	0	0	0	0	0	0	0	0	0	0	0	0
b05ac08f1b5230abd2ba68fe3e212fce	0	0	0	0	0	0	10	0	0	0	0	0	0	0	4	0	0	0	0	0	0	0	0	0	0	0	0
e717c7a08f11808d09d4c59648958bf7	0	0	0	0	0	0	0	0	0	0	0	0	0	0	0	0	0	0	0	0	0	0	0	0	0	14	0
9b74cb9f197991ee0dfb164bc4f84958	0	0	0	0	0	0	0	0	0	0	0	0	0	0	0	0	0	4	0	0	0	0	0	7	3	0	0
9a834137f81dee613c2739bc32f48b38	0	0	0	0	0	0	0	3	0	0	0	0	0	0	0	0	0	0	3	2	0	0	4	0	0	0	2
1dfa83cc0a955830b58ec8f569d7dbcd	0	0	0	0	0	0	0	0	0	0	0	0	0	0	0	0	0	0	0	0	0	0	0	0	0	14	0
27433f3e36d6d33909dcff17e85b4024	0	0	0	0	0	0	0	0	0	0	0	0	0	0	0	0	0	0	14	0	0	0	0	0	0	0	0
78dc9c25ebd698059769018242aae3bc	0	0	0	0	5	0	0	0	0	0	0	0	0	0	0	0	0	0	0	0	9	0	0	0	0	0	0
4d3b9c9375a143e569ed179365d4687f	0	0	0	0	0	6	5	0	0	0	0	0	0	0	0	0	3	0	0	0	0	0	0	0	0	0	0
29974ba0429e544003377e30eb3aecd2	0	0	0	0	0	0	0	14	0	0	0	0	0	0	0	0	0	0	0	0	0	0	0	0	0	0	0
015b68295c8c6a4f08f79521ea96b5cb	0	0	0	0	0	0	0	0	14	0	0	0	0	0	0	0	0	0	0	0	0	0	0	0	0	0	0
b93d4e1e4ca46d38f8063951b2490b88	0	0	0	0	0	0	0	0	0	0	0	14	0	0	0	0	0	0	0	0	0	0	0	0	0	0	0
0e2028adff7813ccb8856deffb9a106e	0	0	0	0	0	0	0	0	0	0	0	0	0	0	0	0	0	0	0	0	0	0	0	0	0	0	14
75381caafae3650b0071680d06c9a737	0	0	0	0	0	0	0	0	0	14	0	0	0	0	0	0	0	0	0	0	0	0	0	0	0	0	0
f4801b7a68515d9005fa572ee6afdf41	0	8	0	0	0	0	6	0	0	0	0	0	0	0	0	0	0	0	0	0	0	0	0	0	0	0	0
9bb5cc5745da83d5c8dac7d880ca6b8a	0	0	0	0	0	0	0	9	0	0	0	0	0	0	0	5	0	0	0	0	0	0	0	0	0	0	0
c51f9a4e5e8087112fc0e223162380a3	0	0	0	0	0	7	0	0	0	0	0	0	0	0	0	0	0	7	0	0	0	0	0	0	0	0	0
4b8c531b71988d9d7b48e26ff4bb6a3f	0	0	0	0	0	0	0	0	0	0	0	0	0	0	0	0	0	4	0	0	0	0	0	0	0	0	10
fccf94c854074963371cf75e20666a8c	0	0	0	0	0	9	0	0	0	0	0	0	5	0	0	0	0	0	0	0	0	0	0	0	0	0	0
8b0561c67b9c8dd874bdda0b66876a2b	0	0	0	0	0	0	0	4	0	0	0	0	0	0	0	0	0	10	0	0	0	0	0	0	0	0	0
131abfdd8a3b35171b849d2bf83220d4	0	0	0	0	0	0	0	0	0	0	0	0	0	0	0	0	0	0	0	14	0	0	0	0	0	0	0
8d1b9f518a810ae571dfa1aee3e1d194	0	0	0	0	0	0	0	0	0	0	0	0	0	0	0	0	0	0	0	0	0	10	4	0	0	0	0
b1473419ac16c446384ec149f7f77259	0	0	0	0	0	0	0	0	0	0	0	2	0	3	0	0	0	0	0	0	0	2	0	0	0	0	7
95ed605cac450bc443af5ea79b4f89b4	0	0	0	0	0	0	0	0	0	0	0	0	0	0	0	0	0	14	0	0	0	0	0	0	0	0	0
31df620538bda21a8e0ba7ed2e833373	0	0	0	0	0	0	0	0	0	0	0	0	0	9	0	0	0	0	0	0	0	5	0	0	0	0	0
358570aef8edf93b0cdb2d12d1dcc03a	0	0	0	0	0	0	0	0	0	0	0	0	0	0	0	0	0	0	3	0	0	0	6	0	5	0	0
1ff67b196856055a911e085373b13db0	0	0	0	0	0	0	0	0	0	0	0	0	0	0	0	0	0	0	0	8	0	6	0	0	0	0	0
1ffe17b0bfc3cab0355813a419b3e950	0	0	0	0	0	0	0	0	0	0	0	0	0	0	0	0	0	0	14	0	0	0	0	0	0	0	0
9c6bfe2447c81e9619ca16b7b5637bd4	0	0	0	2	0	0	0	0	0	0	0	2	0	0	0	0	0	0	0	6	0	3	0	0	0	0	0
b6720eb960311dff0e542e824dafb00d	0	0	0	0	0	0	0	0	0	0	0	0	0	0	13	0	0	0	0	0	0	0	0	0	0	0	0
3ba1f749ef99b65e0031b20ffa0e9ff6	5	0	0	0	0	0	0	0	0	0	0	0	0	0	0	0	0	4	0	0	4	0	0	0	0	0	0
e42a70e461c569fd128de6889777a7b8	0	0	0	0	0	0	0	0	0	0	0	0	0	0	13	0	0	0	0	0	0	0	0	0	0	0	0
f4bf3e5b64e0ca6fe12aeacd033a0d7e	0	0	0	0	0	0	0	0	0	0	0	0	0	0	13	0	0	0	0	0	0	0	0	0	0	0	0
eec352c9c7f8b98caf0d3a90e1ad4014	0	0	0	0	0	0	0	0	0	0	0	0	0	0	0	0	0	0	0	0	0	13	0	0	0	0	0
77a77081c6d41560619e2fc238da5d45	0	3	0	7	0	0	0	3	0	0	0	0	0	0	0	0	0	0	0	0	0	0	0	0	0	0	0
8261dfbc9325def9a216ffa976439370	0	0	0	0	0	0	0	0	0	0	0	0	0	0	0	0	0	0	0	0	13	0	0	0	0	0	0
665a8a913bd945df0beb8e61c3f09245	5	0	0	0	0	0	0	0	0	0	3	0	0	0	5	0	0	0	0	0	0	0	0	0	0	0	0
d3941c4aaeb130bd093cbf4c3eafc597	0	0	0	0	0	0	0	0	0	0	0	0	0	0	0	0	0	0	0	0	0	0	0	0	0	13	0
b2aa261aaaba149c361bd49a9c709c6a	0	0	0	0	0	0	0	0	0	0	0	0	0	0	0	0	0	0	0	0	13	0	0	0	0	0	0
21c4905ebffbf503a75873c20e134479	0	0	0	0	0	0	0	0	0	0	0	0	0	13	0	0	0	0	0	0	0	0	0	0	0	0	0
14538f4040ef8095d80040526b77cb28	0	0	0	0	0	0	0	0	0	0	0	0	0	0	0	0	0	0	0	0	0	0	0	0	13	0	0
2d75c4227f3646af563eb792605850a1	0	0	0	0	0	0	0	0	0	0	0	0	0	0	0	0	0	0	0	0	0	0	0	0	13	0	0
0ea596fe64ce496e560a07b83801bf0a	0	0	0	0	0	0	0	0	0	0	0	0	0	0	0	0	0	0	0	0	0	0	0	13	0	0	0
a0ab7b8d4b5b214b19906e9470cc2773	13	0	0	0	0	0	0	0	0	0	0	0	0	0	0	0	0	0	0	0	0	0	0	0	0	0	0
3c40537179671d5391d0c9494322f919	0	0	0	0	0	10	0	0	0	3	0	0	0	0	0	0	0	0	0	0	0	0	0	0	0	0	0
c9f8d491951a081414cea067f46399a4	0	0	0	0	0	0	0	0	0	0	13	0	0	0	0	0	0	0	0	0	0	0	0	0	0	0	0
2c4976e8dee3b19d368b5d8e16cf29d2	0	0	0	0	0	0	0	0	0	0	0	0	0	13	0	0	0	0	0	0	0	0	0	0	0	0	0
85adf2df21aad78ee79ba4bd3272c6f3	0	0	0	0	0	0	0	0	0	0	0	0	0	13	0	0	0	0	0	0	0	0	0	0	0	0	0
c6a33d143b0b1bcf4004c909a4af6aa8	0	0	0	0	0	0	0	0	0	0	0	0	0	0	0	0	0	0	0	0	0	0	0	0	0	13	0
cb06750d998143b60079acd66ba86886	0	0	0	0	0	0	0	0	0	0	0	0	0	13	0	0	0	0	0	0	0	0	0	0	0	0	0
aab380460f649645d2fd3a4e3265d956	0	0	0	0	0	13	0	0	0	0	0	0	0	0	0	0	0	0	0	0	0	0	0	0	0	0	0
7438feb3227e61dbf2a7fd4b55d8f33e	0	0	0	0	0	0	0	0	0	0	0	0	0	0	0	0	0	0	3	0	0	0	0	0	4	6	0
8d291901554ae8ac9b1c7126b32fcf2d	0	0	0	0	0	0	0	0	0	0	0	0	0	0	0	0	0	0	0	0	13	0	0	0	0	0	0
d7bce3687791ac03dad8c30516e53593	0	0	0	0	0	0	0	0	0	0	0	0	0	13	0	0	0	0	0	0	0	0	0	0	0	0	0
bb7f85879d3368b4cb7312e19bddcd5c	0	0	0	0	0	0	0	0	0	0	0	0	0	0	0	0	0	0	0	0	6	0	0	0	0	7	0
3eea2f081bb314ab43cd328114c5dc72	0	0	0	0	0	0	0	0	0	0	0	0	0	0	0	3	0	0	0	0	10	0	0	0	0	0	0
43db016bc8d7219cbd9c05ccc1243543	0	0	0	0	0	0	0	0	0	0	0	0	0	0	10	0	0	0	0	0	3	0	0	0	0	0	0
4814affbc36e7a4f872d0078219ff9f9	0	0	0	0	0	0	0	0	0	0	0	5	0	0	0	0	0	0	0	3	3	0	2	0	0	0	0
b17bd2079cf6fc5874218cb80ffba6e0	0	0	0	0	0	0	0	0	0	0	0	0	0	0	0	0	0	0	0	0	0	0	0	5	0	2	6
c829def3da7e8cbdffa3092af3122dd2	0	0	0	0	0	0	0	0	0	0	0	0	0	0	0	0	0	0	0	0	7	0	0	0	0	6	0
74d4f3938e3056acce4b4033f64fab29	0	0	0	0	0	0	0	0	0	0	0	0	0	0	0	0	0	0	0	9	0	0	0	0	0	4	0
203d4356e12cb51de590cf9118a0caf6	0	13	0	0	0	0	0	0	0	0	0	0	0	0	0	0	0	0	0	0	0	0	0	0	0	0	0
1c24088b2d4202e2e19a55cbe289f919	0	0	0	0	0	13	0	0	0	0	0	0	0	0	0	0	0	0	0	0	0	0	0	0	0	0	0
0d5c9184a09202b487af16b3d14b6f82	0	13	0	0	0	0	0	0	0	0	0	0	0	0	0	0	0	0	0	0	0	0	0	0	0	0	0
da389425f6eeef9279a8916a97df4fe1	0	0	0	0	0	0	0	0	0	0	0	13	0	0	0	0	0	0	0	0	0	0	0	0	0	0	0
26044ad8dea46df87edec02a2715b3df	0	0	0	0	0	0	0	0	13	0	0	0	0	0	0	0	0	0	0	0	0	0	0	0	0	0	0
b4289ab0a9a00034c1fbce477b2c4ded	0	0	0	0	0	0	0	0	0	0	0	0	0	0	0	0	0	0	0	0	0	0	0	13	0	0	0
62aad06db5e68d19f176a878d1ae880f	0	0	0	0	0	0	0	0	0	0	0	0	0	0	0	0	0	0	0	0	0	0	0	0	0	0	13
387a62283a4c58c9e1429dbe11372a31	0	0	0	0	6	0	0	0	7	0	0	0	0	0	0	0	0	0	0	0	0	0	0	0	0	0	0
a57e8133deb4fc1a6cbeaac02d482d8f	0	5	0	0	0	0	0	0	0	0	0	0	0	0	0	0	0	0	0	0	0	0	0	0	0	0	8
e849d2b5b57320254d83bfdf1410d7c5	0	0	0	0	0	0	0	0	0	0	0	0	0	0	0	0	0	0	0	0	0	0	0	0	4	0	9
658b531768e6080dcc942b96ccccce23	0	0	0	0	0	13	0	0	0	0	0	0	0	0	0	0	0	0	0	0	0	0	0	0	0	0	0
d597a051340ae987325f71bec5a48646	0	0	0	0	0	0	0	0	0	0	0	0	0	0	0	0	0	0	6	0	0	0	0	7	0	0	0
3bbbc46c44a8eb68014a601c1c5661f8	0	0	0	0	0	13	0	0	0	0	0	0	0	0	0	0	0	0	0	0	0	0	0	0	0	0	0
27790c0d23dd1c1080c574171123ab06	0	0	0	0	0	0	0	0	0	0	0	0	0	13	0	0	0	0	0	0	0	0	0	0	0	0	0
ff24e844d795558c38cc61f48ff603e4	0	0	0	0	0	0	0	0	0	3	0	0	0	3	0	0	0	0	0	0	0	0	0	0	0	7	0
6c5c4773cec3a677b8e92501f98b3388	0	0	0	0	0	0	0	0	0	0	0	0	0	0	0	0	0	0	0	2	4	4	0	0	3	0	0
ca8e056702e98a3b4021f5bbe1d63e5e	0	0	0	0	0	0	0	0	0	0	0	0	0	0	0	0	0	0	0	0	13	0	0	0	0	0	0
dd49e296d154b747719f9ee3cbe044c4	0	0	0	0	0	0	0	0	0	0	0	0	0	0	0	0	0	0	0	13	0	0	0	0	0	0	0
63820f46e57cedc43bc2049e9ec55c90	0	0	0	0	0	0	0	0	0	0	0	0	0	0	0	0	0	4	0	0	0	0	0	0	3	5	0
88d5b26b36699e8e6f74245fe733486b	0	6	0	0	0	6	0	0	0	0	0	0	0	0	0	0	0	0	0	0	0	0	0	0	0	0	0
e6de2b91d59b5d55e8eb00cab91e4ad8	0	0	0	0	0	0	0	0	0	0	0	0	0	12	0	0	0	0	0	0	0	0	0	0	0	0	0
44519214d6000482e802b28cfb30cebd	0	0	0	0	0	0	0	0	0	0	0	0	0	0	0	0	0	0	0	12	0	0	0	0	0	0	0
11961ee9dbbd6c3f0c3bf3b689bf34b5	0	0	0	0	0	0	0	0	0	0	0	0	0	12	0	0	0	0	0	0	0	0	0	0	0	0	0
b5203ea716509b2a7a9b8b9f70875eb6	0	0	0	0	0	0	0	0	0	0	0	0	0	0	7	5	0	0	0	0	0	0	0	0	0	0	0
428b785afdbe1eca750395b4f53a3e65	0	0	0	0	0	0	0	0	0	0	0	0	0	12	0	0	0	0	0	0	0	0	0	0	0	0	0
7ff346973a282aa55de296afdb5d74af	0	0	5	0	0	0	0	0	4	0	0	0	3	0	0	0	0	0	0	0	0	0	0	0	0	0	0
3be4e860bd905ca4bd6f38a103d0672c	0	0	0	0	0	0	0	0	0	0	0	0	0	0	0	0	0	12	0	0	0	0	0	0	0	0	0
190732b013deec24fbafded46ea31065	0	0	0	0	0	0	12	0	0	0	0	0	0	0	0	0	0	0	0	0	0	0	0	0	0	0	0
471b66d01061e8f0db2b303f2dd9e9c0	0	0	0	0	0	0	0	0	0	0	0	0	0	0	0	0	0	0	0	0	12	0	0	0	0	0	0
14264444575f31911b9e93bbe42eaf46	0	0	0	0	0	0	12	0	0	0	0	0	0	0	0	0	0	0	0	0	0	0	0	0	0	0	0
22f5665cc7115bba0384d404bf2a3377	0	0	0	0	0	0	0	0	0	0	0	0	0	12	0	0	0	0	0	0	0	0	0	0	0	0	0
b07cb096db8435b074a0cd0a621598ea	0	0	0	0	0	0	0	12	0	0	0	0	0	0	0	0	0	0	0	0	0	0	0	0	0	0	0
77d6bb355d97c4c169c8efc2a4a8bce4	0	0	0	0	0	0	0	0	0	0	0	0	0	12	0	0	0	0	0	0	0	0	0	0	0	0	0
1e7fe6a68d2579e93a868e129ecc97d6	0	0	0	0	0	0	0	0	0	0	0	0	0	0	0	0	0	0	0	0	0	0	0	0	0	0	12
c82aedb9f40cd0e611c1a22c8886d009	12	0	0	0	0	0	0	0	0	0	0	0	0	0	0	0	0	0	0	0	0	0	0	0	0	0	0
4384c488ea4d7a8c668189f4f06743f1	0	0	0	0	0	0	0	0	0	0	0	0	0	0	0	0	0	0	0	0	0	0	0	12	0	0	0
82e50440d78c85f045c35a743e45cd58	0	0	0	0	0	0	0	0	0	0	0	0	0	0	0	0	0	0	6	0	3	0	0	0	3	0	0
4e414c7dfc779573c85c9e0f9caba16c	0	0	0	0	0	0	0	0	0	0	0	0	0	0	0	0	0	0	0	0	0	0	0	12	0	0	0
89839833d96fe8f3a984b7d85d588d10	0	0	0	0	0	0	0	0	0	0	0	0	0	0	0	0	0	0	0	0	0	12	0	0	0	0	0
5dabf5e36fd349bcc34d87d0a2487e26	0	0	0	0	0	0	0	0	0	0	0	0	0	0	0	0	0	0	0	0	0	3	2	0	7	0	0
3dec8523dbdbbbeb47b2296448411b2a	0	0	0	0	0	0	0	0	0	0	0	0	0	0	0	0	0	10	0	0	0	0	0	2	0	0	0
e86a6bb2c5d0dcdf76bb45b044566666	0	0	0	0	0	0	0	0	0	0	0	0	0	0	0	0	0	0	12	0	0	0	0	0	0	0	0
22240bb829e04c3132542f4aabda284a	0	0	0	0	0	0	0	0	0	0	12	0	0	0	0	0	0	0	0	0	0	0	0	0	0	0	0
c06e061327e71529e293d0fc128d4335	0	0	0	12	0	0	0	0	0	0	0	0	0	0	0	0	0	0	0	0	0	0	0	0	0	0	0
8b7df4f4befab6e03649956b145ed848	0	0	0	0	0	6	0	0	0	0	0	0	0	0	0	0	0	0	0	0	0	0	0	0	0	6	0
8ca07ff152e41098fabcb2689af6f030	0	0	0	0	0	0	0	0	0	0	0	0	0	0	0	0	0	12	0	0	0	0	0	0	0	0	0
ab32275a7fc06a23c53f1b394cfe612f	0	0	0	0	0	0	0	0	0	0	0	12	0	0	0	0	0	0	0	0	0	0	0	0	0	0	0
b14e1c56773ea83b1524e22bed3abff3	0	0	0	0	0	12	0	0	0	0	0	0	0	0	0	0	0	0	0	0	0	0	0	0	0	0	0
d46e2205f0c6ecf67b51f83d111c509c	0	0	0	0	0	0	0	0	0	0	0	0	0	12	0	0	0	0	0	0	0	0	0	0	0	0	0
c939ee112ba982665e012437dae05c1e	0	0	0	0	0	0	0	0	0	0	0	0	0	0	0	0	0	0	0	0	0	0	0	0	0	0	12
d99906c0435321b82a5788aeffea366c	0	0	0	0	0	0	0	0	0	0	12	0	0	0	0	0	0	0	0	0	0	0	0	0	0	0	0
f0c9229c2d761ada0ab692d008bf666f	0	0	0	0	0	0	0	0	0	0	0	0	0	0	0	0	0	0	0	12	0	0	0	0	0	0	0
3ae131b98b6390ed0da7c19724c9e771	0	0	0	0	0	0	0	0	0	0	0	0	0	0	0	0	0	0	2	10	0	0	0	0	0	0	0
760de71b514aefe10463923799ee8c02	0	0	0	0	0	0	0	0	0	0	0	0	0	0	0	0	0	0	0	8	0	0	0	0	0	0	4
eff2eb4ad0243b8ca3b1e1446dd3012a	0	0	0	0	0	0	0	0	0	0	0	0	0	0	0	0	0	0	0	3	0	0	0	0	4	0	5
de4fb5f27f3279ca75cdbd5ce5fdf150	0	0	0	0	0	0	0	0	0	0	0	0	0	0	0	0	0	0	0	0	0	0	0	3	0	0	9
53f077e9eb14b907827636e9a26c4e04	0	0	0	0	2	0	0	0	0	0	0	0	0	0	0	0	6	4	0	0	0	0	0	0	0	0	0
42c734e954e79fffc18510aabe34471b	0	0	0	0	0	0	0	0	0	0	0	0	0	0	0	0	0	0	7	0	5	0	0	0	0	0	0
92e6894ae6b6c783fd505c02ccd846bc	0	0	0	0	0	0	0	0	0	0	0	0	0	0	0	0	0	0	0	0	0	5	0	0	0	0	7
9910b78ecfcab8367a1b3ae162fb4cee	8	0	2	0	0	0	0	0	0	0	0	0	0	0	0	0	2	0	0	0	0	0	0	0	0	0	0
29f579538b2f589040b9b783221978ff	0	0	0	0	0	0	0	0	0	0	0	0	11	0	0	0	0	0	0	0	0	0	0	0	0	0	0
73956d73853e4e0ace6259988eda69ea	0	0	0	9	0	0	0	0	0	0	0	0	0	0	0	0	0	2	0	0	0	0	0	0	0	0	0
c89c3eb6cf5b3115e4ade66cd223bf5a	0	0	0	0	0	0	0	0	0	0	0	6	0	0	0	0	0	0	0	0	0	0	0	0	0	5	0
31ccb9ec007305ddce0e71e7eb56557f	11	0	0	0	0	0	0	0	0	0	0	0	0	0	0	0	0	0	0	0	0	0	0	0	0	0	0
4e2df318a91b082ed0fa9d4826565353	0	0	0	0	0	0	0	0	0	0	0	0	0	0	0	0	0	0	0	0	0	0	0	0	11	0	0
d47c38a222f70f0fca355733cfaa36c4	0	0	0	0	0	0	0	0	0	0	0	0	0	0	0	0	0	0	0	0	0	0	0	0	11	0	0
ce6fa527dab801bf2f13fb688c3a5552	5	0	0	0	0	0	6	0	0	0	0	0	0	0	0	0	0	0	0	0	0	0	0	0	0	0	0
6b9a31b9fa967a058e7dffa23b801ffd	0	0	0	0	0	0	0	0	0	11	0	0	0	0	0	0	0	0	0	0	0	0	0	0	0	0	0
d8d8ae1fcf4f14111cedc433badd2389	0	11	0	0	0	0	0	0	0	0	0	0	0	0	0	0	0	0	0	0	0	0	0	0	0	0	0
df61ba0f4077f2d4c01c335ce0dd65ea	0	0	0	0	0	0	0	11	0	0	0	0	0	0	0	0	0	0	0	0	0	0	0	0	0	0	0
4e3755dfbc2ba8e15b3697a757d51e00	0	0	0	0	0	0	0	0	0	0	0	0	0	0	0	0	0	0	0	0	0	0	0	0	0	11	0
103fc61639ec196affd52790710cc92f	0	0	0	0	0	0	0	0	0	0	0	0	0	0	0	0	0	0	0	0	0	0	0	0	11	0	0
1fa0bda0cb596e48430dc99160d5027b	0	0	0	0	0	0	0	0	0	0	0	0	0	11	0	0	0	0	0	0	0	0	0	0	0	0	0
1d5fd71e56e89ccea34401b5a643cba3	0	0	0	0	0	0	0	0	0	0	0	0	0	0	0	0	0	0	0	0	11	0	0	0	0	0	0
3d732176e8411901adecee466e9f98f3	0	0	0	0	0	0	0	0	0	0	0	0	0	0	0	0	0	0	0	0	2	5	0	0	0	4	0
0023a9c63231be643594a973c8106676	0	0	0	0	0	0	8	0	0	0	0	0	0	0	0	0	0	3	0	0	0	0	0	0	0	0	0
71cbaa72b5f06bd662f2198627d8ad0b	0	0	0	0	0	0	0	0	0	0	0	0	0	0	0	0	0	0	11	0	0	0	0	0	0	0	0
deb5fe627b17d7e669111eb3a42a97bd	0	0	0	0	0	0	0	0	0	0	0	0	0	0	3	0	0	0	0	0	0	0	8	0	0	0	0
a82ada36ab7325db059b1aacf512d5a4	0	0	0	0	0	0	0	0	0	0	0	0	0	0	0	0	0	0	0	0	4	0	0	0	4	3	0
b4918ca05ca56eb640aa8aabf485ef04	11	0	0	0	0	0	0	0	0	0	0	0	0	0	0	0	0	0	0	0	0	0	0	0	0	0	0
8cf6cb335b859872e1126b684c97fd84	0	0	0	3	0	0	0	0	0	0	0	3	0	0	0	0	0	5	0	0	0	0	0	0	0	0	0
efb83590706d3aec8682e3f446abe5d1	0	0	0	0	0	0	0	0	0	0	0	0	0	0	0	0	0	0	0	0	0	0	0	0	11	0	0
a08a58480b6155f2bec602244c8a2598	0	11	0	0	0	0	0	0	0	0	0	0	0	0	0	0	0	0	0	0	0	0	0	0	0	0	0
c58754f3613677615cb80ce5013b088c	0	0	0	0	0	0	0	0	0	0	0	0	0	0	0	0	0	2	0	0	0	0	0	0	9	0	0
5913b7741dbc386f9d4b5617a492077d	0	0	0	0	0	0	0	0	0	0	0	0	11	0	0	0	0	0	0	0	0	0	0	0	0	0	0
93ff87d402397e7546df7df1a985c443	5	0	0	0	0	0	0	0	0	0	6	0	0	0	0	0	0	0	0	0	0	0	0	0	0	0	0
7ef48551cce7e0d840508208665333f5	0	0	0	0	0	0	0	0	0	0	0	0	0	0	0	0	0	0	4	7	0	0	0	0	0	0	0
8c01a21978650de975b04b6d92cc1866	0	0	0	0	0	0	0	0	0	0	11	0	0	0	0	0	0	0	0	0	0	0	0	0	0	0	0
69da0287d59788294539f82eec59c5e5	0	0	0	0	0	0	0	0	0	0	0	0	0	0	0	0	0	0	11	0	0	0	0	0	0	0	0
3542f9fa4750ce4899dfe09608171293	0	0	0	0	0	0	0	0	0	0	0	0	0	11	0	0	0	0	0	0	0	0	0	0	0	0	0
0152b0bac569c833cce45416ce46edc8	0	0	0	0	0	0	0	0	0	0	0	0	0	11	0	0	0	0	0	0	0	0	0	0	0	0	0
085aec1d0af366cbd6669d0bf9aab155	0	0	0	0	0	0	0	0	0	0	0	0	0	0	0	0	0	0	0	0	0	0	0	0	0	0	11
78030e4c779ce76375a7afb8157c2103	0	0	0	0	0	0	0	0	0	0	0	0	0	0	11	0	0	0	0	0	0	0	0	0	0	0	0
6fc20cdbab45978741be27e8db344068	0	0	0	0	0	0	0	0	0	0	0	0	0	0	0	0	0	0	0	11	0	0	0	0	0	0	0
de3901260547a323762fba9b9dec22ca	0	0	0	0	0	0	0	0	0	0	0	0	11	0	0	0	0	0	0	0	0	0	0	0	0	0	0
e6760ae34268a37a68c5017499ae2b7d	0	0	0	0	0	0	0	0	0	0	0	0	0	0	0	0	0	0	0	11	0	0	0	0	0	0	0
670f640183616dc71112c8fe4c0ac67a	0	0	0	0	0	0	0	0	0	0	0	0	0	0	7	4	0	0	0	0	0	0	0	0	0	0	0
d6777ffd6e8d15f217fc4b16f28db9aa	0	0	0	0	0	0	0	0	0	0	0	0	0	0	0	0	0	0	0	0	0	11	0	0	0	0	0
e8d90db86c13a0f7e6c30000df353b0b	0	0	0	0	0	0	0	0	0	0	0	0	0	0	0	0	0	0	0	0	0	0	0	0	0	11	0
31a6b8a52239e706dce1d66b024c1114	0	0	0	0	0	0	0	0	0	0	0	0	0	0	0	0	0	0	0	0	0	11	0	0	0	0	0
8efb5c9eea5e1f920bad374d4993935e	0	0	0	0	0	0	0	0	0	0	0	0	0	0	0	0	0	0	0	0	0	0	0	0	0	0	11
d11327e6f300f5bb25a6ebe35614bac6	0	0	0	0	0	0	0	0	0	0	0	0	0	0	0	0	0	0	0	3	4	0	0	0	0	0	4
ed185e9ddd7fdd6479832b6331a75774	0	0	0	0	0	0	0	0	0	0	0	0	0	0	0	0	0	0	0	0	0	0	11	0	0	0	0
3b85f63ee1b4334e7623add0ca7a0b70	0	0	0	0	0	0	11	0	0	0	0	0	0	0	0	0	0	0	0	0	0	0	0	0	0	0	0
bd6d96f1f747503d4dc932e7e2ebfdab	0	0	0	0	0	0	11	0	0	0	0	0	0	0	0	0	0	0	0	0	0	0	0	0	0	0	0
94a1ebe20c21f115ae9630e9296ea075	2	0	0	0	0	0	0	0	2	0	7	0	0	0	0	0	0	0	0	0	0	0	0	0	0	0	0
2692b51dc69b7a25255e60c4e6b8d269	0	0	0	0	0	0	0	0	0	0	0	0	0	0	0	0	0	0	0	0	0	0	0	0	0	11	0
02866fae46ce0fbfd7da650efe483cc9	0	11	0	0	0	0	0	0	0	0	0	0	0	0	0	0	0	0	0	0	0	0	0	0	0	0	0
5dfdc733a8aebf268901cc23884b4f31	0	0	0	0	0	0	0	0	0	0	0	0	0	0	0	0	0	0	0	0	0	0	0	11	0	0	0
41b31e5157b8f7cc4a97f75ffd2721c2	0	0	0	0	5	0	0	0	0	0	0	0	0	0	0	0	0	0	0	0	0	3	3	0	0	0	0
bfc1d88a84187d867c0136b3e5f30fe3	0	0	0	0	0	0	0	0	0	4	0	5	0	0	0	0	0	0	0	0	0	2	0	0	0	0	0
dfde0f1494c9cb3a2e412883ab7ccdfa	0	0	0	0	0	0	0	0	0	11	0	0	0	0	0	0	0	0	0	0	0	0	0	0	0	0	0
3f40a71cf28fabc42456fcb3d108f6ac	0	0	0	0	0	0	0	0	0	0	0	0	0	0	0	0	0	0	0	11	0	0	0	0	0	0	0
0414eaa382d18b3c24f52f86ffe2928d	0	0	0	0	0	0	0	0	0	0	0	0	0	0	0	0	0	0	0	11	0	0	0	0	0	0	0
f56849d86c8263da04ea9db89d69ec0e	0	0	0	0	0	0	0	0	0	0	0	0	0	0	0	0	0	0	0	11	0	0	0	0	0	0	0
9c621637c0482abf2d3979924154bf58	0	0	0	0	0	0	0	0	0	0	2	0	0	0	0	0	0	0	0	0	0	0	0	0	0	9	0
482f7f69237d3de383a39fdf7258bb9e	0	0	0	0	0	0	0	0	0	0	0	0	0	0	0	0	0	0	0	0	0	0	0	0	11	0	0
978c384ac0e388f780c925653b029d19	0	0	0	0	0	0	0	0	0	0	0	0	0	0	0	0	0	0	0	0	0	6	0	0	2	0	3
68935a450bba710c249f91f90dafc9d7	0	0	0	0	0	0	0	0	0	0	0	0	0	0	0	0	0	0	0	11	0	0	0	0	0	0	0
5c97a5f454b665b29fb1cafe3338515d	0	0	2	0	0	0	0	0	0	0	9	0	0	0	0	0	0	0	0	0	0	0	0	0	0	0	0
486d747f975e3d7e3ea5a6e880acc534	0	0	0	0	0	0	0	0	0	0	0	0	0	0	0	0	0	0	0	0	0	0	2	0	0	9	0
e98804c5d601a91e99136d003c80e922	3	0	0	0	0	0	0	0	0	0	3	0	0	0	0	0	3	0	2	0	0	0	0	0	0	0	0
0d509597d4fc8e04a70b8accccf88b66	0	0	0	0	0	0	0	0	0	0	0	0	0	11	0	0	0	0	0	0	0	0	0	0	0	0	0
31069a9174f49c8c680550635d1fc019	0	0	0	0	0	0	0	0	0	0	0	0	0	0	0	0	0	0	0	11	0	0	0	0	0	0	0
92ed2b4ace714c37338dd8fce8c04f9b	0	0	0	0	0	0	0	0	0	0	0	0	0	0	0	0	0	0	0	0	6	0	0	0	5	0	0
e2b82a3e451a8e43e175bbeb3a56a713	0	0	0	0	0	0	0	0	0	0	0	0	0	0	0	0	0	0	0	7	0	0	0	0	0	0	4
c204784689154908ecb91e99b5a30511	0	0	0	0	0	0	0	10	0	0	0	0	0	0	0	0	0	0	0	0	0	0	0	0	0	0	0
1c73e1dd8862b6fdbc044d6e0d9ecc26	0	0	0	0	0	0	0	0	0	0	0	0	0	2	0	0	0	0	0	0	0	0	0	0	0	0	8
82819e0b6b0a7ba359661678cb034a42	0	0	0	0	0	0	0	0	10	0	0	0	0	0	0	0	0	0	0	0	0	0	0	0	0	0	0
17708a233e8c4e8aeb219afa3f618da3	4	0	0	0	0	0	0	0	0	0	6	0	0	0	0	0	0	0	0	0	0	0	0	0	0	0	0
cdf51fb1794e8969a5ac72118a74c4d5	0	0	0	0	0	0	0	0	0	0	0	0	0	0	0	4	0	0	0	2	0	2	0	0	2	0	0
9e65253873218e9f52b9abfa1b4857fa	0	0	0	0	0	0	0	0	0	0	0	0	0	0	0	0	0	0	0	5	0	0	5	0	0	0	0
184e98b8953666c97687bafd6ff908a6	0	0	0	0	0	10	0	0	0	0	0	0	0	0	0	0	0	0	0	0	0	0	0	0	0	0	0
94e54605b4f0e2b1ab7ae589c7add358	0	0	0	0	0	0	0	0	0	0	0	0	0	0	0	0	0	0	0	0	0	3	0	0	0	0	7
aca89b3c9b6ee7fc95c944860120291f	0	0	0	0	0	7	0	0	0	0	0	0	0	0	0	0	0	0	0	0	3	0	0	0	0	0	0
4bc3351a4fd8d95376d9111d0b177405	0	0	0	0	0	0	0	4	0	0	0	0	0	0	6	0	0	0	0	0	0	0	0	0	0	0	0
b16910a4e04ea09cd5bce372d115a10b	0	0	0	0	0	0	10	0	0	0	0	0	0	0	0	0	0	0	0	0	0	0	0	0	0	0	0
59f15730b1b7eb5e4e7b6319e003149f	0	0	0	0	0	0	0	0	0	0	0	0	0	0	0	0	0	0	0	0	0	0	4	0	0	0	6
81b97bad8530a76e91f0024147b0666e	0	0	0	0	0	0	0	0	0	0	0	0	0	0	2	0	0	8	0	0	0	0	0	0	0	0	0
4f3bd9ce7b399604b2ebdd4b974c4a8f	0	0	0	0	0	0	0	0	0	0	0	0	0	0	0	0	0	0	0	0	0	0	10	0	0	0	0
10b890326e2b0b15509aefb95d0d6b79	0	0	0	0	0	0	0	0	0	0	0	0	0	0	0	0	0	0	0	0	0	0	0	10	0	0	0
9dcd05e2f900431a5c267a4b853bc2ae	0	0	0	0	0	0	0	0	0	0	0	0	0	0	0	0	0	0	0	0	0	10	0	0	0	0	0
3a4753518231805cb6d216f0ede95d4f	0	0	0	0	0	0	0	0	0	0	0	0	0	0	0	0	0	0	0	0	0	10	0	0	0	0	0
d285c47369f4c9cb1398cbc3444625c3	0	0	0	0	0	0	0	0	0	0	0	0	0	0	0	0	0	10	0	0	0	0	0	0	0	0	0
65df5d647742843aa2840bd1232a9e0e	0	0	0	0	0	0	0	0	0	0	0	0	0	0	0	0	0	0	0	0	0	0	0	0	10	0	0
e9ac7aed7d70575348c962c7960a8490	0	0	0	0	0	0	0	10	0	0	0	0	0	0	0	0	0	0	0	0	0	0	0	0	0	0	0
52a54f82aaa4288a2a73631b8fa9deee	0	0	0	0	0	0	0	0	0	0	0	0	0	0	0	0	10	0	0	0	0	0	0	0	0	0	0
4842e7250823f331744852bee57d67a7	0	10	0	0	0	0	0	0	0	0	0	0	0	0	0	0	0	0	0	0	0	0	0	0	0	0	0
46207fb0392f86d82b1c22fe1aeb036e	0	8	0	0	0	0	0	0	0	0	0	2	0	0	0	0	0	0	0	0	0	0	0	0	0	0	0
b0ea86ba219b073a0ae32f8a7864db7c	0	0	0	0	0	0	0	0	0	0	0	0	0	0	0	0	0	0	0	0	10	0	0	0	0	0	0
1f6ac2b032c30c69e11e84f29a2f7c28	0	0	0	0	0	0	0	0	0	0	0	0	0	0	0	0	0	0	0	0	0	4	0	0	0	0	6
ed09f8f4de9db6cf09ad713b3c6cd674	0	0	0	0	0	0	0	0	0	0	0	0	0	0	0	0	0	0	0	0	0	10	0	0	0	0	0
237b119b2749b90f1196c9442523e1a8	0	0	0	0	0	0	0	0	0	0	0	0	0	0	0	0	0	0	10	0	0	0	0	0	0	0	0
25ebe944fa691d77ed4d757bf7e58cff	0	0	0	0	0	0	0	0	0	0	0	0	0	0	0	0	0	0	0	0	0	7	0	0	3	0	0
a1da13043f44edb6b56e01cbf7fc6a5c	0	6	0	0	0	4	0	0	0	0	0	0	0	0	0	0	0	0	0	0	0	0	0	0	0	0	0
d8c2b260e0c1c4e96b3383bbbfd809bd	0	0	0	0	0	10	0	0	0	0	0	0	0	0	0	0	0	0	0	0	0	0	0	0	0	0	0
11d88d96def96ba97ac1a7086812f77f	0	0	0	0	0	0	0	0	0	0	0	0	0	0	0	0	0	0	0	10	0	0	0	0	0	0	0
0f995ae6f0efc9f6179fe107fdda9b57	0	0	0	0	0	0	0	0	0	0	0	0	0	0	6	0	4	0	0	0	0	0	0	0	0	0	0
3fb2f2041530ae49cce3c987e119be7a	0	0	0	0	0	0	0	0	0	0	0	0	0	0	0	0	0	0	0	0	0	4	0	0	0	2	4
9a4e6a75dfb3f9c9587fb495100a14a6	0	0	0	0	0	0	0	0	0	0	0	0	0	0	2	0	8	0	0	0	0	0	0	0	0	0	0
b72bca8f3c165e42eb038c39d51b8c6a	0	0	0	0	0	0	0	0	0	0	0	0	0	0	0	0	0	0	0	0	0	0	0	7	0	3	0
69a621393b15d78518db9267c8673fe9	0	0	0	0	0	0	0	2	0	0	0	0	0	0	0	0	0	0	0	0	0	0	0	4	0	4	0
6515b328daf9b4f6ecc98be2eda9efaf	0	0	0	0	0	0	0	0	0	0	0	0	0	0	7	0	3	0	0	0	0	0	0	0	0	0	0
c3a6ce54149aff9bd8b3bc4fa93b0105	0	0	0	0	0	0	0	0	0	0	0	0	0	0	0	0	0	0	10	0	0	0	0	0	0	0	0
2255b6272bbd1a54037181ef6a24b5fb	0	0	0	0	0	0	0	0	0	0	0	0	0	0	0	10	0	0	0	0	0	0	0	0	0	0	0
23fd261561ac8030acc24690589a9f7f	0	0	0	0	0	0	10	0	0	0	0	0	0	0	0	0	0	0	0	0	0	0	0	0	0	0	0
1341a38d8040c2565149f80c35892a3d	2	0	0	0	5	0	0	0	0	0	0	0	0	0	0	0	3	0	0	0	0	0	0	0	0	0	0
f9595b4f5ab6f506656dddda4066e35e	0	0	0	0	0	10	0	0	0	0	0	0	0	0	0	0	0	0	0	0	0	0	0	0	0	0	0
cce173b811f80b672e6256bfc2985d94	0	0	0	0	0	0	0	0	0	0	0	0	0	0	0	0	0	0	0	0	0	0	0	0	0	10	0
d4401ae5192352df63e1e6ebcf581ad6	0	0	0	0	0	4	0	0	0	0	0	0	0	0	0	0	0	0	0	0	0	0	0	0	0	0	6
2017d2da4e91f50710f9cf1a7fa9bc06	0	0	0	0	0	0	0	0	0	0	0	0	0	0	0	0	0	0	0	0	10	0	0	0	0	0	0
daf5e34a724339b02fe94d5f02972709	0	0	0	0	0	10	0	0	0	0	0	0	0	0	0	0	0	0	0	0	0	0	0	0	0	0	0
5673ae66819e3bdbbc09461e4959159e	0	0	0	0	0	0	0	0	0	0	0	0	0	10	0	0	0	0	0	0	0	0	0	0	0	0	0
8b16064dc11f550588f4ad0929af5b37	0	0	0	0	0	0	0	0	0	0	0	0	0	0	0	0	0	0	10	0	0	0	0	0	0	0	0
96536c137cc245cdb18aa943e30eba06	0	0	0	0	0	0	0	0	0	0	0	0	10	0	0	0	0	0	0	0	0	0	0	0	0	0	0
3ebe761bfb1238c87195d431f41bf976	0	0	0	0	0	0	0	0	0	0	0	0	0	0	0	0	0	0	0	0	0	0	0	0	0	0	10
e91514f47f8acb5aad72abde5a7babb8	0	0	0	0	0	0	0	0	0	0	0	10	0	0	0	0	0	0	0	0	0	0	0	0	0	0	0
f97ca53749d5b374650c77a0317ebb48	0	0	0	0	0	0	0	0	0	0	0	0	0	10	0	0	0	0	0	0	0	0	0	0	0	0	0
428e4a80a1e14a59d72810a32f62f434	0	0	0	0	0	0	0	0	0	0	0	0	0	10	0	0	0	0	0	0	0	0	0	0	0	0	0
416236d3396a3d7a9b59f1e234f2c453	0	0	0	0	0	0	0	0	0	0	0	0	0	0	0	0	0	0	0	3	0	7	0	0	0	0	0
6e6f306a337ba255a7f4a7f8469ff691	0	0	0	0	0	0	0	0	0	0	0	0	0	0	0	0	0	0	6	0	0	0	0	4	0	0	0
7caa96147e9e2b8de9a6e6398e5c0d08	0	0	0	0	0	0	0	0	0	0	0	0	0	10	0	0	0	0	0	0	0	0	0	0	0	0	0
9ebd621aa37808b027e4196f852036c4	0	0	0	0	0	0	0	0	0	0	0	0	0	0	0	0	0	0	0	10	0	0	0	0	0	0	0
dc3ee326f08b2d0b77455a82514deeb9	0	0	0	0	0	3	0	0	0	0	0	0	0	0	0	0	7	0	0	0	0	0	0	0	0	0	0
999458346387b040f4be00e033bb096b	0	0	0	0	0	0	0	0	0	0	8	0	0	0	2	0	0	0	0	0	0	0	0	0	0	0	0
142837d374986e1bd38c5e40b5f61582	0	0	0	0	0	0	0	0	0	0	0	0	0	0	0	0	0	0	0	0	10	0	0	0	0	0	0
84e1f74b7363f0321d0df8986283c5fa	0	0	0	0	0	0	0	0	0	0	0	0	0	0	0	0	0	0	0	0	5	0	0	0	0	5	0
6836b2caf6a0afb621e0c28629cdc889	0	0	0	0	0	0	0	0	0	0	0	0	0	0	0	0	0	0	0	0	0	10	0	0	0	0	0
3298480b94b45140a99fd7a24618e0f2	0	0	0	0	0	0	0	0	0	0	0	0	0	0	0	0	0	0	0	0	0	0	0	0	0	10	0
9e5b13b54728ae598406f06098e5c641	3	0	0	0	0	0	0	0	0	0	0	0	0	0	7	0	0	0	0	0	0	0	0	0	0	0	0
b6a0f5706ca581ed06e88a038e89c501	0	0	0	0	0	0	0	0	0	0	0	0	0	0	0	0	0	0	0	0	3	0	0	0	7	0	0
5c316440849e38c43f57ba06b652c5b1	0	0	0	0	0	0	0	0	0	0	0	0	0	0	0	0	0	0	0	0	0	0	0	0	0	0	10
47c12b61c90c5033a1bb474f6c7ae154	0	0	0	0	0	0	0	0	0	0	0	0	0	0	0	0	0	0	0	4	6	0	0	0	0	0	0
ae6f17e716649196e48dc60a65365825	0	0	0	0	0	0	0	9	0	0	0	0	0	0	0	0	0	0	0	0	0	0	0	0	0	0	0
db1dd17a7ff61cf926ea9945e1a66fc7	0	9	0	0	0	0	0	0	0	0	0	0	0	0	0	0	0	0	0	0	0	0	0	0	0	0	0
4147ff0fb0a0ec8a2fbaba2db42b185c	0	0	0	0	0	0	0	0	0	0	3	0	0	0	0	0	0	0	0	0	6	0	0	0	0	0	0
993cfac93f1369ba561261bfaedadbd0	0	0	0	0	0	0	0	0	0	9	0	0	0	0	0	0	0	0	0	0	0	0	0	0	0	0	0
a4e6683dc8fddcc49e723db2492b576a	0	0	0	0	0	0	0	0	0	0	0	0	0	0	0	0	0	0	0	0	0	0	0	0	9	0	0
a69c46daf13262b6b55d48e98e60e701	0	0	0	0	0	0	0	0	0	0	0	0	0	0	0	0	0	0	0	0	0	9	0	0	0	0	0
ff54c5c3ff328bfdcd1b2354f5af0ae1	6	0	0	0	0	0	3	0	0	0	0	0	0	0	0	0	0	0	0	0	0	0	0	0	0	0	0
63a2206dfec0dceda45853983d52e6e7	0	0	0	0	0	0	0	0	0	0	0	0	0	0	0	0	0	0	0	0	9	0	0	0	0	0	0
5a0b9261547e121a8ea7f73141c21711	0	0	0	0	0	0	0	0	0	0	0	0	0	0	0	0	0	0	0	0	0	0	0	0	9	0	0
a14efcbf4561c0e13b029c01d0eabb7c	0	0	0	0	0	0	0	0	0	0	0	0	0	0	0	0	0	0	0	0	0	0	0	0	0	9	0
fbc725ec2fe08940c536810a60b90cdf	0	0	0	0	0	0	0	0	0	0	0	9	0	0	0	0	0	0	0	0	0	0	0	0	0	0	0
09a5bc77ffd3a62cad4f4ea412b0d085	7	0	0	0	0	0	0	0	2	0	0	0	0	0	0	0	0	0	0	0	0	0	0	0	0	0	0
e2fd40bffa85a75053b90f72242e13af	0	0	0	0	0	0	0	0	0	0	0	0	0	9	0	0	0	0	0	0	0	0	0	0	0	0	0
a6123a29f6451fe031a76e09a1bfe90b	9	0	0	0	0	0	0	0	0	0	0	0	0	0	0	0	0	0	0	0	0	0	0	0	0	0	0
ffaec69347c1784e91a8049c6f3bf5eb	3	0	0	0	0	0	6	0	0	0	0	0	0	0	0	0	0	0	0	0	0	0	0	0	0	0	0
2bba1f8c49fb19b800398943a216a572	0	0	0	0	0	0	0	0	0	0	0	0	0	0	0	0	0	0	0	0	0	3	0	0	6	0	0
5b6ed33d76bd85189785fab8f5dab08a	0	9	0	0	0	0	0	0	0	0	0	0	0	0	0	0	0	0	0	0	0	0	0	0	0	0	0
b39a2e2c3235f40529f546111f0a3092	0	0	0	0	0	0	0	0	0	0	0	0	0	0	0	0	0	0	0	0	0	9	0	0	0	0	0
8a736d3cd89ad50f544cf9db5e37af7f	0	0	0	3	0	0	0	0	0	0	0	0	0	0	0	0	0	0	0	2	0	0	0	0	0	0	4
4ef19fc863b7ff2cd97e5007547ddf7a	0	0	0	0	0	9	0	0	0	0	0	0	0	0	0	0	0	0	0	0	0	0	0	0	0	0	0
71095e2bbc44786d745a841fc64ef190	0	0	0	0	0	0	0	0	0	0	0	0	0	0	0	9	0	0	0	0	0	0	0	0	0	0	0
d544598bb85d78a7752148dc0ed57101	0	0	0	0	0	0	0	0	9	0	0	0	0	0	0	0	0	0	0	0	0	0	0	0	0	0	0
949a525dcd53e0d62b3da8c15a35ac5e	0	0	0	0	0	3	0	0	0	0	0	0	0	0	0	0	0	0	0	0	0	0	0	0	3	0	3
37fb41a5d2215ac8e6e827838405840c	0	0	0	0	0	0	0	0	0	0	0	0	0	0	0	0	0	0	0	0	0	9	0	0	0	0	0
4be485d827577b2c780d0792d6520705	0	0	0	0	0	0	0	0	0	0	0	0	0	0	0	0	0	0	5	0	0	0	0	4	0	0	0
a9164d01308501b576afa06256a15b0f	0	0	0	0	0	0	0	0	0	0	0	0	9	0	0	0	0	0	0	0	0	0	0	0	0	0	0
366a90f926a1db2a80c1948caeeac925	0	0	0	0	0	0	0	0	0	0	0	0	0	9	0	0	0	0	0	0	0	0	0	0	0	0	0
29d5cd09dba485f1bafe2640da6e8939	0	0	0	0	0	0	0	0	0	0	0	0	0	0	0	0	0	9	0	0	0	0	0	0	0	0	0
eceda61552802d9c467cfa7d26bf3f16	0	0	0	0	0	9	0	0	0	0	0	0	0	0	0	0	0	0	0	0	0	0	0	0	0	0	0
1e0e23d0b2d3040784ca3bb103abf809	0	0	0	9	0	0	0	0	0	0	0	0	0	0	0	0	0	0	0	0	0	0	0	0	0	0	0
42e9464e281f53ba8a4f84d59d523431	0	9	0	0	0	0	0	0	0	0	0	0	0	0	0	0	0	0	0	0	0	0	0	0	0	0	0
d17e4fb5b746c0f1d2fc868e48ae6edb	0	0	9	0	0	0	0	0	0	0	0	0	0	0	0	0	0	0	0	0	0	0	0	0	0	0	0
fbad297c1aaef2c80e698ecbc7ca62ab	0	0	0	0	0	0	0	0	0	0	0	0	0	0	6	0	3	0	0	0	0	0	0	0	0	0	0
c0e0afb5a82cfb074ea07cf537021134	0	0	0	0	0	0	0	0	0	0	0	0	0	0	0	0	0	0	0	0	0	0	0	0	0	9	0
a7e792cd68c4a48bd830fbd6872f3354	0	0	0	0	0	0	0	0	0	0	0	0	0	0	0	0	0	0	0	0	0	9	0	0	0	0	0
cea815997183674e57a6d620b871b86b	0	0	0	0	0	4	0	0	0	0	0	0	0	0	0	0	0	0	0	0	5	0	0	0	0	0	0
a94f24ac0295f457c7abce3bd225a50f	0	0	0	0	0	0	0	0	0	0	0	0	0	0	0	0	0	0	0	0	9	0	0	0	0	0	0
cb63d14a1996b7e6436643e034231939	0	0	0	0	0	0	0	0	0	0	0	0	0	0	0	0	0	0	0	0	9	0	0	0	0	0	0
f7abe7bb9d9bd3993daaaf3245e74265	0	0	0	0	0	2	0	4	0	0	0	0	0	0	0	0	0	0	0	0	0	3	0	0	0	0	0
6aed769366770da05176adb98c84b929	0	9	0	0	0	0	0	0	0	0	0	0	0	0	0	0	0	0	0	0	0	0	0	0	0	0	0
6c83906eb2a5d57bb157ad0a9078c5ad	0	0	0	0	0	0	0	0	0	0	0	0	0	0	0	0	0	0	0	0	9	0	0	0	0	0	0
ab5ea6c6deb0f9c7d6001b3a8a407223	0	0	0	0	0	0	0	9	0	0	0	0	0	0	0	0	0	0	0	0	0	0	0	0	0	0	0
72fd3103bc920b78b78a751e219abf87	0	0	0	0	0	0	0	0	0	0	0	0	0	0	0	0	0	0	0	0	9	0	0	0	0	0	0
2dc9263b1e99c54bcffd49aca5b4b63a	0	0	0	0	0	0	0	0	0	0	0	0	0	0	0	0	0	0	0	9	0	0	0	0	0	0	0
75c5980bf5a90ef85a076ee48aa4926a	0	0	0	0	0	0	0	0	0	0	0	0	0	0	0	0	0	4	0	0	0	0	0	0	5	0	0
bdf5e6cee67766ea4cd2babeee6cbc30	0	0	0	0	0	0	0	0	0	0	0	0	0	0	0	0	0	0	0	4	2	0	0	0	0	0	3
372d95a73a308104b5a37be1c52960fa	6	0	0	0	0	0	0	0	0	0	3	0	0	0	0	0	0	0	0	0	0	0	0	0	0	0	0
5fe8a79baa0e9601bc73ff3938dbf497	0	0	0	0	0	0	0	0	0	0	0	0	0	9	0	0	0	0	0	0	0	0	0	0	0	0	0
1cc186bf519b3bef80fe81e04e86fc27	0	0	0	0	0	0	0	0	0	0	0	0	0	0	0	0	0	0	0	9	0	0	0	0	0	0	0
e6da060d0e0b45e49189f7f9a9cb89b4	0	0	0	0	0	0	0	0	0	0	0	0	0	0	0	0	0	0	0	0	0	7	0	2	0	0	0
f43dadc62dfeb01a5dc6bab930da8fe2	9	0	0	0	0	0	0	0	0	0	0	0	0	0	0	0	0	0	0	0	0	0	0	0	0	0	0
3845faf83a6fe5a7af32ff7ca0743acb	0	0	0	0	0	0	0	0	0	0	0	0	0	0	0	9	0	0	0	0	0	0	0	0	0	0	0
d9c763dbd72a5f2abb52ad39b7b8f9aa	0	0	9	0	0	0	0	0	0	0	0	0	0	0	0	0	0	0	0	0	0	0	0	0	0	0	0
6f7878ac812a6d75364557ab0fef602a	0	0	0	0	0	0	0	0	0	0	0	0	0	0	0	0	0	0	0	0	0	0	9	0	0	0	0
196d4f2394a734bd3874b3efef83c1c5	0	0	0	0	0	0	0	0	0	0	0	0	0	0	0	0	0	0	0	0	0	9	0	0	0	0	0
e0e3a2245c99b56fb9a53398f99c7b5c	0	0	0	0	0	0	0	0	0	0	0	0	0	0	0	0	0	0	0	0	0	0	0	0	0	0	9
de7f9f462996ca23096993c775c38d76	0	0	0	0	0	0	0	0	0	0	0	0	0	0	0	0	0	9	0	0	0	0	0	0	0	0	0
5e930260539de586daec205128159aaf	0	0	0	0	0	0	0	0	0	0	0	0	0	0	0	0	0	0	0	0	9	0	0	0	0	0	0
4c80bca6d7584feb8e1c52a2ca8b4a46	0	0	0	0	0	0	0	0	0	0	0	0	0	0	0	0	0	9	0	0	0	0	0	0	0	0	0
d707baac20cb817f2a0d6bdc3c5bc949	0	5	0	0	0	0	0	0	0	0	2	0	0	0	2	0	0	0	0	0	0	0	0	0	0	0	0
354b4d2bbedce16d1a4f778f6770c61d	0	0	0	0	0	0	0	0	0	0	0	0	9	0	0	0	0	0	0	0	0	0	0	0	0	0	0
ff0aac429ab7bae5f698949ac05b0abd	0	0	0	0	0	0	0	0	0	0	0	0	0	0	0	0	0	0	0	9	0	0	0	0	0	0	0
ae4fdcdca4f8a5b3b88e1cb2182ca51e	0	0	0	0	0	0	0	0	0	0	0	0	0	0	0	0	0	0	0	0	0	2	0	0	0	0	7
b02af3bdbdfae49a10e0981d1b4a8f33	0	0	0	0	0	0	0	0	0	0	0	0	0	0	5	0	4	0	0	0	0	0	0	0	0	0	0
c38e870412d65cb57cf396e23e21196b	0	0	0	0	0	0	0	0	0	0	0	0	0	0	0	0	0	0	0	0	0	6	0	0	3	0	0
456d3ed51d63ec1e276a8480917b3e12	0	0	0	0	0	0	0	0	0	0	0	0	0	0	0	0	0	9	0	0	0	0	0	0	0	0	0
fbe56c64d19933dd02424142d5a31809	0	0	0	0	0	0	0	0	0	0	0	0	0	0	0	0	0	0	0	0	0	0	0	0	0	9	0
ee5ecd94a847467246d913c9e60854fa	0	0	0	0	0	0	0	0	0	0	0	0	0	0	0	0	0	0	5	0	0	0	0	4	0	0	0
091cf98c85c19651cd7224d6ebaf3dc1	0	0	0	0	0	0	0	0	0	0	0	0	0	0	0	0	0	0	0	9	0	0	0	0	0	0	0
10db162f60297112123267d7f8c5438a	0	0	0	0	0	0	0	0	0	0	0	0	0	0	0	0	0	0	0	0	0	0	9	0	0	0	0
2ca3e8f54491ae2cae9cfd2d40284dd9	0	0	0	0	0	0	0	0	0	0	0	0	0	0	0	0	0	2	0	0	0	0	0	0	0	0	7
8653edb704f1f17899d0eb3cc3cca138	0	0	0	0	0	0	0	0	0	0	0	0	9	0	0	0	0	0	0	0	0	0	0	0	0	0	0
c91235968ea14ce60ae7e2fa8b3aadb4	0	0	0	0	0	0	0	0	0	0	0	0	0	0	0	0	0	0	5	0	4	0	0	0	0	0	0
0164f99627d89471b64dc0f391859177	0	0	0	0	0	0	0	0	0	0	0	0	0	9	0	0	0	0	0	0	0	0	0	0	0	0	0
8b9cb91b8594d1650a3c3de4af0842e7	0	0	0	0	0	0	0	0	0	0	0	0	0	0	0	0	0	0	0	0	0	0	9	0	0	0	0
d274cb468f505aa029cf116292eed920	0	0	0	0	0	0	0	0	0	0	0	0	0	0	0	0	0	0	0	0	0	9	0	0	0	0	0
4bf413c057bf4377d8a980039826095a	0	0	0	0	0	0	0	0	0	0	0	0	0	0	0	0	0	0	0	0	0	0	0	0	0	9	0
6ec60142801dc3fed663456857d138f2	0	0	0	0	0	0	0	0	0	0	0	0	0	0	0	0	2	7	0	0	0	0	0	0	0	0	0
4499f2c7c57f9db76c1d75f3390588f6	0	0	0	0	0	0	0	0	0	0	0	0	0	0	0	0	0	0	0	0	0	0	0	0	9	0	0
3a2c8033b76cce015ffc476a7d77bfa3	0	0	0	0	0	0	0	0	0	0	0	0	0	9	0	0	0	0	0	0	0	0	0	0	0	0	0
1951c002ac423ddbb8213cbd9dc9ecb6	0	0	0	0	0	0	0	0	0	0	0	0	0	0	0	0	0	0	0	0	0	0	0	8	0	0	0
1b2727d9a46ce2983121fa1070af2580	0	0	0	0	0	0	0	0	0	0	0	0	0	0	0	0	0	0	0	5	0	0	3	0	0	0	0
19f7fe2949176b3b7f9c7ae1e5944779	8	0	0	0	0	0	0	0	0	0	0	0	0	0	0	0	0	0	0	0	0	0	0	0	0	0	0
d767af89a90d2ac37fadce8acba53eb3	0	8	0	0	0	0	0	0	0	0	0	0	0	0	0	0	0	0	0	0	0	0	0	0	0	0	0
9f5d71684a6c84904662ffc5579bea03	8	0	0	0	0	0	0	0	0	0	0	0	0	0	0	0	0	0	0	0	0	0	0	0	0	0	0
1f22788329260fd987c3cc7027a2145e	0	0	0	0	0	0	0	0	0	0	0	0	0	0	0	0	0	0	0	0	0	0	0	8	0	0	0
c4f445da865a2eb056ccc3f79cdd4e04	0	0	0	0	0	0	0	0	0	0	0	0	0	0	0	0	0	0	0	0	0	8	0	0	0	0	0
5574354aee375e33fc4e5ad83df2a2d1	0	0	0	0	0	0	0	0	0	0	0	0	0	0	0	0	0	0	0	0	0	0	0	0	8	0	0
755f4e3ffdb5a2f2b59c8cb554511b19	0	0	0	0	0	0	0	0	0	0	0	0	0	0	0	8	0	0	0	0	0	0	0	0	0	0	0
f429709737c138b3019b640fb902db01	0	0	0	0	0	0	0	0	0	0	0	0	0	0	0	8	0	0	0	0	0	0	0	0	0	0	0
c27c683380e07dda90941851518bf036	0	0	0	0	0	0	0	0	0	0	0	0	0	0	0	0	0	0	0	0	4	0	4	0	0	0	0
1ca64f415082b9076674e5b2efbe7944	0	0	0	0	0	0	0	0	0	0	0	0	0	0	0	0	0	0	0	0	0	0	0	8	0	0	0
048b262ba1724685477d2fe19f0fe261	0	0	0	0	0	0	0	0	0	5	3	0	0	0	0	0	0	0	0	0	0	0	0	0	0	0	0
fd00fad471c08d01bda9a32dcebaeb83	0	0	0	0	0	0	0	0	0	0	0	0	0	0	0	0	0	0	0	0	0	0	0	0	0	0	8
0e539a4759ccb3449e26b6ca46aa9d61	8	0	0	0	0	0	0	0	0	0	0	0	0	0	0	0	0	0	0	0	0	0	0	0	0	0	0
53049b1f7b35d63bbb9f7821fdd7d119	0	0	0	0	0	0	0	0	0	0	0	0	0	0	8	0	0	0	0	0	0	0	0	0	0	0	0
50c1adc394d69456bab0180bd2d25d57	0	0	0	0	0	0	0	0	0	0	0	0	0	8	0	0	0	0	0	0	0	0	0	0	0	0	0
cc92e59ca899dbd31fe97f6344e82ba9	0	0	0	0	0	0	0	0	0	0	0	0	0	8	0	0	0	0	0	0	0	0	0	0	0	0	0
8365c5cf3f272fd219dd2a4bbc5ce836	0	0	0	0	0	0	0	0	0	8	0	0	0	0	0	0	0	0	0	0	0	0	0	0	0	0	0
f2950ad00abea481262cf8d73c6a40cc	0	0	0	0	0	0	0	0	0	0	0	0	0	0	0	0	0	0	0	0	5	0	0	0	0	3	0
08335db3c41db1d5e54d0d64c993f991	0	0	0	0	0	0	0	0	0	0	0	0	0	0	0	0	0	0	0	0	5	0	0	0	3	0	0
3148de2f042bb58256d9ddb585866440	0	0	0	0	0	0	0	0	0	0	0	0	0	0	0	0	0	0	0	0	0	0	8	0	0	0	0
49e32aff047a17e1910d4466d6992660	0	0	0	0	0	0	0	0	0	0	8	0	0	0	0	0	0	0	0	0	0	0	0	0	0	0	0
e16e3e568ea392560d0d66aae5eca7fe	0	0	0	0	0	0	0	0	0	0	0	0	0	8	0	0	0	0	0	0	0	0	0	0	0	0	0
d36d2946be5b964ad92ab04ee2d30d03	0	0	0	0	8	0	0	0	0	0	0	0	0	0	0	0	0	0	0	0	0	0	0	0	0	0	0
022e80166f3341948ca61622a9327fcf	0	0	0	0	0	0	0	0	0	0	2	0	0	0	0	0	0	0	0	0	0	6	0	0	0	0	0
f617f0ce888fe9b6b91cb9069b7a11f5	0	0	0	0	0	0	2	0	0	0	0	0	6	0	0	0	0	0	0	0	0	0	0	0	0	0	0
007d6788c535eb20e957e53ceba4e160	0	0	4	0	0	0	0	0	0	0	0	0	0	0	0	0	0	0	0	0	0	0	0	0	0	0	4
2a4e871e5f729f0c7420fe9fdd9a3c85	0	0	0	0	0	0	0	8	0	0	0	0	0	0	0	0	0	0	0	0	0	0	0	0	0	0	0
d2dea2c658fa3b9c558f0a08e5cadc5e	0	0	0	0	0	0	0	0	0	0	0	0	0	0	4	0	0	0	0	0	0	0	0	0	4	0	0
27f52de112daf0b4d3808bdfdc9a69d4	0	0	0	0	0	0	0	0	0	0	5	0	0	0	0	0	3	0	0	0	0	0	0	0	0	0	0
d7670f7bb5fbabb2ce602458383b583f	0	0	0	0	0	0	0	0	0	0	0	0	0	0	0	0	0	0	0	0	0	8	0	0	0	0	0
76f3df5cf5d1d296eccca8285c9df30b	0	0	0	0	0	0	0	0	0	0	0	0	0	0	0	0	0	8	0	0	0	0	0	0	0	0	0
7ead17a076e7b7b419bf50abe7eee3f4	0	0	0	0	0	0	0	0	0	0	0	0	0	8	0	0	0	0	0	0	0	0	0	0	0	0	0
bc5f48bb6437e24ea045e5adb171dab9	0	0	0	8	0	0	0	0	0	0	0	0	0	0	0	0	0	0	0	0	0	0	0	0	0	0	0
cefbba2acf75fcbfdbdc2f6e014d43a6	0	0	0	0	0	0	8	0	0	0	0	0	0	0	0	0	0	0	0	0	0	0	0	0	0	0	0
a7fa7d36718ddc71098f55070b6d6067	0	0	0	0	0	0	0	0	0	0	0	0	8	0	0	0	0	0	0	0	0	0	0	0	0	0	0
6326363cc12189a386d6c9e5c711038d	0	0	0	0	0	0	0	0	0	0	0	0	0	0	0	0	0	0	0	0	0	0	0	0	8	0	0
6aae9a17fbd9c7a4f55a65ef18d63320	0	0	0	0	0	0	0	0	0	0	0	0	8	0	0	0	0	0	0	0	0	0	0	0	0	0	0
978f0274c9c14fae8218cc5ad4a6c52b	0	0	0	0	0	0	0	0	0	0	0	0	0	0	0	0	0	0	0	0	0	3	0	5	0	0	0
799bfdb00bc9cf2911d02763eeccac2e	0	0	0	0	8	0	0	0	0	0	0	0	0	0	0	0	0	0	0	0	0	0	0	0	0	0	0
64c0d0dd5f74e5337af584ca6925c482	0	0	0	0	0	0	0	0	0	0	0	0	0	0	0	0	0	0	0	0	8	0	0	0	0	0	0
5a035d56e668cc4a93bbf8d32d9934b6	0	8	0	0	0	0	0	0	0	0	0	0	0	0	0	0	0	0	0	0	0	0	0	0	0	0	0
48b36fc39aea88742aff1a9bfcfc638c	0	0	0	0	0	0	0	0	0	0	0	0	0	0	0	0	0	0	0	0	0	0	0	0	8	0	0
6a66c7e8ebd301b88c9d1fdb993d5b9f	0	0	0	0	0	0	0	0	0	0	0	0	0	0	0	0	0	0	0	0	0	0	0	0	8	0	0
94d3eac6ebca759adb23f10c52a515c6	0	0	0	0	0	0	8	0	0	0	0	0	0	0	0	0	0	0	0	0	0	0	0	0	0	0	0
520eaa1b2eb37866fa6b1b1cab134ac8	0	0	0	0	0	0	0	0	0	0	0	0	0	0	6	0	2	0	0	0	0	0	0	0	0	0	0
d83bfec21315b75fa35a1858ef64eee4	0	4	0	0	0	0	0	0	0	0	0	0	0	0	0	0	0	0	0	4	0	0	0	0	0	0	0
c42e482c106b2b58a95d8944c5bc9fd8	0	0	0	0	0	0	0	0	0	0	0	0	0	0	6	0	0	0	0	0	0	2	0	0	0	0	0
a06afb4b50c71640f8a57c05070d0ebb	0	0	0	0	0	0	0	0	0	8	0	0	0	0	0	0	0	0	0	0	0	0	0	0	0	0	0
14a0d84ec7f6d1e30176d19b0e32ccfc	0	0	0	0	0	0	0	0	0	0	0	0	0	0	0	0	0	0	0	0	0	2	6	0	0	0	0
d03b5a4efb3c37bced2101b9970df4da	0	0	0	0	0	0	0	0	0	0	0	3	0	0	0	0	0	5	0	0	0	0	0	0	0	0	0
5b215e2f8ebd584a8b599e88eb3b59a9	0	0	0	0	0	3	0	0	0	0	0	5	0	0	0	0	0	0	0	0	0	0	0	0	0	0	0
861b313d36a848e615800b9d43d86049	0	0	0	0	0	0	0	0	0	0	0	0	0	0	0	0	0	0	8	0	0	0	0	0	0	0	0
19f1adb4e8bce04064ab99a9f9c38da9	0	0	0	0	0	0	0	0	0	0	0	0	0	8	0	0	0	0	0	0	0	0	0	0	0	0	0
f5da5702d8bbc89a46aab5ee3b0de988	0	0	0	0	0	0	0	0	0	0	0	0	0	0	0	6	0	0	0	0	2	0	0	0	0	0	0
112d3180eef71a8b0cae5a5b6036c710	0	0	0	0	0	0	0	0	0	2	0	0	0	0	0	6	0	0	0	0	0	0	0	0	0	0	0
4c0ddc6b69cf809a746ddd5d25c4bbc4	0	0	0	0	0	0	0	0	0	0	0	0	0	0	6	0	2	0	0	0	0	0	0	0	0	0	0
7e2fb61e16daab3f4d67528523640278	0	0	0	0	0	0	0	0	0	0	0	0	0	0	8	0	0	0	0	0	0	0	0	0	0	0	0
4f3110e259e293df485445fe606c11b9	0	0	0	0	0	0	0	0	0	0	0	0	0	0	0	0	0	0	0	0	0	0	0	0	0	8	0
e3aed7f44fdfbdc63845ae89e5716e4b	0	0	0	0	0	0	0	0	0	0	0	0	0	8	0	0	0	0	0	0	0	0	0	0	0	0	0
5e6a9bd78e88ecbeec975a68511c10d4	0	0	0	0	0	0	0	0	0	0	0	0	0	0	0	0	0	0	0	0	0	0	0	8	0	0	0
12735b4e9b9134cfd9f6e27427f7eb75	0	0	8	0	0	0	0	0	0	0	0	0	0	0	0	0	0	0	0	0	0	0	0	0	0	0	0
b4075c8e3bdda0001ce9b105022f02c1	0	0	0	0	0	0	0	0	0	0	0	0	0	0	0	0	0	8	0	0	0	0	0	0	0	0	0
5b58d85cbedc3ec0cb868c83453bb3e1	0	0	0	0	0	0	0	0	0	0	0	0	0	0	0	0	0	0	0	0	0	0	0	0	8	0	0
004476d35251fadf7fbbe63ccbdc5cbf	0	0	0	0	0	0	0	0	0	0	0	0	0	0	0	0	0	0	0	8	0	0	0	0	0	0	0
83cfee43cd7ba84498cbf3746c717849	0	0	0	0	0	0	0	0	0	0	0	0	0	0	0	0	0	0	0	0	8	0	0	0	0	0	0
8b41f9c139f09823dbde9374cb66c1f0	0	0	0	0	0	0	0	0	0	0	0	0	0	0	0	0	0	5	0	3	0	0	0	0	0	0	0
b326b6ca7581de1c2b0d53a856f14b35	0	0	0	0	0	0	0	0	0	0	0	0	0	0	0	0	0	0	0	0	0	0	0	0	0	8	0
40c85d461439d1c4c9fd3f3042cde320	0	0	0	0	0	0	0	0	0	0	0	0	0	0	0	0	0	0	0	0	0	0	0	8	0	0	0
3f2be21b85545072b2364e4a2273814a	0	0	0	0	0	0	0	0	0	0	0	0	0	0	0	0	0	0	3	0	0	0	0	0	0	0	5
8318644933f4d0922898597a4d16c676	0	0	0	0	0	0	0	0	0	0	0	0	0	0	0	0	0	0	0	0	0	0	4	0	4	0	0
54844587e9071287ab54bea6e4d778fc	0	0	0	0	0	0	0	0	0	0	0	0	0	0	0	0	0	0	0	0	8	0	0	0	0	0	0
fe2187ac11b80a8d7ee7d8df5a6c8756	0	0	0	0	0	0	0	0	0	0	0	0	0	8	0	0	0	0	0	0	0	0	0	0	0	0	0
b27134fa5f9730660e9c8ee84eb74e6a	0	0	0	0	0	0	0	0	0	0	0	0	0	0	0	0	0	0	0	0	8	0	0	0	0	0	0
bdf8a26094624622d68509a87fa75ba7	0	0	0	0	0	0	0	0	0	0	0	0	0	0	0	0	7	0	0	0	0	0	0	0	0	0	0
7e2a5fb6a212f350330fedfc6119792d	0	0	0	0	0	0	0	0	0	0	0	0	0	0	0	0	0	7	0	0	0	0	0	0	0	0	0
f09db8721ed7e125b24dd3a49555eb4f	0	0	0	0	0	0	0	0	0	0	0	0	0	0	0	0	0	7	0	0	0	0	0	0	0	0	0
a22631bb31c420b734097f56e0c71ee5	0	0	0	0	0	0	0	0	0	0	0	0	0	7	0	0	0	0	0	0	0	0	0	0	0	0	0
401adf0cdad34aba7247e3d064b18761	0	0	0	0	0	0	0	0	0	0	0	0	0	0	0	0	0	0	0	2	0	5	0	0	0	0	0
2a342ecac95845f47a3f2d80e698d29a	0	0	0	0	0	0	0	0	0	0	0	0	0	0	0	0	7	0	0	0	0	0	0	0	0	0	0
3dad8d85319e46507181abe5fda61723	0	0	0	0	3	0	0	0	0	4	0	0	0	0	0	0	0	0	0	0	0	0	0	0	0	0	0
2c4cc1a86d90cf8ce915d7d3a7a0b808	0	0	0	0	0	0	0	0	0	0	0	0	0	0	0	0	0	0	0	0	0	7	0	0	0	0	0
4c38ea86274050247ec56110df676c70	0	0	0	0	0	0	0	0	0	0	0	0	0	0	7	0	0	0	0	0	0	0	0	0	0	0	0
59c41a16b9fe3fe0161560276a1ec7cf	0	0	0	0	0	0	0	0	0	0	0	0	0	0	0	0	0	0	0	0	0	0	0	5	2	0	0
646348a9f910e478ea8afb355f8f1f36	0	0	0	0	0	0	0	0	0	0	0	0	0	0	0	0	0	0	0	0	0	0	0	0	7	0	0
58c08b3858478a9dd03c332b08844380	0	0	0	0	0	0	0	0	0	0	0	0	0	0	0	0	0	7	0	0	0	0	0	0	0	0	0
0d002738b786aff21e484f3ad6e2c80c	0	0	0	0	0	0	0	0	0	0	0	0	0	0	0	0	0	0	0	0	0	7	0	0	0	0	0
9ff6301cb856be16e18037a2b9e62d08	0	0	0	0	0	0	0	0	0	0	0	0	0	0	0	0	0	0	0	0	0	0	0	0	0	3	4
9b729009fb6fd665b3efeb9f9c1a377c	0	0	0	0	0	0	0	0	0	0	0	0	0	0	0	0	0	0	0	0	0	0	0	0	0	7	0
e123f580ad3654eaa816362e08d9d174	0	0	0	7	0	0	0	0	0	0	0	0	0	0	0	0	0	0	0	0	0	0	0	0	0	0	0
2629ac2b78514355aa0f84f2744fb028	0	0	0	0	0	0	0	0	0	0	0	0	0	0	0	0	0	0	0	7	0	0	0	0	0	0	0
b80c393faa4946b90317ef404f2af98c	0	0	0	0	0	0	0	0	0	0	0	0	0	0	0	0	0	2	0	0	0	0	0	5	0	0	0
bf3b4b4bf538492f1914764540264416	0	0	0	0	0	0	0	0	0	0	0	0	0	0	0	0	0	0	0	0	0	3	0	0	0	4	0
85607fa1d9b8144d42109a2c49477e4c	0	0	0	0	0	0	0	0	0	0	0	7	0	0	0	0	0	0	0	0	0	0	0	0	0	0	0
d970b5885d89ef4e1570c411444a2133	0	0	0	0	0	0	0	0	0	0	0	0	0	0	0	0	0	0	0	0	0	7	0	0	0	0	0
aa9b3a1418d146c262ec63305292065a	0	0	0	0	0	0	0	0	0	7	0	0	0	0	0	0	0	0	0	0	0	0	0	0	0	0	0
f6edbcb91f18c1dcc550ce2c68333165	0	0	0	0	0	0	0	0	0	0	0	0	0	0	0	0	7	0	0	0	0	0	0	0	0	0	0
26a5a323409e23dc4556132f903ea4b4	0	0	0	0	0	7	0	0	0	0	0	0	0	0	0	0	0	0	0	0	0	0	0	0	0	0	0
4541b819e554ff8964fc5295d31a7c2b	0	0	0	0	0	0	0	0	0	0	0	0	7	0	0	0	0	0	0	0	0	0	0	0	0	0	0
8f0afc9b7c50e89a771858219475f80b	0	0	0	0	0	0	0	0	0	0	0	0	0	0	0	0	0	7	0	0	0	0	0	0	0	0	0
82d5dfbeac71e560658b2a9bfd4e99ba	0	0	0	0	0	0	0	0	0	0	0	0	0	0	0	0	0	0	0	0	0	0	0	0	7	0	0
5b6f8fbabd1b7998dbb4a567c9f07876	0	0	0	0	0	0	0	0	0	0	0	0	0	0	0	0	0	7	0	0	0	0	0	0	0	0	0
0cb099504ddb3eb59ceeb71e37b6ff2f	0	0	0	0	0	0	0	0	0	0	0	0	0	0	0	0	0	2	0	0	0	0	0	0	0	5	0
448b8b99b3e4a35bfc85bc28032678ca	0	0	0	0	0	0	0	0	0	7	0	0	0	0	0	0	0	0	0	0	0	0	0	0	0	0	0
b014e6cbae12fa53674331995e827a16	0	0	0	0	0	4	0	0	0	0	0	0	0	0	0	0	0	3	0	0	0	0	0	0	0	0	0
a53c63182f41836fb4374c85931fc82c	0	0	0	0	0	0	0	0	0	0	0	0	0	0	0	0	0	0	4	0	0	3	0	0	0	0	0
ef8f5b552548fb2bd98088b270f392a3	0	0	0	0	0	0	0	0	0	0	0	0	0	0	0	0	0	0	0	0	7	0	0	0	0	0	0
5082365bff44d8f6f4be24e44bc442ab	0	0	0	0	0	0	0	0	0	0	0	0	0	7	0	0	0	0	0	0	0	0	0	0	0	0	0
2aa4c0977e9f25a9d8658438a8148913	0	0	0	0	0	0	0	0	0	0	0	0	0	7	0	0	0	0	0	0	0	0	0	0	0	0	0
10317157bf2db19fc38e739dc17a86b2	0	0	0	0	0	0	0	0	0	0	0	0	0	7	0	0	0	0	0	0	0	0	0	0	0	0	0
00d4306620fb956f4cb8ea6616da13a3	0	0	0	0	0	0	0	0	0	0	0	0	0	0	0	0	0	0	0	7	0	0	0	0	0	0	0
bf5dd9a585c0e4f6310ff7a6ca8e0095	0	0	2	0	0	0	0	0	0	0	0	0	0	0	0	5	0	0	0	0	0	0	0	0	0	0	0
4e70a66c79868e7f33f5c184b07e4e4b	0	7	0	0	0	0	0	0	0	0	0	0	0	0	0	0	0	0	0	0	0	0	0	0	0	0	0
a7fa738f8a3aa53221cf85f230952eab	0	0	0	0	0	0	0	0	0	0	0	0	0	0	0	0	0	0	0	0	0	0	0	0	0	7	0
1c711c1da37f0fd487f206400b11554d	0	0	0	0	0	3	0	0	0	0	0	0	0	0	0	0	4	0	0	0	0	0	0	0	0	0	0
c8fdbffb1224afc1882eab8b3ecfd806	0	7	0	0	0	0	0	0	0	0	0	0	0	0	0	0	0	0	0	0	0	0	0	0	0	0	0
d0c4f9b15d710b0f4401b8ce5c9477e5	0	0	0	0	0	0	0	0	0	0	0	0	0	0	0	0	0	0	0	0	0	0	0	0	0	0	7
8466ca1972986ffdd553026e07939668	0	0	0	0	0	0	0	0	0	0	0	0	0	0	0	0	0	0	0	0	0	0	0	0	0	7	0
07f70bf81b5948f295913f011e613745	0	0	0	0	0	0	0	0	0	0	0	0	0	0	0	0	0	0	0	0	7	0	0	0	0	0	0
21e5422d91dd4feae283c36795eab0b5	0	0	0	0	0	0	0	0	0	0	0	0	0	0	0	0	7	0	0	0	0	0	0	0	0	0	0
1324744e67c4fef97140f5d628cf4443	0	0	0	0	0	0	0	0	0	0	0	0	0	0	0	0	0	0	7	0	0	0	0	0	0	0	0
7974bd9fbe860515b50ef3dc4c98ca5f	0	0	0	0	0	0	0	0	0	0	7	0	0	0	0	0	0	0	0	0	0	0	0	0	0	0	0
4d893ad3f6d39a9f64c40bea25ac26d2	0	0	0	0	0	0	0	0	0	0	0	0	0	0	0	7	0	0	0	0	0	0	0	0	0	0	0
8bd7443e22dac3e86ee807160654612b	7	0	0	0	0	0	0	0	0	0	0	0	0	0	0	0	0	0	0	0	0	0	0	0	0	0	0
629525497e965e01aab4d6c4022fbbb2	0	0	0	0	0	0	0	0	0	2	0	0	0	0	0	0	0	0	2	0	0	3	0	0	0	0	0
29b540aa40f68ce2c50fa6bdb40e7009	0	0	0	0	0	0	0	0	0	0	0	7	0	0	0	0	0	0	0	0	0	0	0	0	0	0	0
b2951d34334ecb37126e59949a4c4af5	0	0	0	0	0	0	0	0	0	0	0	0	0	0	0	0	0	0	0	0	3	0	0	4	0	0	0
da83cf7e39ff5166d5c079253270852b	0	0	0	0	0	0	0	0	0	0	0	0	0	0	0	0	0	0	0	0	0	0	0	0	7	0	0
ce466e66a61d1af8cb286b246605f5af	0	0	0	0	0	0	0	0	0	0	0	0	0	0	0	0	0	2	0	0	0	0	0	5	0	0	0
a0dfbdfe108e8ec33252b6360c1af794	0	0	0	0	0	0	0	0	0	0	0	0	0	0	0	0	0	0	0	0	0	0	5	0	2	0	0
fcae7e1b59a683d72ae02135fef2c532	0	0	0	0	0	0	0	0	0	0	0	0	0	0	0	0	0	0	0	0	0	0	0	0	4	0	3
2c24b13836d4a557cb36308674ab195e	0	0	0	0	0	7	0	0	0	0	0	0	0	0	0	0	0	0	0	0	0	0	0	0	0	0	0
da573d5d0fca0f9984442890f0f1fdba	0	0	0	0	0	0	0	0	0	0	0	0	0	0	0	0	0	0	0	0	3	0	0	0	0	0	4
c097f7f943567b5a2dde69f7580ab94f	0	0	0	0	5	0	0	0	0	0	2	0	0	0	0	0	0	0	0	0	0	0	0	0	0	0	0
16b0157b860bfbc805a861450ef5963f	0	0	0	0	0	3	0	0	0	0	0	0	0	0	0	0	0	0	0	4	0	0	0	0	0	0	0
284a01db9c4a17945e8623117af5dab2	0	0	0	0	0	0	0	0	3	0	0	4	0	0	0	0	0	0	0	0	0	0	0	0	0	0	0
e7721cc2417b28cd809b7710c33c476a	0	0	0	0	0	0	4	0	0	0	0	0	0	0	3	0	0	0	0	0	0	0	0	0	0	0	0
136eb0190de5e29c3b7548a65c578457	0	0	0	0	0	0	0	0	0	0	0	0	0	0	0	0	0	0	0	0	3	0	0	4	0	0	0
d74f89cc2d72997c94973930247df236	0	0	0	0	0	0	0	0	0	0	0	0	0	7	0	0	0	0	0	0	0	0	0	0	0	0	0
b00e2c6d49c1bbe05e9a1bda3d121616	0	0	0	0	0	0	0	0	7	0	0	0	0	0	0	0	0	0	0	0	0	0	0	0	0	0	0
229d348503832a41f0649950acbbd606	0	0	0	0	0	0	0	0	0	0	0	0	0	0	0	0	0	0	0	7	0	0	0	0	0	0	0
6d9037d1e74bab494aad6e734e48ecc7	0	0	0	0	0	0	0	0	0	0	0	0	0	7	0	0	0	0	0	0	0	0	0	0	0	0	0
89c400863fc949293b145a5caa9581c5	0	0	0	0	0	0	0	0	0	0	0	0	0	7	0	0	0	0	0	0	0	0	0	0	0	0	0
b793db09ace3b317b21ee2b33c19632f	0	0	7	0	0	0	0	0	0	0	0	0	0	0	0	0	0	0	0	0	0	0	0	0	0	0	0
70da97ffccd04e20f07616f932a66601	0	0	0	0	0	0	0	0	0	0	0	0	0	0	0	0	0	0	0	0	0	0	0	0	0	7	0
ae7ca964b710388e1056a34a2d03d490	0	0	0	0	0	0	0	0	0	0	0	0	0	0	0	0	0	0	0	0	0	0	0	0	0	7	0
ff420bd0c132dd35b10e7e9401c953bb	0	0	0	0	0	0	0	0	0	0	0	0	0	0	0	0	0	0	0	7	0	0	0	0	0	0	0
425d61d4bfe9b6e454ceb41ffd91c8a0	0	0	0	0	0	0	0	0	0	0	0	0	0	0	0	0	0	0	0	7	0	0	0	0	0	0	0
bf8feeb3e03b4d975fa85de3092a5ec4	0	0	0	0	0	0	7	0	0	0	0	0	0	0	0	0	0	0	0	0	0	0	0	0	0	0	0
70e5013ff530ccc9c6e001284ae1e31e	0	0	0	0	0	0	0	0	0	0	0	0	0	0	0	0	0	0	0	7	0	0	0	0	0	0	0
989aea5dbdf11b15d4cab08a18d1666e	0	0	0	0	0	0	0	0	0	0	0	0	0	0	0	0	0	0	0	0	0	0	0	7	0	0	0
afeb2d7e584f0113f8da9d3350cc8c37	0	0	0	0	0	0	0	0	0	0	0	0	0	0	0	0	0	0	0	0	0	0	7	0	0	0	0
279ec18ace7a45fb812a87c1452ae4c7	0	0	0	0	0	0	0	0	0	0	0	0	0	0	0	0	0	0	0	0	0	0	0	0	0	7	0
a0a2002c8b5c13c07f0409eda7db27e3	0	0	0	0	0	0	0	3	0	0	0	4	0	0	0	0	0	0	0	0	0	0	0	0	0	0	0
781f5110fe3c75479758319c7824b082	0	0	0	0	0	0	0	0	0	0	0	0	0	0	0	0	0	0	0	0	0	0	0	7	0	0	0
32535b42ad5a5aae62ed8804c2b3dd7d	0	0	0	0	0	0	0	0	0	0	0	0	0	7	0	0	0	0	0	0	0	0	0	0	0	0	0
7dc4051352df51172f175c7f491675f5	0	0	0	0	0	0	0	0	0	0	0	0	0	0	0	0	0	0	0	0	0	7	0	0	0	0	0
9a718008ef6d0428719b445e690e88d2	0	0	0	0	0	2	0	0	0	0	0	0	0	0	0	0	0	0	0	0	5	0	0	0	0	0	0
2593ef9eab12897237f8371e3a856adb	0	0	0	0	0	0	0	0	0	0	0	0	0	0	0	0	0	0	0	0	4	0	0	3	0	0	0
0e74bda08d5012f181c277b8150feef6	0	0	0	0	0	0	0	0	0	0	0	0	0	0	0	0	0	0	0	0	0	0	0	0	0	7	0
95acd8e892647b858c123cca9dd8777d	0	0	0	0	0	0	0	7	0	0	0	0	0	0	0	0	0	0	0	0	0	0	0	0	0	0	0
1fe0c24a8f8af84629cf684559b57958	0	0	0	0	0	0	0	0	0	0	0	0	0	0	0	0	0	0	0	0	0	7	0	0	0	0	0
1eb07e3ec16f48839cf4c6e9712a6ed3	0	0	0	0	0	0	0	0	0	0	0	0	0	0	0	0	0	0	7	0	0	0	0	0	0	0	0
214a9805d0ba28f1966432d4ac7e884d	0	0	0	0	0	0	0	0	0	0	0	0	0	0	0	0	0	0	0	3	0	0	0	0	4	0	0
bb3d017e98434e4417404f4370636a38	0	0	0	0	0	0	0	0	0	0	0	0	0	0	0	0	0	0	0	0	0	0	7	0	0	0	0
a443e786f67086749ef29ce0ab494c9e	0	0	0	0	0	0	0	0	0	0	0	0	0	0	0	0	0	0	0	0	0	0	0	0	0	6	0
c6c97c6dc67d8d8560ad74ab41c45b05	0	0	0	0	0	0	0	0	0	0	0	0	0	0	0	0	0	0	0	6	0	0	0	0	0	0	0
cd14dee2e46a6e368953b17b2387b093	0	0	0	0	0	0	0	0	0	0	0	0	0	0	0	0	0	0	0	0	0	0	6	0	0	0	0
28ea03fc58889ced3f05523d1e0be7f9	0	0	0	0	0	0	6	0	0	0	0	0	0	0	0	0	0	0	0	0	0	0	0	0	0	0	0
5366b75c4dbc82b157196f9efeaad4de	0	0	0	0	0	0	0	0	0	0	0	0	0	0	6	0	0	0	0	0	0	0	0	0	0	0	0
6c9047024558e34b25f7cc211e903575	0	0	0	0	0	0	0	0	0	6	0	0	0	0	0	0	0	0	0	0	0	0	0	0	0	0	0
9af04068b06bb560573e49bc91309ead	6	0	0	0	0	0	0	0	0	0	0	0	0	0	0	0	0	0	0	0	0	0	0	0	0	0	0
7889c0f2bf31987f5181d62073bb4973	6	0	0	0	0	0	0	0	0	0	0	0	0	0	0	0	0	0	0	0	0	0	0	0	0	0	0
9e701e82d552ee66d9007fa3883b6560	0	0	0	0	0	0	0	0	0	0	0	0	0	0	0	6	0	0	0	0	0	0	0	0	0	0	0
03957725ff6809cdedb5802949df1c1e	0	0	0	0	0	0	0	3	0	0	0	0	0	0	0	0	0	0	0	0	0	3	0	0	0	0	0
b9f58e294bd1481db8964ec76467cd30	0	0	0	0	0	0	0	0	0	0	0	0	0	0	0	0	0	0	0	0	0	6	0	0	0	0	0
801d4dd39077f729f6f7d90201cad7f9	0	0	0	0	0	0	0	0	0	0	0	0	0	0	0	0	0	0	0	0	0	0	0	0	0	6	0
3ec3fef76e9047f89ee9ab923322360d	0	0	0	0	0	0	0	0	0	0	0	0	0	0	0	0	0	0	0	0	0	0	0	0	6	0	0
bc55effb4efd54914f6720c51f269fd9	0	0	0	0	0	0	0	0	0	0	0	0	0	0	0	0	6	0	0	0	0	0	0	0	0	0	0
3f1a1fcb42482a74334dce1fe3afd2b6	0	0	0	0	0	0	0	0	0	0	0	0	0	0	0	0	0	0	0	0	0	0	0	0	0	6	0
ac54558bde41d3bf6d1f12b467bece1e	0	0	0	0	0	0	0	0	0	0	0	0	0	0	0	0	0	0	0	0	4	2	0	0	0	0	0
2ab0e6c96c41b039cd7a7f0be3b5c759	0	0	0	0	0	0	0	6	0	0	0	0	0	0	0	0	0	0	0	0	0	0	0	0	0	0	0
584fbe04981688ef12ad7f15e71aedad	0	6	0	0	0	0	0	0	0	0	0	0	0	0	0	0	0	0	0	0	0	0	0	0	0	0	0
4dc8a2cf1161e7147355f871ff7990c0	0	0	0	0	0	0	0	0	0	0	0	0	0	0	0	0	0	0	0	0	0	6	0	0	0	0	0
537bc430f562bedfaaa1f06d79253dcc	0	0	0	0	0	0	0	0	0	0	0	0	0	0	0	0	6	0	0	0	0	0	0	0	0	0	0
60a2128eee5a43560406974d17e5f008	0	0	0	0	0	0	0	0	0	0	0	0	0	0	0	0	0	0	0	0	0	0	0	0	0	6	0
df63b28a333c11e9fae93ee760ca2e28	0	0	0	0	0	0	0	6	0	0	0	0	0	0	0	0	0	0	0	0	0	0	0	0	0	0	0
e87b916e3814a2349a23f0bbd65c6eaa	0	0	0	0	0	0	0	0	0	0	0	0	0	0	0	0	0	0	6	0	0	0	0	0	0	0	0
4cf5d6ec28d074515cfbb713fe4823e6	0	0	0	0	0	0	0	0	0	0	0	0	0	0	0	0	0	0	0	0	0	0	0	6	0	0	0
0ef362d69b34f3c6deb27d9b7458022b	0	0	0	0	0	0	0	0	0	0	2	0	0	0	0	0	4	0	0	0	0	0	0	0	0	0	0
3125694452d98013214919bea3df321d	0	0	6	0	0	0	0	0	0	0	0	0	0	0	0	0	0	0	0	0	0	0	0	0	0	0	0
4eb69c8006ffbec708e2064c9351b1c3	0	0	0	0	0	0	0	0	0	0	0	0	0	0	0	0	0	0	0	0	6	0	0	0	0	0	0
637a02123760bcfc360712ea78d8cf4f	0	0	0	0	0	0	0	0	0	0	0	0	0	6	0	0	0	0	0	0	0	0	0	0	0	0	0
2b754645bcd3b3971d2de91fd6d596b2	0	0	0	0	0	0	0	6	0	0	0	0	0	0	0	0	0	0	0	0	0	0	0	0	0	0	0
c2268005603301e73f352a02181815ec	0	0	0	0	0	0	0	0	0	0	0	0	0	0	0	6	0	0	0	0	0	0	0	0	0	0	0
7b840bdd4d82e9c624f86b90b6b5df6b	0	0	0	0	0	0	0	0	0	0	0	0	0	0	0	0	0	0	0	0	0	0	6	0	0	0	0
186f456220c5d90745eef46e878d0d85	0	0	0	0	0	6	0	0	0	0	0	0	0	0	0	0	0	0	0	0	0	0	0	0	0	0	0
01b44958dbdf8444f50b8de5367798d5	0	6	0	0	0	0	0	0	0	0	0	0	0	0	0	0	0	0	0	0	0	0	0	0	0	0	0
380f4f2391a72ec827c525b4a40aa72b	0	0	0	0	0	0	0	0	0	0	0	0	0	6	0	0	0	0	0	0	0	0	0	0	0	0	0
02ad021237072e5e2c54703515fc91b4	0	0	0	0	0	0	0	0	0	0	0	0	0	0	0	6	0	0	0	0	0	0	0	0	0	0	0
a7fd4acac885f2cff396d88e737119f5	0	0	0	0	0	0	0	0	0	0	0	0	0	0	0	0	0	2	0	0	4	0	0	0	0	0	0
f10fac84839df2071718ebdd3c37f50f	0	0	0	0	0	0	0	0	0	0	0	0	0	0	0	0	0	0	0	0	0	0	0	6	0	0	0
db9a940f30528653fd3dceb660a16ff8	0	0	0	0	0	0	0	0	0	0	0	0	0	0	0	0	0	0	0	0	0	0	0	6	0	0	0
f9170133586174723c758506c2c3942d	3	0	0	0	0	0	3	0	0	0	0	0	0	0	0	0	0	0	0	0	0	0	0	0	0	0	0
208ab73549e66130746d630b98004b27	0	0	0	0	0	0	0	0	0	0	0	0	0	0	0	0	2	4	0	0	0	0	0	0	0	0	0
952dd1b90b0fc2a043f4a99ad24359f6	0	0	0	0	0	0	0	0	0	0	0	0	0	0	0	6	0	0	0	0	0	0	0	0	0	0	0
b354856b589cab3b9fb44b049f1e98ae	0	0	0	0	0	0	0	0	0	0	0	0	0	0	0	0	0	0	0	0	0	0	0	0	0	0	6
49ea924794dd95cbf131c31814d0768b	0	0	0	0	0	0	0	0	0	0	6	0	0	0	0	0	0	0	0	0	0	0	0	0	0	0	0
0aa79cb8cae74690edc3371be7ff25a2	0	0	0	0	0	0	0	0	0	0	0	0	0	0	0	0	0	0	0	0	0	0	0	0	6	0	0
df641954cccdb1e6313ef6d80c4e99ed	0	0	0	0	0	0	6	0	0	0	0	0	0	0	0	0	0	0	0	0	0	0	0	0	0	0	0
049c7baac86f91cad6f6489960ea705a	0	0	0	0	0	0	0	0	0	0	0	6	0	0	0	0	0	0	0	0	0	0	0	0	0	0	0
edb2bd987e6a355bec952d37496ee974	2	0	4	0	0	0	0	0	0	0	0	0	0	0	0	0	0	0	0	0	0	0	0	0	0	0	0
028b209a3ee7e6e2f9f117ac606b8d86	0	0	0	0	0	0	0	0	0	0	0	0	0	0	6	0	0	0	0	0	0	0	0	0	0	0	0
c1e36243a2d7da538ff2770b185b6ebb	0	0	0	0	0	0	0	0	0	0	0	0	0	0	0	0	0	0	0	0	0	0	0	0	0	0	6
7edeac8d088ac48054cacab2c70b9be6	0	0	0	0	0	0	6	0	0	0	0	0	0	0	0	0	0	0	0	0	0	0	0	0	0	0	0
5d955b9ef00e3b028da416b26be4ebac	0	0	0	0	0	0	0	0	0	0	0	0	0	0	0	0	0	0	0	0	0	3	3	0	0	0	0
f30ba8981a056ad4ba9ee22f0efaf219	2	0	0	0	0	0	0	0	0	0	0	0	0	0	4	0	0	0	0	0	0	0	0	0	0	0	0
7093d7695acab3aeb5e1b9b55ed9634e	0	6	0	0	0	0	0	0	0	0	0	0	0	0	0	0	0	0	0	0	0	0	0	0	0	0	0
5261003eda4dadf98b21bb2d391d7c16	0	0	0	0	0	0	0	0	0	0	0	0	0	0	0	0	0	0	0	0	0	0	0	0	6	0	0
b4b0d9686a80902a9b2dcf6ac7df076a	0	0	0	0	0	0	0	0	0	0	0	0	0	0	0	0	0	0	0	2	0	0	0	0	0	4	0
acfbbece7f0bf142c56c388ec4f5dbab	0	0	0	0	0	0	0	0	0	0	0	0	0	0	0	0	0	0	0	0	0	0	0	0	0	6	0
ddafd333bf033d33b17e25298eddce00	0	0	0	0	0	0	0	0	0	0	0	0	0	0	0	0	0	0	0	0	0	4	0	0	0	0	2
3330217ae1a20a7b91fa2d1cbc31e413	0	0	0	0	0	0	0	0	0	0	0	0	0	0	0	0	0	0	0	0	0	0	0	0	0	6	0
e0b4403b60863663545bacfd6711d977	0	0	0	0	0	0	0	0	0	0	0	0	0	0	0	0	0	6	0	0	0	0	0	0	0	0	0
d97ed5ff4cf7f620cf2b729462ffc1bb	0	0	0	0	0	0	0	0	0	0	0	0	0	0	0	0	0	0	0	0	0	0	0	0	0	0	6
7c6fbc358bbde2645ee1a9474a0546e1	0	0	0	0	0	0	0	0	0	0	0	0	0	0	0	0	0	0	0	0	0	6	0	0	0	0	0
6ad0a4af2381ee64e4e1a6731841e579	0	0	0	0	0	0	0	0	0	0	0	0	0	0	6	0	0	0	0	0	0	0	0	0	0	0	0
4e1254fdaee304cefe0e38205e21c215	6	0	0	0	0	0	0	0	0	0	0	0	0	0	0	0	0	0	0	0	0	0	0	0	0	0	0
0459b7458ba659cac22fb777ac29a293	3	0	0	0	0	0	0	0	0	0	3	0	0	0	0	0	0	0	0	0	0	0	0	0	0	0	0
b7c7e0a42b526cfe33fc4e03bc7d14a6	0	0	0	0	0	0	0	0	0	0	0	0	0	0	0	0	0	6	0	0	0	0	0	0	0	0	0
ddb6ec86a2060eb8f078e9f5098710e1	0	0	0	0	0	0	0	0	0	0	0	0	0	0	0	0	0	0	0	0	4	2	0	0	0	0	0
aee0d0ac9a1878f32b1e6e61567b928c	0	0	0	0	0	0	0	0	0	0	0	0	0	0	0	0	0	0	0	0	6	0	0	0	0	0	0
3c5ec7b4d18c50ef9c71555fc9686c91	0	0	0	0	0	0	0	0	0	0	0	0	0	0	0	4	0	2	0	0	0	0	0	0	0	0	0
a3d80dbe86aa9d33b7ff37145aea9a1c	0	0	0	0	0	0	0	0	0	0	0	0	0	0	0	0	0	0	0	0	0	0	0	0	0	0	6
59f464f8a252aaa42f361a90a1c161cc	0	0	0	0	0	0	0	0	0	0	0	0	0	0	0	0	6	0	0	0	0	0	0	0	0	0	0
1007aa7447de0d03999cd1d4b705fc6e	0	0	0	0	0	6	0	0	0	0	0	0	0	0	0	0	0	0	0	0	0	0	0	0	0	0	0
b8d0d6d4da660bbb80529edfe85b2548	0	0	0	0	0	0	0	0	0	0	0	0	0	6	0	0	0	0	0	0	0	0	0	0	0	0	0
7c9e673b56b59173b83501648868702b	0	0	0	0	0	0	0	0	0	0	0	0	0	6	0	0	0	0	0	0	0	0	0	0	0	0	0
db71e335bc263a02d10d6331d567e4ba	0	0	0	0	6	0	0	0	0	0	0	0	0	0	0	0	0	0	0	0	0	0	0	0	0	0	0
8b1042527a6cf162c50cb81761f82804	0	0	0	0	0	0	0	0	0	0	0	0	0	0	0	0	0	0	0	6	0	0	0	0	0	0	0
72ca040aa891ee5a37a977fff94a14dc	0	0	0	0	0	0	0	0	0	0	0	0	0	0	0	0	0	0	0	0	0	0	0	0	0	6	0
03b55fce1779317118c4fb3915f8db93	0	0	0	0	0	0	0	0	0	0	0	0	6	0	0	0	0	0	0	0	0	0	0	0	0	0	0
19e019a759130ed4b288ff85221681b5	0	0	0	2	0	2	0	0	0	0	0	0	0	0	0	0	0	2	0	0	0	0	0	0	0	0	0
13487921188afc4d770b269e75d663b3	0	0	0	0	0	0	0	0	0	0	0	0	0	0	0	0	0	0	0	0	0	0	0	0	0	0	6
172121ed8d81a5442c0b2caf96764cf9	0	0	0	0	0	0	0	0	0	0	0	0	0	2	0	0	0	0	0	4	0	0	0	0	0	0	0
4f971d1320ab56a4159d1962c25f9e87	0	0	0	0	0	0	0	0	0	0	0	0	0	0	0	0	0	0	0	0	6	0	0	0	0	0	0
f8fe105470acd245d12aa4b6f024d878	0	0	0	0	0	0	0	0	0	0	0	0	0	0	0	0	0	0	0	0	6	0	0	0	0	0	0
e657907312415da47ee5d5a4796a675a	0	0	0	0	0	0	0	0	0	0	0	0	0	0	0	0	0	0	0	0	0	2	0	0	0	0	4
20721b49a85350c424f5e93ebc0ad0a4	0	0	0	0	0	0	0	0	0	0	0	0	0	0	0	0	0	0	0	0	0	0	0	0	6	0	0
e796c9df29571217be7dea58f0188257	0	0	0	0	0	0	0	0	0	0	0	0	0	0	0	0	0	0	0	0	0	0	0	0	0	0	6
3639bd297a6410801f8e497db4751d42	0	0	0	0	0	0	0	0	0	0	0	0	0	0	0	0	0	0	0	0	0	0	0	0	0	0	6
4fa8f2f04d7a5a39deebf20a39009a91	0	0	0	0	0	0	0	0	0	0	0	0	0	0	0	0	0	0	0	0	0	0	6	0	0	0	0
edf2fd6946209389ff59eec749d9b057	0	0	0	0	0	0	0	0	0	0	0	0	0	0	0	0	0	0	6	0	0	0	0	0	0	0	0
f8fb7e555415afe663be36e9af242cea	0	0	0	0	2	0	0	0	0	0	0	0	0	0	0	0	4	0	0	0	0	0	0	0	0	0	0
b66772dfb431b48b579915617caf0ad6	0	3	0	0	0	0	0	0	0	0	0	0	0	0	0	0	0	0	0	0	3	0	0	0	0	0	0
d413a857e87f140ac13d9be5aa8d8eb7	0	0	0	0	0	0	0	0	0	0	0	0	0	0	0	0	0	0	0	0	6	0	0	0	0	0	0
1b3acd9193688f666672e796366cd0c2	0	0	0	0	0	0	0	6	0	0	0	0	0	0	0	0	0	0	0	0	0	0	0	0	0	0	0
a1bebf28de164805905291ce00b49d51	6	0	0	0	0	0	0	0	0	0	0	0	0	0	0	0	0	0	0	0	0	0	0	0	0	0	0
b00935523e2fdb73e52abf543a036af8	0	0	0	0	0	0	0	0	0	0	0	0	0	0	0	0	0	0	0	6	0	0	0	0	0	0	0
f36ea145be9e036f9307bc28da74da86	0	0	0	0	0	0	0	0	0	0	0	6	0	0	0	0	0	0	0	0	0	0	0	0	0	0	0
440fa4359b7af582b1abc9a7fd029f07	0	0	0	0	0	0	0	0	0	0	0	0	0	0	0	0	0	0	0	0	0	6	0	0	0	0	0
ab8eebfbeada3f09b5f8c9af83cdd557	0	0	0	0	0	0	0	0	0	0	0	0	0	0	0	0	0	0	0	0	0	0	0	0	0	6	0
eb874b8def44181ca8d01b1b250606da	0	0	0	0	0	0	0	0	0	0	0	0	0	0	0	0	0	0	0	0	0	0	0	0	6	0	0
100b5fb889a19a79de565da1995f4451	0	0	0	0	0	0	0	0	0	0	0	0	0	6	0	0	0	0	0	0	0	0	0	0	0	0	0
8e5290f29ad28178cbd9c9582ed610c1	0	0	0	0	0	0	0	0	0	0	0	0	0	0	0	0	6	0	0	0	0	0	0	0	0	0	0
35e8f92891757e2c3fc0b41d6fa22be5	0	0	0	0	0	0	0	0	0	0	0	0	0	0	0	0	0	6	0	0	0	0	0	0	0	0	0
c88c1aa91818d8a04f93a6e222751289	0	0	0	0	0	0	0	0	0	0	0	0	0	0	0	0	0	0	0	0	6	0	0	0	0	0	0
4e986686c6630c0cdf5247111f026584	0	0	0	0	0	0	0	0	0	0	5	0	0	0	0	0	0	0	0	0	0	0	0	0	0	0	0
a4e55553f216c809040a55870588410c	0	0	0	0	0	0	0	0	0	0	0	0	5	0	0	0	0	0	0	0	0	0	0	0	0	0	0
6c5f4f9666d82b1bedf94e99acfe6741	0	0	0	0	0	0	0	0	0	0	0	0	0	0	0	0	0	5	0	0	0	0	0	0	0	0	0
860e0d061e96c670941f08a4586032d8	0	0	0	0	0	0	0	0	0	0	0	0	0	0	0	0	0	5	0	0	0	0	0	0	0	0	0
2440f91c2fd352ddd4d134f54dbc3c3f	0	0	0	0	0	0	0	0	0	0	0	0	0	0	0	0	0	0	0	0	0	0	0	0	0	0	5
cbf69934a20376528f49167529c50ef5	0	0	0	0	0	0	5	0	0	0	0	0	0	0	0	0	0	0	0	0	0	0	0	0	0	0	0
e85115584bfb3021a51effe7c577d475	0	0	0	0	0	0	0	0	0	0	0	0	0	0	0	0	0	0	0	0	0	0	0	0	5	0	0
64fcf51a797b86187ed5f7ee64ac3271	0	0	0	0	0	0	0	0	0	0	0	0	0	0	0	0	0	0	0	0	0	0	5	0	0	0	0
666900949c0e5c3ca6326b82d9c95f42	0	0	0	0	0	0	0	0	0	0	0	0	0	0	0	0	0	0	0	0	5	0	0	0	0	0	0
d081926c4fb506dafcf60d94fb3f0078	0	0	0	0	0	0	0	0	0	0	0	0	0	0	0	0	0	0	0	0	0	0	0	0	5	0	0
9c30e00fc5cc3d8d97c2f8b79378b166	0	0	0	0	0	0	0	0	0	0	0	0	0	0	0	0	0	0	0	0	0	0	0	0	0	5	0
bae4298e5db147554f071ff15b73ae91	0	0	0	0	0	0	0	0	0	0	0	0	0	0	0	0	0	0	0	0	0	0	0	0	0	0	5
115958bc3e3ed1fa6f75d20549f05ece	0	0	0	0	0	5	0	0	0	0	0	0	0	0	0	0	0	0	0	0	0	0	0	0	0	0	0
203dc6a52a3f76fa12a1e18bb36d03d1	0	0	0	0	0	0	0	0	0	0	0	0	0	0	5	0	0	0	0	0	0	0	0	0	0	0	0
3881aed41e0d7d429bb086e55691a657	0	0	0	0	0	0	0	0	0	0	0	0	0	0	0	0	0	0	0	0	0	0	0	0	5	0	0
d9185cd2c4662f23beec3a45566ac011	0	0	0	0	0	0	0	0	0	0	0	0	0	0	0	0	0	0	0	0	0	5	0	0	0	0	0
973f56d932e5671001e3f9b092cd1583	0	0	0	0	0	0	0	0	0	0	0	0	0	0	0	0	0	0	0	5	0	0	0	0	0	0	0
4f118fff783587b89c43f9de7d37e3a0	0	0	0	0	0	0	0	0	0	0	5	0	0	0	0	0	0	0	0	0	0	0	0	0	0	0	0
0d56186c30ae3c04a9f80b99618a8d4e	0	0	0	0	0	0	0	0	0	0	0	0	0	0	0	0	0	0	0	0	0	0	0	5	0	0	0
39609dc9ae718bd70b52c1db903e2f97	0	0	0	0	0	0	0	0	0	0	0	0	5	0	0	0	0	0	0	0	0	0	0	0	0	0	0
7730004a574b9c0a0da3d382b3585494	0	0	0	0	0	0	0	0	0	0	0	0	0	0	0	0	0	0	0	0	0	0	0	0	0	5	0
18f8807333ba0fcb8131c62a536c970b	0	0	0	0	0	5	0	0	0	0	0	0	0	0	0	0	0	0	0	0	0	0	0	0	0	0	0
685a1812a6e46f72d7cf1f4a060b8e96	0	0	0	0	0	0	0	0	0	0	0	0	0	0	5	0	0	0	0	0	0	0	0	0	0	0	0
32f0aa4803c737f5e8faa974e0311513	0	0	0	0	0	0	0	0	0	0	0	0	0	0	0	0	0	0	0	0	0	0	0	0	0	5	0
6502fcacc541cb84fa90daae75026392	5	0	0	0	0	0	0	0	0	0	0	0	0	0	0	0	0	0	0	0	0	0	0	0	0	0	0
fe416c72555516ceb55c78ab742fef48	0	0	0	0	0	0	5	0	0	0	0	0	0	0	0	0	0	0	0	0	0	0	0	0	0	0	0
876a9f0e7543355374d4b556e44c386f	0	0	0	0	0	0	5	0	0	0	0	0	0	0	0	0	0	0	0	0	0	0	0	0	0	0	0
32dd60b013160e742b295c60b010be0f	0	0	0	0	0	0	0	0	0	0	0	0	0	0	0	0	0	0	0	0	0	0	0	0	0	0	5
9cd14428540d565da0ee136a8b25813f	0	0	0	0	0	0	0	0	5	0	0	0	0	0	0	0	0	0	0	0	0	0	0	0	0	0	0
5dd260c8fdca3eab276dbd32a75bfa35	0	0	0	0	0	0	0	0	0	0	0	0	0	0	0	0	0	0	0	0	0	0	0	0	5	0	0
2827c60d46ff9a7261eb3f5eabbca293	0	0	0	0	0	0	0	0	0	0	0	0	0	0	0	0	0	0	0	0	0	0	0	0	0	5	0
8713bd14c097891b0c900a0e78dec5d2	0	0	0	5	0	0	0	0	0	0	0	0	0	0	0	0	0	0	0	0	0	0	0	0	0	0	0
ae67bceddae447e7dade752a5a28d6f3	0	0	0	5	0	0	0	0	0	0	0	0	0	0	0	0	0	0	0	0	0	0	0	0	0	0	0
8553bd0dbb73c5fa6fe8f4481fa62bbb	0	0	0	0	5	0	0	0	0	0	0	0	0	0	0	0	0	0	0	0	0	0	0	0	0	0	0
f9e8eea3379a20c7938b6dc73dffce4b	0	0	0	0	5	0	0	0	0	0	0	0	0	0	0	0	0	0	0	0	0	0	0	0	0	0	0
68262884f1021c896f8e1bf7348d773c	0	0	0	0	0	0	0	0	0	0	0	0	0	0	0	0	5	0	0	0	0	0	0	0	0	0	0
f8c246ec3eebe032d255019ea80f8306	0	0	0	0	0	0	0	0	0	0	5	0	0	0	0	0	0	0	0	0	0	0	0	0	0	0	0
3c6356fc1e99cc1f4b900c880056165d	0	0	0	5	0	0	0	0	0	0	0	0	0	0	0	0	0	0	0	0	0	0	0	0	0	0	0
1fbfa076421448566c8f3bbd6fd9ef99	0	0	0	0	0	0	0	0	0	0	0	5	0	0	0	0	0	0	0	0	0	0	0	0	0	0	0
875411adf1506374b06f93ba934efe57	0	0	0	0	0	2	0	0	0	0	3	0	0	0	0	0	0	0	0	0	0	0	0	0	0	0	0
93501a4635f810a75a12b3916f72dfee	0	0	0	0	0	0	0	5	0	0	0	0	0	0	0	0	0	0	0	0	0	0	0	0	0	0	0
5e1172d6e98b21b759ec34f0f1c101f7	0	0	0	0	0	0	0	0	0	0	0	0	0	0	0	0	0	0	0	0	5	0	0	0	0	0	0
4bb3319bf9f590ccf0fd01046d8bff9f	0	0	0	0	0	0	0	0	0	0	0	0	0	0	0	0	0	0	0	0	0	0	0	0	0	5	0
b6853beba637901470d3ed7c88740157	0	0	0	0	0	0	0	0	0	0	0	0	0	0	0	0	0	5	0	0	0	0	0	0	0	0	0
c164ff1a01e7449271cbdf831edefac8	0	0	0	0	0	0	0	0	0	0	0	0	0	0	0	0	0	0	0	5	0	0	0	0	0	0	0
fdd9a331ffd09397ad26c7a2824e0ef2	0	0	0	5	0	0	0	0	0	0	0	0	0	0	0	0	0	0	0	0	0	0	0	0	0	0	0
b4626f6f1fc371121aa5b25f0105050e	0	0	0	0	0	0	0	0	0	0	0	0	5	0	0	0	0	0	0	0	0	0	0	0	0	0	0
1641a205212b2a7c4ab143fd572fc87a	0	0	0	0	0	0	0	0	0	0	0	0	0	5	0	0	0	0	0	0	0	0	0	0	0	0	0
6abb7b3c017c3bddefa92304e5be9ab7	0	0	0	0	0	0	0	0	0	0	0	0	0	0	0	0	0	0	0	0	0	0	5	0	0	0	0
35d53187b3b3b1698d230af8e19f1f6b	0	0	0	0	0	0	0	0	0	0	0	0	0	5	0	0	0	0	0	0	0	0	0	0	0	0	0
233067e93dc45e758ab63795df024690	0	0	0	0	5	0	0	0	0	0	0	0	0	0	0	0	0	0	0	0	0	0	0	0	0	0	0
ed6714e9c488cff4f65d86613cb7e58d	0	0	0	0	0	0	0	0	0	0	0	5	0	0	0	0	0	0	0	0	0	0	0	0	0	0	0
40280dc965d2d9728aad5f6066aeadfa	0	0	0	0	0	0	0	0	5	0	0	0	0	0	0	0	0	0	0	0	0	0	0	0	0	0	0
b3b905bb8bb03fe9e84d2f80419dc72f	0	0	0	0	0	0	0	0	0	0	0	0	0	0	0	0	0	0	0	0	0	0	0	0	0	0	5
ba2e8df2251a78d337f9483266aa2f14	0	0	0	0	0	0	0	0	0	0	0	0	0	0	0	0	0	0	0	0	5	0	0	0	0	0	0
99d6de3c6386de6789bbd3ad6fa2f558	5	0	0	0	0	0	0	0	0	0	0	0	0	0	0	0	0	0	0	0	0	0	0	0	0	0	0
5cedb7a31f3bf9bd4c90904257ae7709	0	0	0	0	0	0	0	0	0	0	0	0	0	0	0	0	0	0	0	0	5	0	0	0	0	0	0
be78a6c2f850cdc9a54c727aea3a2b79	0	0	5	0	0	0	0	0	0	0	0	0	0	0	0	0	0	0	0	0	0	0	0	0	0	0	0
e05fee34a4cfb6bb30810dd405ec5fc4	0	0	0	0	0	0	0	0	0	0	5	0	0	0	0	0	0	0	0	0	0	0	0	0	0	0	0
d878187f6c81f9be743048c78cf1f5e7	0	0	0	0	0	0	0	0	0	0	0	0	0	0	0	0	0	0	0	0	0	5	0	0	0	0	0
ccfc317e265a410fcb42bac0a83f3b51	0	0	0	0	0	0	0	0	0	0	0	0	0	0	0	0	0	0	0	0	0	0	0	5	0	0	0
cc667187a60b90afa708a5223ec19a02	5	0	0	0	0	0	0	0	0	0	0	0	0	0	0	0	0	0	0	0	0	0	0	0	0	0	0
1a292da76054f728102983ceafda7cf7	0	0	0	0	0	0	0	5	0	0	0	0	0	0	0	0	0	0	0	0	0	0	0	0	0	0	0
6f08f5e995f7b3dab9fe08e93661addf	0	0	0	0	0	0	0	0	0	0	0	0	0	0	0	0	0	0	0	0	0	0	0	0	0	5	0
57aa5f8d657167bd74668f17f858f10b	3	0	0	0	0	0	2	0	0	0	0	0	0	0	0	0	0	0	0	0	0	0	0	0	0	0	0
7d2300266da2556c905474153bc9dda0	0	0	0	0	5	0	0	0	0	0	0	0	0	0	0	0	0	0	0	0	0	0	0	0	0	0	0
306825775717fe83bcd4ffe3f9b20486	0	0	0	0	0	0	0	0	0	0	0	0	0	0	5	0	0	0	0	0	0	0	0	0	0	0	0
57ef8315898d9f5d9298fca328f0d170	0	0	0	0	0	0	0	0	0	0	5	0	0	0	0	0	0	0	0	0	0	0	0	0	0	0	0
285bc272562ddc18d0a942d47d99ceed	0	0	0	0	0	0	0	0	0	0	0	5	0	0	0	0	0	0	0	0	0	0	0	0	0	0	0
759250cd2ae72f82c8253102afc3446e	0	0	0	0	0	0	0	0	0	0	5	0	0	0	0	0	0	0	0	0	0	0	0	0	0	0	0
09f3756d0b2a4811107fc72f055aaf7e	5	0	0	0	0	0	0	0	0	0	0	0	0	0	0	0	0	0	0	0	0	0	0	0	0	0	0
0a5fa958ab625e8cba8506db0416b1f7	0	0	0	0	0	0	0	0	0	0	0	0	0	0	0	0	0	0	0	0	0	5	0	0	0	0	0
2bce2c03a49a801da9460b2b3b98bc70	0	0	0	0	0	0	0	0	0	0	0	0	0	0	0	0	0	0	0	5	0	0	0	0	0	0	0
cf9cd5bc5f7d000ed5db526753f01fb5	0	0	0	0	0	0	0	0	0	0	0	0	0	0	0	0	0	0	0	0	0	0	0	0	0	5	0
bf25c5b95c7ff58aa811ebccdd822e67	0	0	0	0	0	0	0	0	0	0	0	0	0	5	0	0	0	0	0	0	0	0	0	0	0	0	0
57dcb7f1b34fd444d9011b01397b6d77	0	0	0	0	0	0	0	0	0	0	0	0	0	0	5	0	0	0	0	0	0	0	0	0	0	0	0
5450eeba39ac9da07d4f72b4255daf24	0	0	0	0	0	0	0	0	0	0	0	0	0	0	0	0	0	0	0	0	5	0	0	0	0	0	0
723b960f8f9122099c899115184fc8c8	0	0	0	0	0	0	0	0	0	0	0	0	0	0	0	0	0	0	0	0	0	0	0	0	0	5	0
dbe0004ac37e5f9714465b455a9112a4	0	0	0	0	0	0	0	0	0	0	0	0	0	0	0	0	0	0	0	0	0	0	0	0	0	5	0
00d12a1814c15abe84b9c4b06881a2f0	0	0	0	0	0	0	0	0	0	0	0	0	0	5	0	0	0	0	0	0	0	0	0	0	0	0	0
26285bcf6b3ea9b52ebaf72b4b1a2190	0	0	0	0	0	0	0	0	0	0	0	0	0	0	0	0	0	0	0	0	0	5	0	0	0	0	0
fadaf5c55549212db45893db57440864	0	0	0	0	0	0	0	0	0	0	0	0	0	0	0	0	0	0	0	0	0	0	0	0	0	0	5
f4dbb4485f59c62ed137a8b5fd4de57d	0	0	0	0	0	0	0	0	0	0	0	0	0	0	0	0	0	0	0	0	0	0	0	0	5	0	0
2e352b85efe17487ba6bbd49ddcd3351	0	0	0	0	0	0	0	0	0	0	0	0	0	0	0	3	0	0	0	0	0	0	0	0	0	0	2
664393bb360c56730b971b11eb75dfc3	0	0	0	0	0	0	0	0	0	0	0	0	0	0	0	0	0	0	5	0	0	0	0	0	0	0	0
a897ce4d345b5c9dfedbdb72d24d89c2	0	0	0	0	0	0	0	0	0	0	0	0	0	0	0	0	0	0	0	0	0	0	0	5	0	0	0
5facccc6e3adad92290090f85804eaa2	0	0	0	0	0	0	0	0	0	0	0	0	0	0	0	0	0	0	0	0	0	0	0	0	0	0	5
13c7c1b746c37e43287308de72824ed6	5	0	0	0	0	0	0	0	0	0	0	0	0	0	0	0	0	0	0	0	0	0	0	0	0	0	0
ca24d0e8aa90bfcabd9f14e511a5a4e9	0	0	0	0	0	0	0	0	0	0	0	0	0	0	0	0	0	5	0	0	0	0	0	0	0	0	0
ceed2e8e6c9b0705a16e8a81872f16e2	0	0	0	0	0	0	0	0	0	5	0	0	0	0	0	0	0	0	0	0	0	0	0	0	0	0	0
9b178803bf5075b9d92a2e56ca723d90	0	0	0	0	0	0	0	0	0	0	0	0	0	0	0	0	0	0	0	0	0	0	0	0	2	3	0
c2e80d09f687cf59619a1d75c7b5165a	0	0	0	0	0	0	0	0	0	0	0	0	0	0	0	0	0	0	0	0	0	0	0	0	0	0	5
c6b25d0515f6c3f002d1c7d13718280d	0	0	0	0	0	0	0	0	0	0	0	0	0	0	0	0	0	0	0	0	0	0	0	0	0	5	0
396f9ed652117e28dda35478dbb17448	0	0	0	0	0	0	0	0	0	0	0	0	0	0	0	0	0	5	0	0	0	0	0	0	0	0	0
07eb166d091e1aebe641105881f4f2d3	0	0	0	0	0	0	0	5	0	0	0	0	0	0	0	0	0	0	0	0	0	0	0	0	0	0	0
bd439d4367197c365fa3e444227c189d	0	0	0	0	0	0	0	0	0	0	0	0	0	5	0	0	0	0	0	0	0	0	0	0	0	0	0
1a226ce3860520d178a1fef1d5ef6ed4	0	0	0	5	0	0	0	0	0	0	0	0	0	0	0	0	0	0	0	0	0	0	0	0	0	0	0
a268258b8697df223291c082037e38c5	0	0	0	0	0	5	0	0	0	0	0	0	0	0	0	0	0	0	0	0	0	0	0	0	0	0	0
f5ec8d375b368e00bf6e61f4c3312c02	0	0	0	0	0	0	0	0	0	0	0	0	0	0	0	0	0	0	0	0	0	0	0	5	0	0	0
3c1bc4282af8501b2917b07c7b19501b	0	0	0	0	0	0	0	0	0	0	0	0	0	0	0	0	0	0	0	0	5	0	0	0	0	0	0
b89cdda5ea6025fe6edaaa83d25b5cbc	0	5	0	0	0	0	0	0	0	0	0	0	0	0	0	0	0	0	0	0	0	0	0	0	0	0	0
1add6f13c9485c8d11e38ae756b23d53	0	0	0	0	0	0	0	0	0	0	0	0	5	0	0	0	0	0	0	0	0	0	0	0	0	0	0
a73fa469139ce02e06025c71871d0a78	5	0	0	0	0	0	0	0	0	0	0	0	0	0	0	0	0	0	0	0	0	0	0	0	0	0	0
f9de04d53112309b8e5fa759457b786b	0	0	0	0	0	0	0	0	0	0	0	0	0	0	0	0	0	0	0	0	5	0	0	0	0	0	0
e98eab42bf00e2d7ac707a0e88671cc2	0	0	0	0	0	0	0	0	0	0	0	0	0	0	0	0	0	0	0	0	0	0	0	0	5	0	0
65b157ce23668af19ae29a2e2ee0e9e5	0	0	0	0	0	0	0	0	0	5	0	0	0	0	0	0	0	0	0	0	0	0	0	0	0	0	0
be73779c8678ae80ded08982bba9138e	0	0	0	0	0	0	0	0	0	0	0	0	0	0	0	0	0	5	0	0	0	0	0	0	0	0	0
8c2b2f101d707a3f62759a480be4d7ca	5	0	0	0	0	0	0	0	0	0	0	0	0	0	0	0	0	0	0	0	0	0	0	0	0	0	0
7aaf5db5b4137449d264125d0d51f70b	0	0	0	0	0	0	0	0	0	0	0	0	0	0	0	5	0	0	0	0	0	0	0	0	0	0	0
33ba256b24ef01aa9ccbd1d864244c7e	0	0	0	0	0	0	0	0	0	0	0	0	0	0	0	0	0	0	0	0	5	0	0	0	0	0	0
2dabb62b0b18cb6cc56c72d3385d82b3	0	0	0	0	0	0	0	0	0	0	0	0	0	0	0	0	0	0	0	0	0	0	0	0	5	0	0
a2f8008fa8c4039536dd82997b4f1670	0	0	0	0	0	0	0	0	0	0	0	0	0	0	0	0	0	0	0	0	5	0	0	0	0	0	0
6985d1f642ea14cfe468a25f5d782130	0	0	0	0	0	0	0	0	0	0	0	0	0	0	0	0	0	5	0	0	0	0	0	0	0	0	0
6c147c28fa70eec7287af5228e853ad8	0	0	0	0	0	0	0	0	0	0	0	0	0	0	0	0	0	0	0	0	0	5	0	0	0	0	0
ff74995815bc9c306056819995246b91	0	0	0	0	0	0	0	0	0	0	0	5	0	0	0	0	0	0	0	0	0	0	0	0	0	0	0
13844501bde2b999337b15188af08563	0	0	0	0	0	0	0	5	0	0	0	0	0	0	0	0	0	0	0	0	0	0	0	0	0	0	0
61c99e8c05e4ec601235ebdd8cee0f9b	5	0	0	0	0	0	0	0	0	0	0	0	0	0	0	0	0	0	0	0	0	0	0	0	0	0	0
9697a7159626054e56ff4bc6dac43efb	0	0	0	2	0	0	0	0	0	0	0	0	0	0	0	0	0	0	0	0	0	0	0	3	0	0	0
e3b1a2485eff3bd25348eef666ac0a9a	0	0	0	0	0	0	0	0	0	0	0	0	0	0	0	0	0	0	0	0	0	0	0	0	5	0	0
35249720e132576c53743413a0fe335b	0	0	0	0	0	0	0	0	0	0	0	0	0	0	0	0	0	0	0	0	0	5	0	0	0	0	0
b2df09edbbde9a55e2b50edd68e5670d	0	0	0	0	0	0	0	0	0	0	0	0	0	0	0	0	0	0	0	5	0	0	0	0	0	0	0
16e622d66aa6d87a8aa06d538e3280fc	0	0	0	0	0	0	0	0	0	0	0	0	0	0	0	0	0	0	0	0	0	5	0	0	0	0	0
ed21bdd6f25ed8d31811d4f9789cba25	0	0	0	0	0	0	0	0	0	0	0	0	0	0	0	0	0	0	0	0	0	5	0	0	0	0	0
36649ddc2db67166b612a96b56719183	0	0	0	0	0	0	0	0	0	0	0	0	0	0	0	0	0	0	0	0	0	5	0	0	0	0	0
93e4fe0053122ad005cc75b53efc21c1	0	0	0	0	0	0	0	0	0	0	0	0	0	0	0	0	0	0	0	5	0	0	0	0	0	0	0
89967824fdbae347a810d8fa05b453d1	0	0	0	0	0	0	0	0	0	0	0	0	0	5	0	0	0	0	0	0	0	0	0	0	0	0	0
3af531989bbdf67ce840cbc606be7640	0	0	0	0	0	0	0	0	0	0	0	0	0	0	0	0	0	0	0	0	0	5	0	0	0	0	0
8a8f4e613ba675eb0af29fa53a20013c	0	0	0	0	0	0	0	0	0	0	0	0	0	0	5	0	0	0	0	0	0	0	0	0	0	0	0
b72d2815103feb19f37f2521dac55754	0	0	0	0	0	0	0	5	0	0	0	0	0	0	0	0	0	0	0	0	0	0	0	0	0	0	0
690a0c988d8f6b6c3873610ae0f8f6f4	0	0	0	0	0	0	0	5	0	0	0	0	0	0	0	0	0	0	0	0	0	0	0	0	0	0	0
6e538f108229028327b9a4cb26926a2b	0	0	0	0	0	0	0	0	0	0	0	0	0	0	0	0	0	0	0	0	0	0	0	0	0	5	0
0af912d08481eb78a2eb836eb039b796	0	0	0	0	0	0	0	0	0	0	0	0	0	0	0	0	0	0	0	5	0	0	0	0	0	0	0
4b1132d25396c1b18e950404acd1124e	0	0	0	0	0	0	0	0	0	0	4	0	0	0	0	0	0	0	0	0	0	0	0	0	0	0	0
65641452be75528754b5ae258ba661c1	0	0	0	0	0	0	0	0	4	0	0	0	0	0	0	0	0	0	0	0	0	0	0	0	0	0	0
ac29ea20d80da073fc6dc95478c1b008	0	0	0	0	0	0	0	0	0	0	0	0	0	0	0	0	0	0	0	4	0	0	0	0	0	0	0
c17bb3d7ee527cc6c632c8525a63bf4b	4	0	0	0	0	0	0	0	0	0	0	0	0	0	0	0	0	0	0	0	0	0	0	0	0	0	0
87ace68671b521fa779b33d5fcf2b782	0	0	0	0	0	0	0	0	0	0	0	0	0	0	4	0	0	0	0	0	0	0	0	0	0	0	0
76e0a9953ab9973421a69cfa904fc1c7	0	0	0	0	0	0	0	0	0	0	0	0	0	4	0	0	0	0	0	0	0	0	0	0	0	0	0
56471aeb4b14e9483ab69ce54600abe7	0	0	0	0	0	0	4	0	0	0	0	0	0	0	0	0	0	0	0	0	0	0	0	0	0	0	0
5d123d886e4f1d42582eb6f8f511547a	0	0	0	0	0	0	4	0	0	0	0	0	0	0	0	0	0	0	0	0	0	0	0	0	0	0	0
3605ef8402f1ddf77b6cbed9af5b27ec	0	0	0	0	0	0	0	0	0	0	0	0	0	0	0	0	0	0	0	0	0	4	0	0	0	0	0
f132d9cb2e980dd0a284a97acc0a9082	0	0	0	0	0	0	0	0	0	0	0	0	0	0	0	0	0	0	0	0	0	0	0	0	4	0	0
8d5b3bb688f92c31ccb0fe11f91bfe0d	0	0	0	0	0	0	0	0	0	0	0	0	0	0	0	0	0	0	4	0	0	0	0	0	0	0	0
c24f7df97598f1eb736fea296c9fc2cb	0	0	0	0	0	0	0	0	0	0	0	0	0	0	0	0	0	0	0	0	4	0	0	0	0	0	0
355c6a4d2cc7250b920a7ef9154a0817	0	0	0	0	0	0	0	4	0	0	0	0	0	0	0	0	0	0	0	0	0	0	0	0	0	0	0
04bd2a58ccbdc6d08d5886706c6d975d	0	0	4	0	0	0	0	0	0	0	0	0	0	0	0	0	0	0	0	0	0	0	0	0	0	0	0
3af97911c658d748660e5f72ca396628	0	0	0	0	0	0	0	0	0	0	0	0	0	0	0	0	0	0	4	0	0	0	0	0	0	0	0
fb2a630bbf70ff078f9a2711facc676a	0	0	0	0	0	0	0	0	0	0	0	0	0	0	0	0	0	4	0	0	0	0	0	0	0	0	0
28d57bfbeda833c6a30a0ab61ae4e524	0	0	0	0	0	0	0	0	0	0	0	0	0	0	0	0	0	4	0	0	0	0	0	0	0	0	0
871703ae0b27e47da36d1e5a59e154f0	0	0	0	0	0	0	0	0	0	0	0	0	0	0	0	0	0	0	0	0	0	4	0	0	0	0	0
631a611b20a9656664f8fd62ba5a56d9	0	0	0	0	0	0	0	0	0	0	0	0	0	0	0	0	0	4	0	0	0	0	0	0	0	0	0
e7ac27893994fa28a0b52c782995242d	0	0	0	0	0	0	0	0	0	0	0	0	0	0	4	0	0	0	0	0	0	0	0	0	0	0	0
4e1027c476e1b5f3bbfb4e9d24829085	0	0	0	0	0	0	0	0	0	0	0	0	0	0	0	0	0	4	0	0	0	0	0	0	0	0	0
6dbcac935416e6abf7de146d2c3480d8	0	0	0	0	0	0	0	0	0	0	0	0	0	0	4	0	0	0	0	0	0	0	0	0	0	0	0
7c802c7fd7c3dfaa492ee48dddceb682	4	0	0	0	0	0	0	0	0	0	0	0	0	0	0	0	0	0	0	0	0	0	0	0	0	0	0
ca0e38f3812dfb80b22f5ebf29836228	0	0	0	0	0	0	0	0	0	0	0	4	0	0	0	0	0	0	0	0	0	0	0	0	0	0	0
5e052854b1a1f081568074014fb4a665	0	0	0	0	0	0	0	0	0	0	0	0	0	0	0	0	0	4	0	0	0	0	0	0	0	0	0
cd0dd67b9accf91c3327beb886b300af	0	0	0	0	0	0	0	0	0	0	0	0	0	0	0	0	0	0	0	0	0	4	0	0	0	0	0
316c0aade327221447b18e53621449d6	2	0	0	0	0	0	0	0	2	0	0	0	0	0	0	0	0	0	0	0	0	0	0	0	0	0	0
034381e2504f7a8b29b2ccbe063efc2b	0	0	0	0	0	0	0	0	0	0	0	0	0	0	0	0	0	0	0	0	0	4	0	0	0	0	0
82be1ccf0a57c736273d23500997f056	0	0	0	0	0	0	0	0	0	0	0	0	0	0	0	0	0	0	0	0	0	0	0	0	0	0	4
c1fc58a43f486c88ed9036a25c76f691	0	0	0	0	0	0	0	0	0	0	0	0	0	0	0	0	0	0	0	0	0	0	0	0	0	4	0
148a28e89df6d30e2d311ef89bd6a2d2	0	0	0	0	0	0	0	0	0	0	0	0	4	0	0	0	0	0	0	0	0	0	0	0	0	0	0
6752de4ca3ced31e6386834fb996e413	0	0	0	0	0	0	0	0	0	0	0	0	0	0	0	0	0	4	0	0	0	0	0	0	0	0	0
8a0161df4990119af45a73f8e202e738	0	0	0	0	0	0	0	0	0	0	0	0	4	0	0	0	0	0	0	0	0	0	0	0	0	0	0
aef9ba0908439d0896ca8cfc4db4dbcf	0	0	0	0	0	0	0	0	0	0	0	0	0	4	0	0	0	0	0	0	0	0	0	0	0	0	0
6b00f78586d417d647a559002fb9a59a	0	0	0	0	0	0	0	0	0	0	0	0	0	0	0	0	0	0	0	4	0	0	0	0	0	0	0
8e809d93f5242d089ab797cfe74fdf16	0	0	0	0	0	0	0	0	0	0	0	0	0	0	0	0	0	0	0	0	4	0	0	0	0	0	0
8a99025ba9415f84c3820348289ab75a	0	0	0	0	0	4	0	0	0	0	0	0	0	0	0	0	0	0	0	0	0	0	0	0	0	0	0
2e596db6e799a6517e5bf57c910aa638	0	0	0	0	0	0	0	4	0	0	0	0	0	0	0	0	0	0	0	0	0	0	0	0	0	0	0
58b326519fbd0acb1a99c0926a104de6	0	0	0	0	0	0	0	4	0	0	0	0	0	0	0	0	0	0	0	0	0	0	0	0	0	0	0
751ba12051a8187ac153a029c9aabc8c	0	0	0	0	0	0	0	0	0	0	0	0	0	0	0	0	0	0	0	0	0	0	0	0	0	4	0
d07ff7bde51bf271d42b0bf4a0f91307	0	0	0	0	0	0	0	0	0	0	4	0	0	0	0	0	0	0	0	0	0	0	0	0	0	0	0
46da3d31df30fa5906c57c81a4d01a28	0	0	0	0	0	0	0	0	0	0	0	4	0	0	0	0	0	0	0	0	0	0	0	0	0	0	0
9876bf84c51f868d7bba62781625481e	0	0	0	0	0	0	0	0	0	0	4	0	0	0	0	0	0	0	0	0	0	0	0	0	0	0	0
e2f56692756f41e091047b5624fdb642	4	0	0	0	0	0	0	0	0	0	0	0	0	0	0	0	0	0	0	0	0	0	0	0	0	0	0
4bd8742f30d420f982fad814e6e40a45	4	0	0	0	0	0	0	0	0	0	0	0	0	0	0	0	0	0	0	0	0	0	0	0	0	0	0
29d77e05dea600d020b0254818e1853c	0	0	0	0	0	0	0	0	0	0	0	0	0	0	0	0	0	0	0	0	4	0	0	0	0	0	0
cdce937ea13c597b119f7a7d0a95f337	0	0	0	0	4	0	0	0	0	0	0	0	0	0	0	0	0	0	0	0	0	0	0	0	0	0	0
19e8afc96fbb6ad7bed70092986a8a54	0	0	0	0	0	0	0	0	0	0	0	0	0	0	0	0	0	0	0	0	0	0	0	0	0	4	0
b2ae1638d85f783b7c93e50980ec819f	0	0	0	0	4	0	0	0	0	0	0	0	0	0	0	0	0	0	0	0	0	0	0	0	0	0	0
9d737d0ece3614c0a48d4c7143da8439	0	0	0	0	0	0	0	0	0	0	0	0	0	0	0	0	0	0	4	0	0	0	0	0	0	0	0
677d8aebfa82d3c13ac334755823a9f8	0	0	0	0	0	0	0	0	0	0	0	0	0	0	0	0	0	0	4	0	0	0	0	0	0	0	0
19f27509714bc6e4f0aa902cc4b3ba46	4	0	0	0	0	0	0	0	0	0	0	0	0	0	0	0	0	0	0	0	0	0	0	0	0	0	0
fbf12440b43a76ef526640bdb9592893	0	0	0	0	0	0	0	0	0	2	2	0	0	0	0	0	0	0	0	0	0	0	0	0	0	0	0
5f5e9fee87d3fdd3e13b4fc9e3ae8a1c	0	0	0	0	0	0	0	0	0	0	0	0	0	0	4	0	0	0	0	0	0	0	0	0	0	0	0
3b945aa6a66a6c2fe1c2cd13c0c2bfcd	0	0	0	0	0	0	4	0	0	0	0	0	0	0	0	0	0	0	0	0	0	0	0	0	0	0	0
e338b886370698aa5794bb2fe47f2732	0	0	0	0	4	0	0	0	0	0	0	0	0	0	0	0	0	0	0	0	0	0	0	0	0	0	0
d50b7807862b994501649539e1e04176	0	4	0	0	0	0	0	0	0	0	0	0	0	0	0	0	0	0	0	0	0	0	0	0	0	0	0
b9cf08214b296465f49a2654f6dc35ff	0	0	0	0	4	0	0	0	0	0	0	0	0	0	0	0	0	0	0	0	0	0	0	0	0	0	0
eb2625c1474f98f554b002fcd5d1088e	0	0	0	0	0	0	4	0	0	0	0	0	0	0	0	0	0	0	0	0	0	0	0	0	0	0	0
926c0d5416abab2c753a2ab8a72c3908	0	0	0	0	0	0	0	0	0	0	0	0	0	0	0	0	0	0	0	0	0	0	0	0	4	0	0
43d022459dafe073302df1fa4c4580c3	0	0	0	0	0	0	0	0	0	0	0	0	0	0	0	0	0	0	0	0	0	0	0	0	0	0	4
e09b142af4a0ccd78384239dc58ac07d	0	0	0	0	0	0	0	0	0	0	0	0	4	0	0	0	0	0	0	0	0	0	0	0	0	0	0
4dc98272ce5b6fc8bfc425832e1decab	0	0	0	0	0	0	0	0	0	0	4	0	0	0	0	0	0	0	0	0	0	0	0	0	0	0	0
946aa00b7411f93171b97de1beaddaa0	0	0	0	0	0	0	0	0	0	0	0	0	0	0	0	0	0	0	0	0	0	0	0	0	4	0	0
4447f8633a3b3bdd755c35a7db671c05	0	0	0	0	0	0	0	0	0	0	0	0	0	0	0	0	4	0	0	0	0	0	0	0	0	0	0
aa80f9915f4cc1c3dd1ece03d8cdf360	0	0	0	0	0	0	0	0	0	0	0	0	0	0	0	0	0	0	0	0	0	0	0	0	0	4	0
76fcc84aaf4b8290f1417fedee2d9f5e	0	0	0	0	0	0	0	0	0	0	0	0	0	0	0	0	0	0	0	0	0	0	0	0	0	4	0
46263cf5186cf0772e9e9abb15ce4868	0	0	0	0	0	0	0	0	0	0	0	0	0	0	0	0	0	0	0	0	4	0	0	0	0	0	0
80fd7f5b12b7d8d8f0c16f375f0e4669	0	0	0	0	0	0	0	0	0	0	0	0	0	0	0	0	0	0	0	0	0	0	0	4	0	0	0
76a07de172e9d0fd86337a7ae462e5c1	0	0	0	0	0	0	0	0	0	0	0	0	0	0	4	0	0	0	0	0	0	0	0	0	0	0	0
1ba88e448032b8389f537bd7ca21ed7f	0	0	0	0	0	0	0	0	0	0	0	0	0	4	0	0	0	0	0	0	0	0	0	0	0	0	0
ba52ffbaf7342009d8039081cfdc7762	0	0	0	0	0	0	0	0	0	0	0	0	0	0	0	0	0	0	0	0	0	0	0	0	0	0	4
90aca794c7e30b8a77e87f13ffc9a5cc	0	0	0	0	0	0	0	0	0	4	0	0	0	0	0	0	0	0	0	0	0	0	0	0	0	0	0
39ad699282d51b96d4f507f7ff11d8c6	0	0	0	0	0	0	0	0	0	0	0	0	0	0	4	0	0	0	0	0	0	0	0	0	0	0	0
8e816430f44e50c93c436f7d303e700d	0	0	0	0	0	0	0	0	0	0	0	0	0	0	0	4	0	0	0	0	0	0	0	0	0	0	0
d7b9329d7500a5401be3423425e269b8	0	0	0	0	0	0	0	0	0	0	0	4	0	0	0	0	0	0	0	0	0	0	0	0	0	0	0
c21662810dd3e8593cecfbf90e75c0cf	0	0	0	0	0	0	0	0	0	0	0	0	4	0	0	0	0	0	0	0	0	0	0	0	0	0	0
1ddc3fe5e518a3b60ef634961b2836cd	0	0	0	0	0	0	0	0	0	0	0	0	0	4	0	0	0	0	0	0	0	0	0	0	0	0	0
28bf0681ed5ed6e5fe75216e6511bc9a	0	0	0	0	0	0	0	0	0	0	0	0	4	0	0	0	0	0	0	0	0	0	0	0	0	0	0
2b5531d6fc982a4910189c50209d348a	0	0	0	0	0	0	0	0	0	0	0	0	0	0	0	0	0	0	0	4	0	0	0	0	0	0	0
264ee4d9d94b63aa5e1f42359d6b6184	0	0	0	0	0	0	0	0	0	0	0	0	0	0	0	0	0	0	0	4	0	0	0	0	0	0	0
352ff9f8f294ee118846da2cc43fa1d8	0	0	0	0	0	0	0	0	0	0	0	0	0	0	0	0	0	0	4	0	0	0	0	0	0	0	0
ed4b2fd1e85979d7f78156e43d24aab4	0	0	0	0	0	0	0	0	0	0	0	0	0	0	0	0	0	4	0	0	0	0	0	0	0	0	0
e3fd34a93dd084d6229a6f713e7deb72	0	0	0	0	0	0	0	0	0	0	0	0	0	4	0	0	0	0	0	0	0	0	0	0	0	0	0
9bcbfcbafd05724030534af2b9707d27	0	0	0	0	0	0	0	0	0	0	0	0	0	0	0	0	0	0	0	0	0	0	4	0	0	0	0
fcea56222101b7eacb1e2a8056d7907d	0	0	0	0	0	0	0	2	0	0	0	0	0	0	2	0	0	0	0	0	0	0	0	0	0	0	0
b75f436b4b8be2284ea7a47e5d948b3a	0	0	0	0	0	0	0	0	0	0	0	0	0	0	0	4	0	0	0	0	0	0	0	0	0	0	0
bd4afb4eef197dc467f9b6fdf1559674	0	0	0	0	0	0	0	0	0	0	0	0	0	0	0	0	0	0	0	0	0	0	0	0	0	0	4
48785162c0d729c4009dc5fc12313081	0	0	0	0	0	0	0	0	0	0	0	0	0	0	0	0	0	0	0	4	0	0	0	0	0	0	0
9462b6e1178c798e39994e1638c26c15	4	0	0	0	0	0	0	0	0	0	0	0	0	0	0	0	0	0	0	0	0	0	0	0	0	0	0
81bd5d749ad97353eb3cf9bc9441ff9a	0	0	0	0	0	0	0	0	0	0	0	0	0	0	0	0	0	0	0	0	0	0	0	0	0	0	4
05c19962b04f20d4113a497ee34e66ee	0	0	0	0	0	0	0	0	0	0	0	0	0	4	0	0	0	0	0	0	0	0	0	0	0	0	0
878b6804bd720f920ccf169cf7b7fcef	0	0	0	0	0	0	0	0	0	0	0	0	4	0	0	0	0	0	0	0	0	0	0	0	0	0	0
e204c3020fcd321597c95fcd88c14b91	0	0	0	0	0	0	0	0	0	0	0	0	0	0	0	0	0	0	0	0	0	0	0	0	4	0	0
45405dd6076463e3b4f0a9b3f4f2fc0d	0	0	0	0	0	0	0	0	0	0	0	0	0	0	0	0	0	0	0	0	0	0	0	0	4	0	0
aeb949c6053c9b02fb5783e2559d306d	0	0	0	0	0	0	0	0	0	0	0	0	0	0	0	0	0	4	0	0	0	0	0	0	0	0	0
0a5d419680384a09a342efc989f57095	0	0	0	0	2	0	0	0	0	0	0	0	0	0	0	0	0	0	0	0	2	0	0	0	0	0	0
b923cb9b60e1efb6222497db151587b6	0	0	0	0	0	0	0	0	0	0	4	0	0	0	0	0	0	0	0	0	0	0	0	0	0	0	0
28cc211864165efb5e7b84de4fa71747	0	0	0	0	0	0	0	4	0	0	0	0	0	0	0	0	0	0	0	0	0	0	0	0	0	0	0
aa73b9004cabad1cd6243be0f154f035	0	0	0	0	0	0	0	0	0	0	0	0	0	0	0	0	0	4	0	0	0	0	0	0	0	0	0
1cac3faaa0f87777329c08395c550f85	0	0	0	0	0	0	0	0	0	0	0	0	0	0	0	0	0	0	4	0	0	0	0	0	0	0	0
ca1656e8e0946f94c93ed53e1c44e88d	0	0	0	0	0	0	0	0	0	0	0	0	0	0	0	0	0	0	0	0	0	0	0	0	4	0	0
209f0bfa5af26f849a5760b175d0a001	0	0	0	0	0	0	0	0	0	0	0	0	0	0	0	0	0	4	0	0	0	0	0	0	0	0	0
cc02ee1575023efcda06618bf61b6a4e	0	0	0	0	0	0	0	0	0	0	0	0	0	0	0	0	0	0	0	0	0	0	0	0	0	0	4
c6e98f56ececec77e9e707ad18619b23	0	0	0	0	0	4	0	0	0	0	0	0	0	0	0	0	0	0	0	0	0	0	0	0	0	0	0
09e941a637a7c8284e4e84853cf5b804	4	0	0	0	0	0	0	0	0	0	0	0	0	0	0	0	0	0	0	0	0	0	0	0	0	0	0
e67245d36a5a5b0aa7dd251b48f9961d	0	0	0	0	0	0	0	0	0	0	0	0	0	0	0	0	0	0	0	0	0	0	0	0	0	4	0
ed1fced502410c98b356f1f5532b5b47	0	0	0	0	0	0	0	0	0	0	0	0	0	0	0	0	0	0	0	0	0	0	0	0	0	0	4
81192662c8ef88c3c718a6c563d67b68	0	0	0	0	0	0	0	0	0	0	0	0	0	0	0	0	0	0	0	4	0	0	0	0	0	0	0
cb5cbb7f6f97e633f51d6356f98c3361	0	0	0	0	0	0	0	0	0	0	0	0	0	0	4	0	0	0	0	0	0	0	0	0	0	0	0
bc37c8a534bd64bb6fb96433584d06bb	0	0	0	0	0	0	0	0	0	0	0	0	0	0	0	0	0	0	0	0	0	0	0	0	0	0	4
c6dc0d306341b9d24d73ee8bb781991d	0	0	0	0	0	0	0	0	0	0	0	0	0	0	0	0	0	0	0	0	0	0	0	4	0	0	0
5cfa074552d9f38938e00864d78eeede	0	0	0	0	0	0	0	0	0	4	0	0	0	0	0	0	0	0	0	0	0	0	0	0	0	0	0
cd11816eec9c3d94d9f916e1a497f568	0	0	0	0	0	0	0	0	0	0	0	0	0	0	0	0	0	4	0	0	0	0	0	0	0	0	0
15097bfc7f4343f5ca4619db6ca4e982	0	0	0	0	0	0	0	0	0	0	0	0	0	0	0	0	0	0	0	0	0	0	4	0	0	0	0
f436ca7627ee269687960ef7d34bf881	0	0	0	0	0	0	0	0	0	0	0	0	0	0	0	0	0	4	0	0	0	0	0	0	0	0	0
1c888abb6ca0bc79675e0b0b088170c6	0	0	0	0	0	4	0	0	0	0	0	0	0	0	0	0	0	0	0	0	0	0	0	0	0	0	0
85581adc1e4ac7b29dd0ef91c1a703f9	0	0	0	0	0	0	0	0	0	0	0	0	0	0	0	0	0	0	0	0	0	0	0	4	0	0	0
0a558a883515c2a6be63440bfdb7f02c	0	0	0	0	0	0	0	0	0	0	0	0	0	0	0	0	4	0	0	0	0	0	0	0	0	0	0
6c6d1acfef8565bf447d3ef5a715a3ed	0	0	0	0	0	0	0	0	0	0	0	0	0	0	4	0	0	0	0	0	0	0	0	0	0	0	0
c9628258b5a4f64f33d506fb8657d699	0	0	0	0	0	0	0	0	0	0	0	0	0	0	0	0	4	0	0	0	0	0	0	0	0	0	0
6dc7c9420efae725594781e2e26cc0e6	0	4	0	0	0	0	0	0	0	0	0	0	0	0	0	0	0	0	0	0	0	0	0	0	0	0	0
9b666e18eb4ce9d6bfad13bdf24a1e6a	0	0	0	0	0	0	0	0	0	0	4	0	0	0	0	0	0	0	0	0	0	0	0	0	0	0	0
1f95c82bb1e92bae6bbdddeb9c1855cf	0	0	0	0	0	0	0	0	0	4	0	0	0	0	0	0	0	0	0	0	0	0	0	0	0	0	0
4801f002e4758b1d78f6d3bfe20dbeca	0	0	0	0	0	0	0	0	0	0	0	0	0	0	0	0	0	0	0	0	0	0	4	0	0	0	0
adfb67f460d65aa8614bed0880411c61	0	0	0	0	0	4	0	0	0	0	0	0	0	0	0	0	0	0	0	0	0	0	0	0	0	0	0
b8ad3cb14ad76e0a02944dd19bc7fb3d	0	0	0	0	0	0	0	0	0	0	4	0	0	0	0	0	0	0	0	0	0	0	0	0	0	0	0
c0fe72b9ba7df24372f550000867faae	0	0	0	0	0	4	0	0	0	0	0	0	0	0	0	0	0	0	0	0	0	0	0	0	0	0	0
5705d637b08b122681385c7bcc8aad8a	0	0	0	0	0	4	0	0	0	0	0	0	0	0	0	0	0	0	0	0	0	0	0	0	0	0	0
6110f28a1de867a9983a8a28ecf4e533	0	0	0	0	0	0	0	0	0	0	0	0	0	0	0	0	0	0	0	0	0	0	0	4	0	0	0
4d72007c70f4abc0bf9e8fe8b826d07d	0	0	0	0	0	0	0	0	0	0	0	0	0	0	0	4	0	0	0	0	0	0	0	0	0	0	0
64b17879d87dfe6b72048da939f66198	0	0	0	0	0	0	0	0	0	0	4	0	0	0	0	0	0	0	0	0	0	0	0	0	0	0	0
fd93435c9b3eae59c5ac6080910248d2	0	0	0	0	0	0	0	4	0	0	0	0	0	0	0	0	0	0	0	0	0	0	0	0	0	0	0
604a9d97631fbba73834511fb682aae8	0	0	0	0	0	0	0	4	0	0	0	0	0	0	0	0	0	0	0	0	0	0	0	0	0	0	0
24f623bc9401749e53d101abd1a2c69d	0	0	0	0	0	0	0	0	0	0	0	4	0	0	0	0	0	0	0	0	0	0	0	0	0	0	0
41ba356ea2752e0754f8e5f633a133cb	0	0	0	0	0	0	0	0	0	0	0	0	0	0	4	0	0	0	0	0	0	0	0	0	0	0	0
9bf35bc8b8b70303579f8ac8ab01e81e	0	0	4	0	0	0	0	0	0	0	0	0	0	0	0	0	0	0	0	0	0	0	0	0	0	0	0
21305e3b620b72899cb500b1123b03e3	0	4	0	0	0	0	0	0	0	0	0	0	0	0	0	0	0	0	0	0	0	0	0	0	0	0	0
f1ed1c2dee01f338f40fa5c9ba6e52dc	0	0	0	0	0	0	0	4	0	0	0	0	0	0	0	0	0	0	0	0	0	0	0	0	0	0	0
1bbd7ce4c5889fc9d4cdcddeccc9b4dd	0	0	0	0	0	0	0	0	0	0	0	0	0	0	0	0	0	0	4	0	0	0	0	0	0	0	0
a0ae16dce5bc4da511f56cc705d368fa	0	0	0	0	0	0	0	0	0	0	0	0	0	0	0	0	0	0	0	0	4	0	0	0	0	0	0
1cb36c92282c23bfc05780a916b1306c	0	0	0	0	0	4	0	0	0	0	0	0	0	0	0	0	0	0	0	0	0	0	0	0	0	0	0
2ec8cffedd296ecc564b2a3fd45c7684	0	0	0	0	0	0	0	0	0	0	0	0	0	0	0	0	0	0	0	0	0	4	0	0	0	0	0
c383dccb1c4760e577015b4ea2729041	0	0	0	0	0	0	0	0	0	0	0	0	0	0	0	0	0	0	0	0	0	0	0	0	0	4	0
31876ffbc940181b757cdcf1535a0be5	0	0	0	0	0	0	0	0	0	0	0	0	0	0	0	0	0	0	0	0	0	0	0	0	4	0	0
1b8b6cab6e7747da7d0cd96ee7a199c1	0	0	0	0	0	0	0	0	0	0	0	0	0	4	0	0	0	0	0	0	0	0	0	0	0	0	0
b075a8431cd4ab65d5e80c635a6b1310	0	0	0	0	0	0	0	0	0	4	0	0	0	0	0	0	0	0	0	0	0	0	0	0	0	0	0
f3e01d66831ba650879d4b20e0e8a882	0	0	0	0	0	0	0	0	0	0	0	0	0	0	0	0	0	0	0	0	0	0	0	0	0	4	0
d8c5f3bea5ea6a1b98582a792976c82f	0	0	0	0	0	0	0	0	0	0	0	0	0	0	0	0	0	0	0	0	0	0	0	0	0	0	4
bda4596f132cf7299b85b1a2ab13d332	0	0	0	0	0	0	0	4	0	0	0	0	0	0	0	0	0	0	0	0	0	0	0	0	0	0	0
8537376e700ef42aa43b15cd293a02f5	0	0	0	0	0	0	0	0	0	0	0	0	0	0	0	0	0	0	0	0	0	4	0	0	0	0	0
fed8dbfabb8626bc3b59375d99365b62	0	0	0	0	0	0	0	0	0	0	0	0	0	0	0	0	0	0	0	0	0	0	0	0	0	4	0
e69c84350ae994b34460b80850fb2cd6	0	0	0	0	0	0	0	0	0	0	0	0	0	0	0	0	0	0	0	0	0	0	0	0	0	4	0
f439934ea730ee89f1438cdcac81bd91	0	0	0	0	0	0	0	0	0	0	0	0	0	0	0	0	0	0	0	0	0	0	0	0	0	4	0
d1139c4e3c98a759a684c96ac81affa9	0	0	0	0	0	0	0	4	0	0	0	0	0	0	0	0	0	0	0	0	0	0	0	0	0	0	0
37bcd4e18040b3e26f2808360e905997	0	0	0	0	0	0	0	0	0	0	0	0	0	0	0	4	0	0	0	0	0	0	0	0	0	0	0
2042f66c35a9fc0b148c2d37fed1093f	0	0	0	0	0	0	0	0	0	0	0	0	0	0	0	0	0	0	4	0	0	0	0	0	0	0	0
1b9a7939bd61f6f3114d9701b31e73e5	0	0	0	0	0	0	0	0	0	0	0	0	0	0	0	0	0	0	0	0	0	4	0	0	0	0	0
536d4f2c998c6cd0cec52e6346a0d5e5	0	0	0	0	0	0	0	0	0	0	0	0	0	0	0	0	0	0	0	0	0	0	0	0	4	0	0
f09a9eda8adc19bad61116ffbe6978c2	0	0	0	0	0	0	0	0	0	0	0	0	0	0	0	0	0	0	0	0	0	0	0	0	4	0	0
e1f32b6b9d0b7ec78bed3901484671cf	0	0	0	0	0	0	0	0	0	0	0	0	0	0	0	0	0	0	0	0	0	0	0	0	0	0	4
1eeb6abbd1a41c75f4282be9c3c56c10	0	0	0	0	0	0	4	0	0	0	0	0	0	0	0	0	0	0	0	0	0	0	0	0	0	0	0
e17af4b955d64544eab20115e89ab534	0	0	0	0	0	0	0	0	0	0	0	0	0	0	0	0	0	0	0	0	0	0	0	0	0	0	4
3fbeef54fde5b5238f5999201c5d04d5	0	0	0	0	0	0	0	0	0	0	0	0	0	4	0	0	0	0	0	0	0	0	0	0	0	0	0
d8f39ff9004039f01e0219c3330cfd20	0	0	0	0	0	0	0	0	0	0	0	0	0	0	0	0	0	0	0	0	0	0	4	0	0	0	0
40dd6c3044e62eeddf3647b843506196	0	0	0	0	0	0	0	0	0	0	0	0	0	0	0	0	0	0	0	0	0	0	0	0	4	0	0
538b1bcb9570c3c0f1b3265c5caf2159	0	0	0	0	0	0	0	4	0	0	0	0	0	0	0	0	0	0	0	0	0	0	0	0	0	0	0
448fc15c0a265befdb02f8e7a5938f36	0	0	0	0	4	0	0	0	0	0	0	0	0	0	0	0	0	0	0	0	0	0	0	0	0	0	0
331d35ba815e7fe6232e4b5cf666dc6f	0	0	0	0	0	0	0	0	0	0	0	0	0	0	4	0	0	0	0	0	0	0	0	0	0	0	0
192809e72bf78b432b207e54e8b066cf	4	0	0	0	0	0	0	0	0	0	0	0	0	0	0	0	0	0	0	0	0	0	0	0	0	0	0
4dc8e6dee13cf7fff96c35a2de1338c7	4	0	0	0	0	0	0	0	0	0	0	0	0	0	0	0	0	0	0	0	0	0	0	0	0	0	0
70845e87eae4dbe53d181bae9675be46	0	0	0	0	0	0	0	0	0	2	0	0	0	0	0	0	0	0	0	0	0	0	2	0	0	0	0
3829027370129259e1c2ca3e41ec4663	0	0	0	0	0	0	0	0	0	0	4	0	0	0	0	0	0	0	0	0	0	0	0	0	0	0	0
f161affdfc4facd04cd16ced5a6e3d62	0	0	0	0	0	0	0	0	0	4	0	0	0	0	0	0	0	0	0	0	0	0	0	0	0	0	0
b8efa7359daa6477532dbcbfb4d0135a	0	0	0	0	0	0	0	0	0	0	0	0	0	0	0	0	0	0	0	0	4	0	0	0	0	0	0
7c124a8cf11f9dcc02570695f5a2a753	0	0	4	0	0	0	0	0	0	0	0	0	0	0	0	0	0	0	0	0	0	0	0	0	0	0	0
8d703908c09c7cb0da2a4398dd74f9f8	0	0	0	0	0	0	0	0	0	0	0	0	0	0	0	0	3	0	0	0	0	0	0	0	0	0	0
f7447c8e079023f4f2579d8580575dd3	0	0	0	0	0	0	0	0	0	0	0	0	0	3	0	0	0	0	0	0	0	0	0	0	0	0	0
d6f6cade2f9d488c921c8ffe8d84f8af	0	0	0	0	0	0	0	0	0	0	0	0	0	0	0	0	0	0	0	0	0	0	0	0	0	3	0
023811b3685afc195e405f6116f4828b	0	0	0	0	0	0	0	0	0	0	0	0	0	0	0	0	0	0	0	0	0	0	0	0	0	3	0
f1be9f083b3ea6b3bb6dd9a30a5dce15	0	0	0	0	0	0	0	0	0	3	0	0	0	0	0	0	0	0	0	0	0	0	0	0	0	0	0
a1d101a92e585f5b7bd0bffc9600dd15	0	0	0	0	0	0	0	0	0	0	0	0	3	0	0	0	0	0	0	0	0	0	0	0	0	0	0
2a734c050897258267a4958b45c0ed98	0	0	0	0	0	0	3	0	0	0	0	0	0	0	0	0	0	0	0	0	0	0	0	0	0	0	0
3a293acf24efa52661ff0a49dbc47c68	0	0	0	0	0	0	0	0	0	0	0	0	0	0	0	0	0	0	3	0	0	0	0	0	0	0	0
c247bf42066011858b51ef6fb06886e8	0	0	0	0	0	0	0	0	0	0	0	0	0	0	0	0	0	0	0	0	3	0	0	0	0	0	0
95a76f2e39eeac46376010c79ec15e21	0	0	0	3	0	0	0	0	0	0	0	0	0	0	0	0	0	0	0	0	0	0	0	0	0	0	0
b6a086c898ac094ebae2f1d365594edc	0	0	0	0	0	0	0	0	0	0	0	0	0	0	0	0	0	0	3	0	0	0	0	0	0	0	0
1ae2ef15f055df9d413fffee57debdf2	0	0	0	0	0	0	0	0	0	0	0	0	0	0	0	0	0	0	0	0	0	0	3	0	0	0	0
c377d5c5b3317486bbfda05aed8f73ae	0	0	0	0	0	0	0	0	0	0	3	0	0	0	0	0	0	0	0	0	0	0	0	0	0	0	0
d2c5467f6e1283dfd461070855735aca	0	0	0	0	0	0	0	0	0	0	0	0	0	0	0	0	3	0	0	0	0	0	0	0	0	0	0
9eee24da678425510af4dcde40b297ac	0	0	0	0	0	0	0	0	0	0	3	0	0	0	0	0	0	0	0	0	0	0	0	0	0	0	0
058f2974691289cbec3b571bbc838cee	3	0	0	0	0	0	0	0	0	0	0	0	0	0	0	0	0	0	0	0	0	0	0	0	0	0	0
63f7adda4393375990cc68ac65bbb4f1	0	0	0	0	0	0	0	0	0	0	0	0	0	0	0	0	0	0	0	0	0	0	0	0	3	0	0
5109a3d338e2209357eb216ca8cb2c9a	0	0	0	0	0	0	0	0	0	0	0	0	0	3	0	0	0	0	0	0	0	0	0	0	0	0	0
7ad79978e5b1d4a801fae62daff56ffd	0	0	0	0	0	0	0	0	0	0	0	3	0	0	0	0	0	0	0	0	0	0	0	0	0	0	0
003045305797d4e4355275299d898124	0	0	0	0	0	0	0	0	0	0	0	0	0	3	0	0	0	0	0	0	0	0	0	0	0	0	0
142945c615fdf82ac280d8ceb4f68cdb	0	0	0	0	0	0	0	0	0	0	3	0	0	0	0	0	0	0	0	0	0	0	0	0	0	0	0
84c094b0e5e390f139eab89805f0550f	0	0	0	0	0	0	0	0	0	0	0	0	0	0	0	0	0	0	3	0	0	0	0	0	0	0	0
6518e7991cd719fc0d61d0a28635be01	0	0	0	3	0	0	0	0	0	0	0	0	0	0	0	0	0	0	0	0	0	0	0	0	0	0	0
b2b7845baf781ca75ef296a028034337	0	0	0	0	0	0	0	0	0	3	0	0	0	0	0	0	0	0	0	0	0	0	0	0	0	0	0
5ba1b7ca2f52db670e70be1c2ecaae1d	0	0	0	0	0	0	0	0	0	0	0	0	0	0	0	0	0	0	3	0	0	0	0	0	0	0	0
393d033ccfb7569946660fcf7c439ade	0	0	0	0	0	0	0	0	0	3	0	0	0	0	0	0	0	0	0	0	0	0	0	0	0	0	0
4445770677984fae3674e1354f623c12	0	0	0	0	0	0	0	0	0	0	0	3	0	0	0	0	0	0	0	0	0	0	0	0	0	0	0
e9f0904a29be3113d8cdffc1a20cfc3b	0	0	0	0	3	0	0	0	0	0	0	0	0	0	0	0	0	0	0	0	0	0	0	0	0	0	0
d87e8b997e941e529b2a7f6272914a50	0	3	0	0	0	0	0	0	0	0	0	0	0	0	0	0	0	0	0	0	0	0	0	0	0	0	0
74b11a97e6e776edc95cb93afebfb618	0	0	0	0	0	0	0	0	0	0	0	0	0	0	0	0	3	0	0	0	0	0	0	0	0	0	0
3c8a1fc477322200b163315ef19f1782	0	0	0	0	0	0	0	0	0	0	0	0	0	0	0	0	0	3	0	0	0	0	0	0	0	0	0
97d79ef70db60b43e4fb2aef9faad85f	0	0	0	0	3	0	0	0	0	0	0	0	0	0	0	0	0	0	0	0	0	0	0	0	0	0	0
ad3309634df78bb0c55222d1452a7b19	3	0	0	0	0	0	0	0	0	0	0	0	0	0	0	0	0	0	0	0	0	0	0	0	0	0	0
9cf4197317504316afece38d9f243977	0	0	0	0	0	0	0	0	0	0	0	0	0	0	0	0	0	0	0	0	0	0	0	0	0	0	3
c2a5d7653e98e64da6fad426a6be329e	0	0	0	0	0	0	0	0	0	0	0	0	0	3	0	0	0	0	0	0	0	0	0	0	0	0	0
4bf4d8f003e0645c71122c88cc809456	0	0	0	0	0	0	0	0	0	3	0	0	0	0	0	0	0	0	0	0	0	0	0	0	0	0	0
abe7cbbcf5d85f16c68dbced49de32cf	0	0	0	0	0	0	0	0	0	0	0	0	0	0	0	0	0	0	0	0	0	3	0	0	0	0	0
495619e6c51e1e0955975577268afaf7	0	0	0	0	0	0	0	0	0	0	0	0	0	0	0	3	0	0	0	0	0	0	0	0	0	0	0
14e0e3f9bdfb4c6ab1abc6c22898b9e4	0	0	0	0	0	0	0	0	0	0	0	0	0	0	0	0	0	0	0	0	0	0	0	0	0	0	3
cb8b495552d4c9074837d616256754ea	0	0	0	0	0	0	0	0	0	0	0	0	0	0	0	0	0	0	0	0	0	0	0	0	0	3	0
8028ebe99ef483f8ab9f2e193ac9af79	0	0	0	0	0	0	0	0	0	0	0	0	0	0	0	3	0	0	0	0	0	0	0	0	0	0	0
b50382ca8ff4649ffddbd3e2f4e4bca4	0	0	0	0	0	0	0	3	0	0	0	0	0	0	0	0	0	0	0	0	0	0	0	0	0	0	0
9e6e4c7d934db648472a5c433be222c7	0	0	0	0	0	0	0	0	0	0	0	0	0	0	0	0	0	3	0	0	0	0	0	0	0	0	0
1565301335506ce5174370956c4bd1a7	0	0	0	0	0	0	0	0	0	0	0	0	0	0	0	0	0	0	0	3	0	0	0	0	0	0	0
3139fed6f5c9a5edca3f10d5f5a57a94	0	0	0	0	0	0	0	0	3	0	0	0	0	0	0	0	0	0	0	0	0	0	0	0	0	0	0
a5b863881091589f6326441cfe6180c5	0	0	0	0	0	0	0	0	0	3	0	0	0	0	0	0	0	0	0	0	0	0	0	0	0	0	0
852a0bebc4488d6a5fb31b2a7321343f	0	0	0	0	0	0	0	0	0	0	0	0	0	0	3	0	0	0	0	0	0	0	0	0	0	0	0
bf965766c9cf5efb5559f5f79c8ded80	0	0	0	0	0	0	0	0	0	0	0	0	0	3	0	0	0	0	0	0	0	0	0	0	0	0	0
7d11de5820617d251ef160706be58b12	0	0	0	0	0	0	0	0	0	0	0	0	0	0	3	0	0	0	0	0	0	0	0	0	0	0	0
cc60312357314937af544b9333c06feb	0	0	0	0	0	0	0	3	0	0	0	0	0	0	0	0	0	0	0	0	0	0	0	0	0	0	0
05d385f8260362e624138cae31e3f909	0	0	0	0	0	0	0	0	0	3	0	0	0	0	0	0	0	0	0	0	0	0	0	0	0	0	0
fdf4d75065e116aef394c256f56cdc92	0	0	0	0	0	0	0	0	3	0	0	0	0	0	0	0	0	0	0	0	0	0	0	0	0	0	0
b9ed0538d161db55c859d364fbec8255	0	0	0	0	0	0	0	0	0	0	0	0	0	0	0	0	0	3	0	0	0	0	0	0	0	0	0
84b229d6c3356a796aec6e4ebb6e1537	0	0	0	0	3	0	0	0	0	0	0	0	0	0	0	0	0	0	0	0	0	0	0	0	0	0	0
b21eaef0364611203845a6c48029c339	0	0	0	0	0	0	0	0	0	0	0	0	0	0	0	0	0	0	0	0	0	0	0	0	0	0	3
560859414b86c10a44c3ec7dc1b85c8e	0	0	0	0	0	0	0	0	0	0	0	0	0	3	0	0	0	0	0	0	0	0	0	0	0	0	0
f2d42c4068049b4a014799cfdc6f3d9f	0	0	0	0	0	3	0	0	0	0	0	0	0	0	0	0	0	0	0	0	0	0	0	0	0	0	0
12cb60c560488856a4e478ba58db23c1	0	0	0	0	0	0	0	0	0	0	0	0	0	0	0	0	0	0	3	0	0	0	0	0	0	0	0
63cb5af13d76d5d15805bc42f15107e9	0	0	0	0	0	3	0	0	0	0	0	0	0	0	0	0	0	0	0	0	0	0	0	0	0	0	0
c0855a9bb750e2b7197f304d08fdb16b	0	0	0	0	0	0	0	0	3	0	0	0	0	0	0	0	0	0	0	0	0	0	0	0	0	0	0
78b22eb0bac6cc041298a2e4fd5de09d	0	0	0	0	0	0	0	0	0	0	3	0	0	0	0	0	0	0	0	0	0	0	0	0	0	0	0
e6b4df3b1967606b05a853b8eca8b237	0	0	0	0	0	0	0	0	0	0	0	0	0	0	3	0	0	0	0	0	0	0	0	0	0	0	0
971cd633ca316d4607234c1a7c3bf13b	0	0	0	0	0	0	0	0	0	0	0	0	0	0	3	0	0	0	0	0	0	0	0	0	0	0	0
6cab4c129b744173a50282bce9564fea	0	0	0	0	0	0	0	0	0	0	0	0	0	0	0	0	0	0	0	0	0	0	0	0	0	0	3
1a90142d3558ef1def8bfd5b6d72673c	0	0	0	0	0	0	0	0	0	0	0	0	0	0	0	0	0	0	0	0	3	0	0	0	0	0	0
6eca61fdb3795868e5f86ca25e21382b	0	0	0	0	0	0	0	0	0	0	0	0	0	0	0	0	3	0	0	0	0	0	0	0	0	0	0
85db987388e7661bfe4827fecc6c617a	0	0	0	0	0	0	0	0	0	0	0	0	0	0	0	0	0	3	0	0	0	0	0	0	0	0	0
0b60e65624fab50047f1eb1eb04002d1	0	0	0	0	0	0	3	0	0	0	0	0	0	0	0	0	0	0	0	0	0	0	0	0	0	0	0
fdec85f4dcfcf208b78e2f2337a7bad4	0	0	0	0	0	0	0	0	0	3	0	0	0	0	0	0	0	0	0	0	0	0	0	0	0	0	0
eef3a4f7a50dff20ba143d5a2354fd29	0	0	0	0	0	0	0	0	0	0	0	0	0	0	0	0	0	0	0	0	0	0	0	0	0	0	3
3124d8c7b0d065aeb3c9c5c2609d0b72	3	0	0	0	0	0	0	0	0	0	0	0	0	0	0	0	0	0	0	0	0	0	0	0	0	0	0
f274151ec2a474b868fa316476653d06	0	0	0	0	0	0	0	0	0	0	0	0	0	0	0	0	0	3	0	0	0	0	0	0	0	0	0
aaca2357882b5c58f12f0a9586663a05	0	0	0	0	0	0	0	0	0	0	0	0	0	0	0	0	0	0	0	0	0	3	0	0	0	0	0
7db8da4957f76a804ff466350a07976f	0	0	0	0	0	0	0	0	0	0	0	0	0	0	0	0	0	0	3	0	0	0	0	0	0	0	0
8661aea742653cb6cfc50b73284f002e	0	0	0	0	0	0	0	0	0	0	0	0	0	0	0	0	3	0	0	0	0	0	0	0	0	0	0
1037e2062305d7a325eca3a0ff4ce540	0	3	0	0	0	0	0	0	0	0	0	0	0	0	0	0	0	0	0	0	0	0	0	0	0	0	0
4d2632d1ee81de4a95ef069d08854e55	0	0	3	0	0	0	0	0	0	0	0	0	0	0	0	0	0	0	0	0	0	0	0	0	0	0	0
c7f690ac9e1c2446d6034ce60bc96105	0	0	0	0	0	3	0	0	0	0	0	0	0	0	0	0	0	0	0	0	0	0	0	0	0	0	0
16f024ca2bf86939332365f75ca2926d	0	0	3	0	0	0	0	0	0	0	0	0	0	0	0	0	0	0	0	0	0	0	0	0	0	0	0
8db0da62e0eb61fefecf9c9b5e535662	0	0	0	0	0	0	0	3	0	0	0	0	0	0	0	0	0	0	0	0	0	0	0	0	0	0	0
a58c00bba82627a2bc74b793bcedfa2d	0	0	0	0	0	0	0	0	0	0	0	0	0	0	0	3	0	0	0	0	0	0	0	0	0	0	0
1f74e205f1c6f3c175d6ac5a6c63ebba	0	0	0	0	0	0	0	0	0	0	0	0	0	0	3	0	0	0	0	0	0	0	0	0	0	0	0
50a7e21bfd5c41816ebc853010de771f	0	0	0	0	0	0	0	0	0	0	0	0	0	0	0	0	3	0	0	0	0	0	0	0	0	0	0
4c54bc88e7a006615f92a623f22d83f9	0	0	0	0	0	0	0	0	0	0	0	0	0	0	0	0	3	0	0	0	0	0	0	0	0	0	0
87f04e2b3577596188b2e8e2329a2b17	0	0	0	0	0	0	0	0	0	0	0	0	0	0	0	0	3	0	0	0	0	0	0	0	0	0	0
92f1720367db58c68a96eceb9feb416a	0	0	0	0	0	0	0	0	0	0	0	0	3	0	0	0	0	0	0	0	0	0	0	0	0	0	0
6d07d824c4902fe1ceb09cbc3880a82d	0	0	0	0	0	0	0	0	0	0	0	0	0	0	0	0	0	0	0	0	0	3	0	0	0	0	0
8b61c9f6605ded9c7ab30ae421179940	0	0	0	0	0	0	0	0	0	0	3	0	0	0	0	0	0	0	0	0	0	0	0	0	0	0	0
9c92e008e04ce6f6ffb37df61a278669	0	0	0	3	0	0	0	0	0	0	0	0	0	0	0	0	0	0	0	0	0	0	0	0	0	0	0
21afa6d0de9d310e348939ebf218e9c9	0	0	0	0	0	0	0	0	0	0	0	0	0	0	0	3	0	0	0	0	0	0	0	0	0	0	0
0ad2b4214b2f65a37fe6706d5bc8f5ef	0	0	0	0	0	0	0	0	0	0	0	0	0	0	0	0	3	0	0	0	0	0	0	0	0	0	0
4894893301965e53e751e277b518a900	0	0	0	0	0	0	0	0	0	0	0	3	0	0	0	0	0	0	0	0	0	0	0	0	0	0	0
83eadf65ad3d28ba06ed83ebc35b50c2	0	0	0	0	0	0	0	0	0	0	0	0	0	0	0	0	0	0	0	0	0	0	0	0	3	0	0
2e879c76bf7295c0762b1ef023e3d80d	0	0	0	0	0	0	0	0	0	0	0	0	0	3	0	0	0	0	0	0	0	0	0	0	0	0	0
64d5abc702e5bcac2f33490e754bc457	0	0	0	0	0	0	0	0	0	0	0	0	0	0	0	0	0	0	0	0	3	0	0	0	0	0	0
5329ed5b2220f44f77882a36d8c6c242	0	0	0	0	0	0	0	0	0	0	3	0	0	0	0	0	0	0	0	0	0	0	0	0	0	0	0
5da4daa499fc9c2914592d0b8f436e4c	0	3	0	0	0	0	0	0	0	0	0	0	0	0	0	0	0	0	0	0	0	0	0	0	0	0	0
23035137419c0218bbf39756e0c9b13b	0	0	0	0	0	0	0	0	0	0	0	0	0	0	0	0	0	0	0	0	0	0	0	0	0	0	3
c2ce74a008c3cfae2e041bdf6fd2f0ba	0	0	0	0	0	0	0	0	0	0	0	0	0	0	0	0	0	3	0	0	0	0	0	0	0	0	0
8e626c578d6b7c9f3c6c2d15d4e619b8	0	0	0	0	0	0	0	0	0	0	0	3	0	0	0	0	0	0	0	0	0	0	0	0	0	0	0
3c249b3afec53d553135dcd28c14169f	0	0	0	0	0	0	0	0	0	0	0	0	0	0	0	0	0	0	0	0	0	0	3	0	0	0	0
5b698d592ae3b45c9ac013c4ddec0686	0	0	0	0	0	0	0	0	0	0	0	0	0	0	0	0	0	0	0	0	0	0	0	0	0	0	3
0db91d7d18ef7ab2474abab5a1b5b345	0	0	0	0	0	0	0	0	0	0	0	3	0	0	0	0	0	0	0	0	0	0	0	0	0	0	0
7e1394db14f265c7f4e3e97e44e941bc	0	0	0	0	0	0	0	0	0	0	0	0	0	0	0	0	0	0	0	0	0	3	0	0	0	0	0
b4d38165ea07ef5c5ac9510015bb341a	0	0	0	0	0	0	0	0	0	0	0	0	0	0	3	0	0	0	0	0	0	0	0	0	0	0	0
732ca65ff4acf5ba100954ae4570ae3a	0	0	0	0	0	0	0	0	0	0	0	0	0	0	0	0	3	0	0	0	0	0	0	0	0	0	0
449406c554d1b6b564e025507f33cb72	0	0	0	0	0	0	0	0	0	0	0	0	0	0	0	0	0	3	0	0	0	0	0	0	0	0	0
ff61cd698ed323628b5405230778385e	0	0	0	0	0	0	0	0	0	0	0	0	0	0	3	0	0	0	0	0	0	0	0	0	0	0	0
d0de9927e7c0518ae1a6b72c1ce1f3e4	0	0	0	0	0	0	0	0	0	0	0	0	0	0	0	0	0	0	0	0	0	0	0	0	0	0	3
62229023ea1d0337a269dc455571ad53	0	0	0	0	0	0	0	0	0	0	0	0	0	3	0	0	0	0	0	0	0	0	0	0	0	0	0
4bf403c35f90a4fe4f0c9872c35f3e91	0	0	0	0	0	0	0	0	0	0	0	0	0	0	3	0	0	0	0	0	0	0	0	0	0	0	0
98e980c47bd61de610d5ddd7adf58b2e	0	0	0	0	0	0	0	0	0	0	0	0	0	0	0	0	0	3	0	0	0	0	0	0	0	0	0
b6efbab5958f6ea53b84b3e518e5a994	0	0	0	0	0	0	0	0	0	0	0	0	0	0	0	0	0	0	0	0	3	0	0	0	0	0	0
a41079fa6bf27231c02322f3582497d6	0	0	0	0	0	0	0	0	0	0	0	0	0	0	0	0	0	0	0	0	0	3	0	0	0	0	0
d5ef25491680d81720d2f8d7454f4a3a	0	0	0	0	0	0	0	0	0	0	0	0	0	0	0	0	0	0	0	0	0	0	0	0	0	3	0
7478c89564fd91162c8a61c3284dc9a4	0	0	0	0	0	0	0	0	0	0	0	0	0	0	3	0	0	0	0	0	0	0	0	0	0	0	0
8298d3c30beb9c71da9357305b0ba4a8	0	0	0	0	0	0	0	0	0	0	0	0	0	0	0	0	0	0	0	0	0	3	0	0	0	0	0
def7f3b3a68016c059a71bdbafd7d6c8	0	0	0	0	0	0	0	0	0	0	0	0	0	0	0	0	0	0	0	3	0	0	0	0	0	0	0
913bc566c6152bc7819794fe4f3f0fe9	0	0	0	0	0	0	0	0	0	0	0	0	0	0	0	0	0	0	0	0	0	0	0	3	0	0	0
6730cf72f349b7274c1b9feee101bf84	0	0	0	0	0	0	0	0	0	0	0	0	0	0	0	0	0	0	0	0	0	3	0	0	0	0	0
2aad5ade5982e7f40804fc59df7c9ae5	0	0	0	0	0	0	0	0	0	0	0	0	0	0	0	0	0	0	0	0	0	0	0	0	0	0	3
c857d9beebf0f0249ea840180866416b	3	0	0	0	0	0	0	0	0	0	0	0	0	0	0	0	0	0	0	0	0	0	0	0	0	0	0
e4d1c0e54f1c9a32316a64b1a7ea7e39	0	0	0	0	0	0	0	3	0	0	0	0	0	0	0	0	0	0	0	0	0	0	0	0	0	0	0
79e80620aa21cf9bd4173790824d4589	0	0	0	0	0	0	0	0	0	0	0	0	0	0	0	0	0	0	0	0	0	3	0	0	0	0	0
576cef7c30338ec83279945a279283a2	0	0	0	0	0	0	0	0	0	0	0	0	0	0	0	0	0	0	0	0	0	0	0	0	0	0	3
0d6f66d89e88d570ce83e7b6f2c074fb	0	0	0	0	0	0	0	0	0	0	0	0	0	0	0	0	0	0	0	0	0	3	0	0	0	0	0
1c90eea57d22474ee52d39adaffa3282	0	0	0	0	0	0	0	0	0	0	0	0	0	3	0	0	0	0	0	0	0	0	0	0	0	0	0
442e0fb634ab22a77190ddec88a5b0cf	0	0	0	0	0	0	0	0	0	0	0	0	0	0	0	0	0	0	0	0	0	3	0	0	0	0	0
89d6cdc6238a9d0b535c21c330608f18	0	0	0	0	0	0	0	0	0	0	0	0	0	0	0	0	0	0	0	0	0	3	0	0	0	0	0
785c07d7c0810c77225117d297a71112	0	0	0	0	0	0	0	0	0	0	0	0	0	0	0	0	0	0	0	0	0	0	0	0	0	3	0
dc5b0736654a4c5c394600f0c9598f01	0	0	0	0	0	0	0	0	0	0	0	0	0	0	0	0	0	0	0	0	0	0	0	0	3	0	0
5d02b52255abeb715042b50a9ac7bf5a	0	3	0	0	0	0	0	0	0	0	0	0	0	0	0	0	0	0	0	0	0	0	0	0	0	0	0
3428dd34ce66dbc0bcf2252144b283ee	0	0	0	0	0	0	0	0	0	3	0	0	0	0	0	0	0	0	0	0	0	0	0	0	0	0	0
259c996cec1bb10cfe596ce68bc2e781	0	0	0	0	0	0	0	0	0	0	0	0	0	0	0	0	0	0	0	0	3	0	0	0	0	0	0
088fd84f7fd4457b36d9497763a0a77c	0	0	0	0	0	0	0	0	0	0	0	0	0	0	0	0	0	0	0	0	0	0	0	0	0	3	0
b01cdc53ccf0147bfd6e571cbe2af6b6	0	0	0	0	0	0	0	0	0	0	0	0	0	0	0	0	3	0	0	0	0	0	0	0	0	0	0
6815e071d43a866e85dd6709613b6d9d	0	0	0	0	0	0	0	0	0	0	0	0	0	0	0	0	0	0	0	0	0	0	3	0	0	0	0
43d7206420bcef17426e0ec7453ca02a	0	0	0	0	0	0	0	0	0	0	0	0	0	0	0	3	0	0	0	0	0	0	0	0	0	0	0
8d9612b98d5bd3c640f79e279587e0b4	0	0	0	0	0	0	0	0	0	0	0	0	0	0	0	0	0	0	0	0	0	0	0	0	3	0	0
efba967592fda68515e9f13e0aaff17a	0	0	0	0	0	0	0	0	0	0	0	0	0	0	0	3	0	0	0	0	0	0	0	0	0	0	0
da6d782f69df7daeb936503b72e39e3f	0	0	0	0	0	0	0	0	0	0	0	0	0	0	0	0	0	0	0	3	0	0	0	0	0	0	0
32a8e6fe8355d2706c7a4ae66a052b33	0	0	0	0	0	0	3	0	0	0	0	0	0	0	0	0	0	0	0	0	0	0	0	0	0	0	0
2980d3f26640aca71f9fce51f4ba13ec	0	0	0	0	0	0	0	0	0	0	0	0	0	0	0	0	0	0	0	0	0	0	0	0	3	0	0
7363a8aaa94ac0b8cdb921f1934231fd	0	0	0	0	0	0	0	0	0	3	0	0	0	0	0	0	0	0	0	0	0	0	0	0	0	0	0
864c9c246d064d90e625cd943cbba028	0	0	0	0	0	0	0	0	0	0	0	0	0	0	0	0	0	0	0	0	0	0	3	0	0	0	0
c31a59d0b5a35ed6bca31430924d5a2a	0	0	0	0	0	0	0	0	0	0	0	0	0	0	0	3	0	0	0	0	0	0	0	0	0	0	0
fd43b4aad2fbd5dc6a75e973cee3e7db	0	0	0	0	0	0	0	0	0	0	0	3	0	0	0	0	0	0	0	0	0	0	0	0	0	0	0
6e7609715c3c0084886a42f0842adebb	0	0	0	0	0	0	0	0	0	0	0	0	0	0	0	0	0	0	0	0	0	0	0	0	0	0	3
7a5e8672d7708d9f33714cc19b43e14d	0	0	0	0	0	0	0	0	0	0	0	0	0	0	0	0	0	0	0	0	3	0	0	0	0	0	0
86d561414b15a01523bbc22b2fc7d2d7	0	0	0	0	0	0	0	0	0	0	0	0	0	0	0	0	0	0	0	0	0	0	0	0	0	0	3
f45b4f12576ebd6c9c9ab7d62eb11e20	0	0	0	0	3	0	0	0	0	0	0	0	0	0	0	0	0	0	0	0	0	0	0	0	0	0	0
7a9528c1929c93068254b3c2633a6cee	0	0	0	0	0	0	0	0	0	0	0	3	0	0	0	0	0	0	0	0	0	0	0	0	0	0	0
c8ae46523e18c53805832f1481273c1d	0	0	0	0	0	0	0	0	0	0	0	0	0	0	0	3	0	0	0	0	0	0	0	0	0	0	0
59bc7b6522c55b01e6e5ebaac9c09274	0	0	0	0	0	0	0	0	0	3	0	0	0	0	0	0	0	0	0	0	0	0	0	0	0	0	0
fcff521211ea6c63ed9d4c3f78e2506b	0	0	0	0	0	0	0	0	0	0	0	3	0	0	0	0	0	0	0	0	0	0	0	0	0	0	0
aedb8c9c2343e312040662b71cbf38d5	0	0	0	0	0	3	0	0	0	0	0	0	0	0	0	0	0	0	0	0	0	0	0	0	0	0	0
d1a592710f973bb8a665ff11ceb7d0ed	0	0	0	0	0	0	0	0	0	0	0	0	0	0	0	3	0	0	0	0	0	0	0	0	0	0	0
ee3edd61d2245f785fcaea917cc14a6c	0	0	0	0	0	0	0	0	0	0	0	0	3	0	0	0	0	0	0	0	0	0	0	0	0	0	0
ca8b4ab906d2dadd5037442441b14fb4	0	0	0	0	0	0	0	0	0	0	0	0	0	0	0	0	0	0	0	0	0	3	0	0	0	0	0
dc04ef752c186a1a5a6adfed21fbf8df	0	3	0	0	0	0	0	0	0	0	0	0	0	0	0	0	0	0	0	0	0	0	0	0	0	0	0
7f8cfc641785b519a78066c6fa6799c7	0	0	0	0	0	0	0	0	0	0	0	0	0	0	0	3	0	0	0	0	0	0	0	0	0	0	0
9dec9ca2209018cc98b3588f2c4c1740	0	0	0	0	0	0	0	0	0	0	0	3	0	0	0	0	0	0	0	0	0	0	0	0	0	0	0
e060f35f9f9e3bd9f0fd89b35dda3417	0	0	0	0	0	0	0	0	0	0	0	0	0	0	0	3	0	0	0	0	0	0	0	0	0	0	0
72710b37cd68346024ecf701f478de0d	0	3	0	0	0	0	0	0	0	0	0	0	0	0	0	0	0	0	0	0	0	0	0	0	0	0	0
99b49a4befa21163849d7e9b63b20d47	0	0	3	0	0	0	0	0	0	0	0	0	0	0	0	0	0	0	0	0	0	0	0	0	0	0	0
db98bd59b6a5b86b678f30b3dadee26b	0	3	0	0	0	0	0	0	0	0	0	0	0	0	0	0	0	0	0	0	0	0	0	0	0	0	0
e16d86b7fe770de88e7e8fd0fb6c8b5a	0	0	0	0	0	0	0	0	0	0	0	0	0	0	3	0	0	0	0	0	0	0	0	0	0	0	0
50456ca07a2600db6e5fe5a95459744f	0	0	0	0	0	0	0	0	0	0	0	0	0	0	0	0	0	0	0	3	0	0	0	0	0	0	0
7e8f2ee6f6d82fc29c0c5f187305016c	0	0	0	0	0	0	0	0	0	0	0	0	0	0	3	0	0	0	0	0	0	0	0	0	0	0	0
d8f95235d3fa54513e8664b9f34a0fa2	0	0	0	0	3	0	0	0	0	0	0	0	0	0	0	0	0	0	0	0	0	0	0	0	0	0	0
123f2a9d3011e9b7e438eb8bb8f3860d	0	0	0	0	0	0	0	3	0	0	0	0	0	0	0	0	0	0	0	0	0	0	0	0	0	0	0
e6b18264294a2561d734392741fcaf2f	0	0	0	0	0	0	0	0	0	0	0	0	0	0	0	0	0	0	3	0	0	0	0	0	0	0	0
8295ef13d89e1f6356c1c4d99ea0786d	0	0	0	0	0	0	0	0	0	0	0	0	0	0	0	0	0	0	0	0	0	0	0	0	0	3	0
f86b34cc80d14ff7c266c5f41e82751f	0	0	0	0	0	0	0	0	0	0	0	0	0	0	0	0	0	0	0	0	0	3	0	0	0	0	0
b56ed344c265f80acc62b74078067bd9	0	0	0	0	0	0	0	0	0	0	0	0	0	0	0	0	0	0	3	0	0	0	0	0	0	0	0
163831e314276abf13747fef797218e7	0	0	0	0	0	0	0	0	0	0	0	0	0	0	0	0	0	0	0	0	0	0	0	3	0	0	0
73462475b61f014b961ea187af3ea595	0	0	0	0	0	0	0	0	0	0	0	0	0	0	3	0	0	0	0	0	0	0	0	0	0	0	0
e42c864ce24b6ce94193d6383ae708ab	0	0	0	0	0	0	0	0	0	0	0	0	0	0	0	0	0	0	0	0	0	0	0	0	0	0	3
b4171c415c3e5e536c7001d6a533c086	0	0	0	0	0	0	0	0	0	0	0	0	0	0	0	0	0	0	0	3	0	0	0	0	0	0	0
61b765e44798e529d67455dcedf8bd50	0	0	0	0	0	0	0	0	0	0	0	0	0	0	0	0	0	0	0	0	3	0	0	0	0	0	0
7a088dac1770808b5d8168f3b306a234	0	0	0	0	0	0	0	0	0	0	0	0	0	0	3	0	0	0	0	0	0	0	0	0	0	0	0
69523997146ff118c5658b480510e7b3	0	0	0	0	0	0	0	0	0	0	0	0	0	0	0	0	0	0	0	0	0	0	0	0	0	0	3
ce0c261630947d893213ff2496732722	0	0	0	0	0	0	0	3	0	0	0	0	0	0	0	0	0	0	0	0	0	0	0	0	0	0	0
3ed1764ba4b3c934cc779ab9a1eb8dca	0	0	0	0	0	0	0	0	0	0	0	0	0	0	0	0	0	0	0	0	3	0	0	0	0	0	0
caa45f4815b3cad46eeaf8db82033cfc	0	0	0	0	0	0	0	0	0	0	0	0	0	0	0	0	0	0	0	3	0	0	0	0	0	0	0
43d2567f08ef56a9a03d0e698b09eace	0	0	0	0	0	0	0	0	0	0	0	0	0	0	0	0	0	0	0	0	0	0	0	3	0	0	0
5c53881c72a9f833ac24c3fc1f610705	0	0	0	0	0	0	0	0	0	0	0	0	0	0	0	0	0	0	0	0	0	3	0	0	0	0	0
832d757862b1cd50026e97b4bdacb7ad	0	0	0	0	0	0	0	0	0	0	0	0	0	0	0	0	0	0	0	0	0	0	0	0	0	0	3
50cc46314588a8929061b0b26ce48429	0	0	0	0	0	0	0	0	0	0	0	0	0	0	0	0	0	0	0	0	3	0	0	0	0	0	0
52d3f28a5f2ca54623fa10cf69a00b90	0	0	0	0	0	0	0	0	0	0	0	0	0	0	0	0	0	0	0	0	3	0	0	0	0	0	0
a673222198a89326b4ced9229adbb211	0	0	0	0	0	0	0	0	0	0	0	0	0	0	0	0	0	0	0	0	0	3	0	0	0	0	0
858a49b898fdf1fd797c253c116ad06d	0	0	0	0	0	0	0	0	0	0	0	0	0	0	0	0	0	0	0	0	0	0	0	0	0	0	3
c7acb543975485ef204b60c3b5639bc9	0	0	0	0	0	0	0	0	0	0	0	0	0	0	0	0	0	0	0	0	0	3	0	0	0	0	0
2829c17948a34eaf05f8019c5847193b	0	0	0	0	0	0	0	0	0	0	0	0	0	0	3	0	0	0	0	0	0	0	0	0	0	0	0
9648b185843514a7482f389629831389	0	0	0	0	0	0	0	0	0	0	3	0	0	0	0	0	0	0	0	0	0	0	0	0	0	0	0
c4c068c5bb913a90c594ee60acfa557b	0	0	0	0	0	0	0	0	0	0	0	0	0	0	0	0	3	0	0	0	0	0	0	0	0	0	0
c02c42e491699891f8fd7408ecc59cc2	0	0	0	0	0	0	0	0	0	0	0	0	0	0	0	0	0	0	3	0	0	0	0	0	0	0	0
8b66a9d2b76d70175054650e3ffcfc47	0	0	0	0	0	0	0	0	0	0	0	0	0	0	0	0	0	0	0	0	0	0	0	3	0	0	0
13ea9d55e6e40087276e4d3f588afab0	0	0	0	0	0	0	0	0	0	0	0	0	0	0	3	0	0	0	0	0	0	0	0	0	0	0	0
ee0197c76ca344faba7cb98a26719838	0	0	0	3	0	0	0	0	0	0	0	0	0	0	0	0	0	0	0	0	0	0	0	0	0	0	0
d9d0da2bf0b39682982fe597a5b6ce9d	0	0	0	0	0	0	0	0	0	3	0	0	0	0	0	0	0	0	0	0	0	0	0	0	0	0	0
217458c63d4389a1ed357757f7471585	0	0	0	0	0	0	0	0	0	0	0	0	0	0	0	0	0	3	0	0	0	0	0	0	0	0	0
e50cc2a3da1dd7fd34ca4daba09a32ad	0	0	0	0	0	0	0	0	0	0	0	0	3	0	0	0	0	0	0	0	0	0	0	0	0	0	0
612e276648fae5a9a6a53e41187b828b	3	0	0	0	0	0	0	0	0	0	0	0	0	0	0	0	0	0	0	0	0	0	0	0	0	0	0
d269071dd505362b93208069ef69f573	0	0	0	0	0	0	0	0	0	0	0	0	0	0	0	0	0	0	0	0	0	3	0	0	0	0	0
7fe8fb3be66b5a116c36933b4ad4469d	0	0	0	0	0	0	0	0	0	0	0	0	0	0	0	0	0	0	0	0	0	0	0	0	0	3	0
0473107d19837186bdb2704a38adc29a	0	0	0	0	0	0	0	0	0	0	0	0	0	0	0	0	0	0	0	0	3	0	0	0	0	0	0
1115f08fcde8a97d0285e6ed29d91479	0	0	0	0	0	0	0	0	0	3	0	0	0	0	0	0	0	0	0	0	0	0	0	0	0	0	0
140c2f3c24f08f74e1233745d495e8cc	0	0	0	0	0	0	0	0	0	0	0	0	0	0	0	0	0	0	0	0	0	0	0	3	0	0	0
5f7827be5489c0d8104e47a73957098a	0	0	0	0	0	0	0	0	0	0	0	0	0	0	0	0	0	0	0	0	3	0	0	0	0	0	0
a99f81b7c7ce6c7d9485aee5b84e8d2b	0	0	0	0	0	3	0	0	0	0	0	0	0	0	0	0	0	0	0	0	0	0	0	0	0	0	0
bfb2fbbbc7034eaaaad08c315332fc27	0	0	0	0	0	0	0	0	0	0	0	0	0	0	0	0	0	0	0	0	0	0	0	0	0	0	3
18924623367093775f8c7d4b4fd7e412	0	0	0	0	0	0	0	0	0	0	0	0	0	0	0	0	0	0	0	0	0	0	0	0	3	0	0
30fb030f355499efd3a0f38592a187e7	0	0	0	0	0	0	0	0	0	0	0	0	0	0	0	0	0	0	0	0	0	0	0	0	0	0	3
c1193610686c5ece652bda4e7065fa1e	0	0	0	0	0	0	0	0	0	3	0	0	0	0	0	0	0	0	0	0	0	0	0	0	0	0	0
e2a8eb56472d099d65b018391be82787	0	0	0	0	0	0	0	0	0	0	0	3	0	0	0	0	0	0	0	0	0	0	0	0	0	0	0
8d8dbd77bbb9d67dadeba908c0bebb26	0	0	0	0	0	0	0	0	0	0	0	0	0	0	0	0	0	0	0	0	0	0	0	0	0	3	0
3b7842d523abee114fa7175c61cf4cee	0	0	0	0	0	0	0	0	0	0	0	0	0	0	0	0	0	0	0	3	0	0	0	0	0	0	0
af98dd052edbf41bafe68edbebac7e38	0	0	0	0	0	0	0	0	0	0	0	0	0	0	0	0	0	0	0	0	0	0	0	0	0	3	0
1756d9d280c8054028b3e34748e6e5d9	0	0	0	0	0	0	0	0	0	0	0	0	0	0	0	0	0	0	0	0	3	0	0	0	0	0	0
dc1b530398cdc1e2d2e7a415cffcccbb	0	0	0	0	0	0	0	0	0	0	0	0	0	0	0	0	0	0	0	0	0	0	0	3	0	0	0
71a5c4284e6fd62ba0400b8a08e46b9f	0	0	0	0	0	0	0	0	0	0	0	0	0	0	0	3	0	0	0	0	0	0	0	0	0	0	0
da00862a333cc3bf8527f390c4a72493	0	0	0	0	0	0	3	0	0	0	0	0	0	0	0	0	0	0	0	0	0	0	0	0	0	0	0
1b9290cd00a6e0c8583431454ea9b0c6	0	0	0	0	0	0	0	0	0	0	2	0	0	0	0	0	0	0	0	0	0	0	0	0	0	0	0
61252129357c64d7ff0be4d05dd771eb	0	0	0	0	0	0	0	0	2	0	0	0	0	0	0	0	0	0	0	0	0	0	0	0	0	0	0
06f825b512d903b9230e1a55d87359ee	0	0	0	0	0	0	0	0	0	0	0	0	0	0	0	0	0	0	0	0	0	0	0	0	2	0	0
26c6e3ed14694582e207478c1f23c21f	0	0	0	0	0	0	0	0	0	0	0	0	0	0	2	0	0	0	0	0	0	0	0	0	0	0	0
027a1e0c0f309d962593bc6e36b1e588	0	0	0	0	0	0	0	0	0	0	0	0	0	0	0	0	0	0	2	0	0	0	0	0	0	0	0
665496e7746bfdade97bc85d85004abd	0	0	0	0	0	0	0	0	0	0	0	0	0	0	0	0	0	2	0	0	0	0	0	0	0	0	0
59da0ed6c4b6626c26b73745b1a3ef93	0	0	0	0	2	0	0	0	0	0	0	0	0	0	0	0	0	0	0	0	0	0	0	0	0	0	0
2769b3466445fc55cef9dd8cc366e0be	0	0	0	0	0	0	0	0	0	0	0	0	0	0	0	0	0	0	0	0	2	0	0	0	0	0	0
bcf28239a8a7708456432d234f898027	0	0	0	0	0	0	0	0	0	0	0	0	0	0	0	0	0	2	0	0	0	0	0	0	0	0	0
9431eab6ea4a5bcd167ddbf37b931689	0	0	0	0	2	0	0	0	0	0	0	0	0	0	0	0	0	0	0	0	0	0	0	0	0	0	0
2af4a274f019e35b4c876f0398d4dcb7	2	0	0	0	0	0	0	0	0	0	0	0	0	0	0	0	0	0	0	0	0	0	0	0	0	0	0
45b1d52cc448d9ec637e9eecfa31c527	0	0	0	0	0	0	2	0	0	0	0	0	0	0	0	0	0	0	0	0	0	0	0	0	0	0	0
fced31bc5f1a7bf65918c30ee93706b9	0	0	0	0	0	0	0	0	0	0	0	0	0	0	0	0	0	0	0	0	0	0	0	0	0	0	2
6fccbee1de1db210ac2819978731193b	0	0	0	0	0	0	0	0	0	0	0	0	0	0	0	0	0	0	0	0	0	2	0	0	0	0	0
8d26e45479e8633abe1d0b0e7fb75dc2	0	0	0	0	0	0	0	0	0	0	2	0	0	0	0	0	0	0	0	0	0	0	0	0	0	0	0
19185d2bd0c0fdc4d655645820a96be2	2	0	0	0	0	0	0	0	0	0	0	0	0	0	0	0	0	0	0	0	0	0	0	0	0	0	0
7ca779aff9bd48f9161f4664f19d5cab	0	0	0	0	0	0	0	0	0	0	2	0	0	0	0	0	0	0	0	0	0	0	0	0	0	0	0
bd6fc997b1f622a9e8a12e67cb7effd1	0	0	0	0	0	0	0	0	0	0	0	0	0	0	0	0	0	0	0	2	0	0	0	0	0	0	0
05d09085d24175265f3915801984244a	0	0	0	0	0	0	0	0	0	0	0	0	0	0	0	0	0	0	0	2	0	0	0	0	0	0	0
f3d68649ab43a21d94a8a0754d0dba65	0	0	0	0	0	0	0	0	2	0	0	0	0	0	0	0	0	0	0	0	0	0	0	0	0	0	0
877b478d92858da054d484fc7b1ee368	0	0	0	0	0	0	0	0	0	0	0	0	0	0	0	0	0	0	0	0	2	0	0	0	0	0	0
7066f5ecab1866312acb9e7cc8d176f3	0	0	0	2	0	0	0	0	0	0	0	0	0	0	0	0	0	0	0	0	0	0	0	0	0	0	0
b766b0cf08fce81174782b4c65fa503d	0	0	0	0	0	0	0	0	0	0	0	0	0	0	0	0	0	0	0	0	0	0	0	2	0	0	0
519d4b8b93d502ed115c22578ff676bf	0	0	0	0	0	0	0	0	0	0	0	0	0	0	0	0	0	0	0	0	0	0	0	2	0	0	0
80c69aacc40c9a60689b98a8fe36fdd5	0	0	0	0	0	0	0	0	0	0	0	0	0	0	0	0	0	0	0	0	0	0	0	2	0	0	0
f56b2bc998b2171bfea7d6a0273921c0	2	0	0	0	0	0	0	0	0	0	0	0	0	0	0	0	0	0	0	0	0	0	0	0	0	0	0
f1540f8e1b32b1fc8382dba64a49b9cc	0	0	0	0	0	0	0	0	0	2	0	0	0	0	0	0	0	0	0	0	0	0	0	0	0	0	0
86f111a372658f0bf1fb52692db417b1	0	0	0	0	0	0	0	0	0	0	0	0	0	0	0	0	0	0	0	0	0	0	0	0	2	0	0
1239e96d9d90514ee91e41de720e2f37	0	0	0	0	0	0	0	0	0	0	0	2	0	0	0	0	0	0	0	0	0	0	0	0	0	0	0
4bd1bf5ab58039b778e18136f3ed1296	0	0	0	0	0	0	0	0	0	0	0	0	0	0	0	0	0	0	0	0	0	0	0	0	2	0	0
0cca55459a5e1bdee9f5c9010fc70697	0	0	0	0	0	0	0	0	0	0	0	0	0	0	0	0	0	0	0	0	0	0	0	0	2	0	0
66ac79ade89665489f3a1409e0ff6316	0	0	0	0	0	0	0	0	0	0	0	0	0	0	0	0	0	0	0	0	0	0	2	0	0	0	0
4c327505a6047f3d55fb7f6a74f1a0a8	0	0	0	0	0	0	0	0	2	0	0	0	0	0	0	0	0	0	0	0	0	0	0	0	0	0	0
b573665c47e87838a9d124bbb9463009	0	0	0	0	0	0	0	0	0	0	0	0	0	0	0	2	0	0	0	0	0	0	0	0	0	0	0
01ec45dec68665b09d3bc0cbcc0c22df	0	0	0	0	0	0	0	0	0	0	0	0	0	2	0	0	0	0	0	0	0	0	0	0	0	0	0
3aa9c015d0f3c706902be1882ac0d89e	0	0	0	0	0	0	0	0	0	0	0	2	0	0	0	0	0	0	0	0	0	0	0	0	0	0	0
9a3420f2270198e85d457c5cebbc629e	0	0	0	0	0	0	0	0	0	2	0	0	0	0	0	0	0	0	0	0	0	0	0	0	0	0	0
4f2eb26416ae34ea305453000934b76f	0	0	0	0	0	0	0	0	0	0	0	0	0	0	0	0	0	2	0	0	0	0	0	0	0	0	0
95173a7590a6f98d37c9c4be135460f7	0	0	0	0	0	0	0	0	0	0	0	0	0	0	0	0	0	0	0	0	0	2	0	0	0	0	0
3d40d53c59badedf4a0b5e7ea5d60814	0	0	0	0	2	0	0	0	0	0	0	0	0	0	0	0	0	0	0	0	0	0	0	0	0	0	0
7e74284282520d2053294ba47941a29f	0	0	0	0	0	0	0	0	0	0	0	0	0	0	0	0	0	0	0	2	0	0	0	0	0	0	0
ff7f798e3eaccdbf26e7f352626147ce	0	0	0	0	0	0	0	0	0	0	0	0	0	2	0	0	0	0	0	0	0	0	0	0	0	0	0
acaf32d9c89ce2c359ea73b24a7fc1a9	0	0	0	0	0	0	2	0	0	0	0	0	0	0	0	0	0	0	0	0	0	0	0	0	0	0	0
bf04985fd58dcc698557f0e092e889b4	0	0	0	0	0	0	0	0	2	0	0	0	0	0	0	0	0	0	0	0	0	0	0	0	0	0	0
636aee3641e9433316c6ac29bfc8f2c0	0	0	0	0	0	0	0	0	0	0	0	0	2	0	0	0	0	0	0	0	0	0	0	0	0	0	0
99aae8208b6ce971fef7439044dc157f	0	0	0	0	0	0	0	0	0	0	0	0	0	0	0	0	0	0	0	0	0	0	0	0	0	0	2
5021d36806b18aa92a2f0373f05266b3	0	0	0	0	0	0	0	0	0	2	0	0	0	0	0	0	0	0	0	0	0	0	0	0	0	0	0
0f787534f0e323b62207effbb6961cac	2	0	0	0	0	0	0	0	0	0	0	0	0	0	0	0	0	0	0	0	0	0	0	0	0	0	0
4388e9d6e9b516d031400f61b188af58	0	0	0	0	0	0	0	0	0	0	0	0	0	0	0	0	0	0	0	0	0	0	0	2	0	0	0
c6e527b2d5dd4186125cb8da55bc1ed4	0	0	0	0	0	0	0	0	0	0	0	2	0	0	0	0	0	0	0	0	0	0	0	0	0	0	0
a8e53bd66879cd51ecb4e7daf552accb	0	0	0	0	0	0	0	0	0	0	0	0	0	0	0	0	0	0	0	0	0	0	0	2	0	0	0
8e0c39b97982f3b9932fe66f03285aad	2	0	0	0	0	0	0	0	0	0	0	0	0	0	0	0	0	0	0	0	0	0	0	0	0	0	0
2fe834b2786bc1a14041aeb0e431fb10	0	0	0	0	0	0	0	0	0	0	0	0	0	0	0	0	0	0	0	0	0	2	0	0	0	0	0
9d6e0b9cbaed34f0af7311213a9aa20b	0	0	0	0	0	0	0	0	0	0	0	0	0	0	0	0	0	0	0	0	0	0	0	2	0	0	0
2b2b730fddf2f2f41ce2e40c00239fa9	0	0	0	0	0	0	0	0	0	0	0	0	0	0	0	0	0	0	0	0	0	0	0	0	0	0	2
5b2529faa44a3679b887ecd91b6b4149	2	0	0	0	0	0	0	0	0	0	0	0	0	0	0	0	0	0	0	0	0	0	0	0	0	0	0
1cd1617d484f6924e026c980b2306ecf	0	0	0	0	0	0	0	0	0	0	0	0	0	0	0	0	0	0	0	0	0	2	0	0	0	0	0
5841734018ac9598cfa958209d115326	0	0	0	0	0	0	0	0	0	2	0	0	0	0	0	0	0	0	0	0	0	0	0	0	0	0	0
c1eb4a681af98dcf647174ec64ca5a93	0	0	0	0	0	0	0	0	2	0	0	0	0	0	0	0	0	0	0	0	0	0	0	0	0	0	0
d266550018404dcb74d81fba598e6f05	0	0	0	0	0	0	0	0	2	0	0	0	0	0	0	0	0	0	0	0	0	0	0	0	0	0	0
67a47e5e13a141ee9be7d2f1efb70a1f	0	2	0	0	0	0	0	0	0	0	0	0	0	0	0	0	0	0	0	0	0	0	0	0	0	0	0
62dc315753f1728267a8781a91efe5b4	0	0	0	0	0	0	0	0	0	0	0	0	0	0	0	0	0	0	0	0	0	0	2	0	0	0	0
865cfb1801b934cacff255d6e85e9e30	0	0	0	0	0	0	0	0	0	0	0	0	0	0	0	0	0	2	0	0	0	0	0	0	0	0	0
76b0f9056a0f4795b58d28a833493d51	0	0	0	0	0	0	0	0	0	0	0	0	0	0	2	0	0	0	0	0	0	0	0	0	0	0	0
691cbedcaef2b460f5fbefc50213fdd8	0	0	0	0	0	0	0	0	0	0	2	0	0	0	0	0	0	0	0	0	0	0	0	0	0	0	0
90fb99e669970518ea18e39286b9323d	0	0	0	0	0	0	2	0	0	0	0	0	0	0	0	0	0	0	0	0	0	0	0	0	0	0	0
41ae91238ccd88b2b3e0f4bb613653a3	0	0	0	2	0	0	0	0	0	0	0	0	0	0	0	0	0	0	0	0	0	0	0	0	0	0	0
a609f4962f69a1032066c3e150e0c93d	0	0	0	0	0	0	0	0	0	0	0	0	0	0	2	0	0	0	0	0	0	0	0	0	0	0	0
11ebba0353989f7a63ae32034f0ff658	0	0	0	0	0	0	0	0	0	0	0	0	0	0	0	0	2	0	0	0	0	0	0	0	0	0	0
d0d0714792ef3b5a6951ca3d28020d4c	0	0	0	0	0	0	0	0	0	0	0	0	0	0	0	0	0	0	0	2	0	0	0	0	0	0	0
555b8d690837cfcc86fd0489218ed976	0	0	0	0	0	0	0	0	0	0	0	0	0	0	0	0	2	0	0	0	0	0	0	0	0	0	0
3fb11383d86dfad2dfd111339161741f	0	0	0	0	0	0	0	0	0	0	0	0	0	0	0	0	0	0	2	0	0	0	0	0	0	0	0
aba86e4c7e4f58600d97ce8d5af8eb14	0	0	0	0	0	0	0	0	0	0	0	0	0	0	0	0	0	0	0	0	0	0	0	0	0	0	2
1c0ed2a34a27399edf64964faaa0a39d	0	0	0	0	0	0	0	0	0	0	0	0	0	0	0	0	2	0	0	0	0	0	0	0	0	0	0
648a9ce26a2266a1ed114fcb0c3e9259	0	0	0	0	0	0	0	0	0	0	0	0	0	0	0	0	0	0	0	0	0	0	0	0	0	0	2
7a60e4598cb1262862f8a5dddbf1d60f	0	0	0	0	0	0	0	2	0	0	0	0	0	0	0	0	0	0	0	0	0	0	0	0	0	0	0
61472cfcf678524c7953abc77b8c9127	0	0	0	0	2	0	0	0	0	0	0	0	0	0	0	0	0	0	0	0	0	0	0	0	0	0	0
02f9203a0721d9f8e1449fc1dd126966	0	0	0	0	0	0	0	0	0	0	0	0	0	0	0	0	0	0	0	0	0	0	0	0	0	0	2
37c8010fc3f2b0643bd6bd8a5280ac42	0	0	0	0	0	0	0	0	0	0	0	0	0	0	0	0	0	0	0	0	0	0	0	0	0	2	0
8ac6802faaef951728011d855c1eaa59	0	0	0	0	0	0	0	0	0	0	2	0	0	0	0	0	0	0	0	0	0	0	0	0	0	0	0
5efbbb8b96ca689b922525261052ea18	0	0	0	0	0	0	0	0	0	0	0	0	0	0	0	0	0	0	0	0	0	0	2	0	0	0	0
95d3a1650ca9a3aaae6b410cbd2213bb	0	0	0	0	0	0	0	0	0	0	0	0	0	2	0	0	0	0	0	0	0	0	0	0	0	0	0
5d5c9ff8df195bb169f77fd384d5fad1	0	0	0	0	0	0	0	0	0	0	0	2	0	0	0	0	0	0	0	0	0	0	0	0	0	0	0
c838a25b289dfd5b1148caa5d3e18a1b	0	0	0	0	0	0	0	0	0	0	0	0	0	0	0	0	0	0	0	0	0	0	0	2	0	0	0
2b4c83def8285f2b8bff81e05153cc35	0	0	0	0	0	0	0	0	0	0	0	0	0	0	0	0	0	0	0	0	0	0	0	0	2	0	0
f692ad1d2f0402a276b590d3cc0bedd8	0	0	0	0	0	0	0	0	0	0	0	0	0	0	0	0	0	0	0	0	0	0	0	0	2	0	0
d737a8a900ffdc1721155b302ab5d128	0	0	0	0	0	0	0	0	0	2	0	0	0	0	0	0	0	0	0	0	0	0	0	0	0	0	0
4023515bdee1f6662e63ee75d6eacf0f	0	0	2	0	0	0	0	0	0	0	0	0	0	0	0	0	0	0	0	0	0	0	0	0	0	0	0
b7aec515d51a4be88c70d708c90eef41	0	0	0	0	0	0	0	0	0	0	0	0	0	0	0	0	2	0	0	0	0	0	0	0	0	0	0
10232cc7d41088e880648e15659cd6f7	0	0	0	0	0	0	0	0	0	0	2	0	0	0	0	0	0	0	0	0	0	0	0	0	0	0	0
60e7a5ab2314fc754fb8d036bc8ee1e7	0	0	0	0	0	0	0	0	0	0	0	0	0	0	0	0	2	0	0	0	0	0	0	0	0	0	0
d348e97c88b1e0fa26512f6c1789936c	0	0	0	0	0	0	0	2	0	0	0	0	0	0	0	0	0	0	0	0	0	0	0	0	0	0	0
62928326302703e03485539e374e88f6	0	0	0	0	0	0	0	0	2	0	0	0	0	0	0	0	0	0	0	0	0	0	0	0	0	0	0
705dc5219b3dbab707fcb7a173a3e035	0	0	0	0	0	0	0	2	0	0	0	0	0	0	0	0	0	0	0	0	0	0	0	0	0	0	0
c9d314ac31d583c4477ecdf80962d9da	0	0	0	0	0	0	0	0	0	0	2	0	0	0	0	0	0	0	0	0	0	0	0	0	0	0	0
0907cce9be7b98fdc7b59d6a3f4d60f0	0	0	0	0	0	0	0	0	0	2	0	0	0	0	0	0	0	0	0	0	0	0	0	0	0	0	0
5b20d4a275e4123e803bfafd20d4a331	0	0	0	0	0	0	0	0	0	0	0	0	0	0	0	0	0	0	0	0	0	0	2	0	0	0	0
43cb7bcea52c9572be93668bc4b45205	0	0	0	0	0	0	0	0	0	0	2	0	0	0	0	0	0	0	0	0	0	0	0	0	0	0	0
c37e77d0b4ae5d081071b11150b6cdbb	0	0	0	0	0	0	0	0	0	0	0	2	0	0	0	0	0	0	0	0	0	0	0	0	0	0	0
5eefa2ce4b953b6c00c4ae89e5f2a06b	0	0	0	0	0	0	0	0	0	0	0	0	0	0	0	0	0	0	2	0	0	0	0	0	0	0	0
4dd1b2f5593698a54446a7ecd8a6c47c	2	0	0	0	0	0	0	0	0	0	0	0	0	0	0	0	0	0	0	0	0	0	0	0	0	0	0
74abeb0d3239efe7b907b2bce0fe5f66	0	0	0	0	0	0	0	2	0	0	0	0	0	0	0	0	0	0	0	0	0	0	0	0	0	0	0
74d26db46dec406218fcb4ffbee55456	2	0	0	0	0	0	0	0	0	0	0	0	0	0	0	0	0	0	0	0	0	0	0	0	0	0	0
d33a6481a4bce9dee9c6bb73ca535566	0	2	0	0	0	0	0	0	0	0	0	0	0	0	0	0	0	0	0	0	0	0	0	0	0	0	0
f9ea48dba7a940a8972c0d3bec9fa89f	0	0	0	0	0	0	0	0	0	0	0	0	0	0	0	0	0	0	0	0	0	0	0	0	0	0	2
eb396e4bcb96debb5dd1ea1a8b46e2fb	0	0	2	0	0	0	0	0	0	0	0	0	0	0	0	0	0	0	0	0	0	0	0	0	0	0	0
b604bc68b08f42d8a1a1497b9a832fcc	0	0	0	0	0	0	0	0	0	0	2	0	0	0	0	0	0	0	0	0	0	0	0	0	0	0	0
035d3d1e36bda18dbad169b02d656bac	0	0	0	0	0	0	0	0	0	0	0	0	0	0	0	0	0	0	0	0	2	0	0	0	0	0	0
f9308cb568242812f130875798aac88d	0	0	0	0	0	0	0	0	0	0	2	0	0	0	0	0	0	0	0	0	0	0	0	0	0	0	0
167ad4534ae6233a880175b276e9bec7	0	0	0	0	0	0	0	0	0	0	0	0	0	0	0	0	0	0	0	0	2	0	0	0	0	0	0
1c94ad97cc5b17876cc3ea0edf435dc0	2	0	0	0	0	0	0	0	0	0	0	0	0	0	0	0	0	0	0	0	0	0	0	0	0	0	0
faa16037fd6696671fafafabeef38504	0	0	0	0	0	0	0	0	0	0	0	0	0	0	0	0	0	0	0	0	0	0	0	0	0	0	2
8443d029691c0e935a32373c739e7e94	0	0	0	0	0	0	0	0	0	0	0	0	0	0	0	0	0	0	0	0	0	0	0	0	0	2	0
5833a30bab7cb8646ae7ca9d53d90795	0	0	0	0	0	0	0	0	0	0	0	0	0	0	0	0	0	0	0	0	0	0	0	0	0	2	0
e1a23c04babfb53d55d20f5e9c28dc2a	0	0	0	0	0	0	0	0	0	0	0	0	0	0	0	0	0	0	0	0	0	2	0	0	0	0	0
65a16c7bfbbbd48d14cf172eb712f7fc	0	0	0	0	0	0	0	0	0	0	0	0	0	0	0	2	0	0	0	0	0	0	0	0	0	0	0
5da32e051bdda695c26f4cc556c3aede	0	0	0	2	0	0	0	0	0	0	0	0	0	0	0	0	0	0	0	0	0	0	0	0	0	0	0
912c9a2daf2c42ff585833d25223a3a9	0	0	0	0	0	0	0	2	0	0	0	0	0	0	0	0	0	0	0	0	0	0	0	0	0	0	0
d8c96579895cc5fab3fc30478ac5dcdc	0	0	0	0	0	0	0	0	0	0	0	0	0	0	0	0	0	0	0	0	0	0	0	2	0	0	0
a80d732adb7f879eaeaf43db7ab380a0	0	0	0	0	0	0	0	0	0	0	0	0	0	0	0	0	0	0	0	2	0	0	0	0	0	0	0
0c69a008772826d6f574bb7a8a59d73d	0	0	0	0	0	0	0	0	0	0	0	0	0	2	0	0	0	0	0	0	0	0	0	0	0	0	0
bb37935c86f18017ed484f2a94142805	0	0	0	0	0	0	0	0	0	0	0	0	0	0	0	0	0	0	2	0	0	0	0	0	0	0	0
6212a01c2cba353f6791e376c38b15ca	0	0	0	0	0	0	0	0	0	0	0	0	0	0	2	0	0	0	0	0	0	0	0	0	0	0	0
472c5462d38f967d2ab6e1a0c7e9fcfe	0	0	0	0	0	0	0	0	0	0	0	0	0	0	0	0	0	0	0	0	0	2	0	0	0	0	0
2b5c633ba259221f882c4b7adb140a00	0	0	0	0	0	2	0	0	0	0	0	0	0	0	0	0	0	0	0	0	0	0	0	0	0	0	0
6fdd5e96761902db75f8f5b564a93cf7	0	0	0	0	0	0	0	0	0	0	0	0	0	0	0	0	0	0	0	0	0	0	0	0	2	0	0
96e9854c28ee20bfa3dee564a6445976	0	0	0	0	0	0	0	0	0	0	0	0	0	0	0	0	0	0	0	0	0	0	0	2	0	0	0
86731ceb80dd721141f4b324851e4aed	0	0	0	0	0	0	0	0	0	0	0	0	0	0	0	0	0	0	0	0	0	0	2	0	0	0	0
1cac62fd89717daf1a8e20f5f66c5fbd	0	0	0	0	0	0	0	0	0	0	0	0	0	0	0	0	0	0	0	0	0	0	0	0	2	0	0
c9acf7002749ad333284766c41fd2004	0	0	0	0	0	0	0	0	0	0	0	0	0	0	0	0	0	0	0	0	0	2	0	0	0	0	0
243440ea015c2216faba26951eb2a456	0	0	0	0	0	0	0	0	0	0	0	0	0	0	0	2	0	0	0	0	0	0	0	0	0	0	0
224d9d9526eaacbbf46af3769fbaf193	0	0	0	2	0	0	0	0	0	0	0	0	0	0	0	0	0	0	0	0	0	0	0	0	0	0	0
6596c549d4970920654634f7746b1b34	0	0	0	0	0	0	0	0	0	0	0	0	0	0	0	0	0	0	0	0	0	0	0	0	2	0	0
9c3c756b111ebe5a4ec85bddc70e004d	0	0	0	0	0	0	0	0	0	0	0	0	0	0	0	0	0	0	0	0	0	2	0	0	0	0	0
e74d68223cbc66a783303e3d56030559	0	0	0	0	0	0	0	0	0	0	0	0	0	0	0	0	0	0	0	0	0	0	0	2	0	0	0
e30a5ae7a534332f1b121b9c7ce1fbe0	0	0	2	0	0	0	0	0	0	0	0	0	0	0	0	0	0	0	0	0	0	0	0	0	0	0	0
3824e62c9d77f3b0f7ed4a32b77cc8b7	2	0	0	0	0	0	0	0	0	0	0	0	0	0	0	0	0	0	0	0	0	0	0	0	0	0	0
85ebbff71379c8e5cfa87cb301fd4901	2	0	0	0	0	0	0	0	0	0	0	0	0	0	0	0	0	0	0	0	0	0	0	0	0	0	0
9b7ea982156293045d5b3e0d19b08ca2	0	0	0	0	0	0	0	0	0	0	0	0	0	0	0	0	0	0	0	0	0	0	0	0	0	0	2
d0bf92c94861e4d4b4008be0259e1324	0	0	0	0	0	0	0	0	0	0	0	0	0	0	0	0	0	0	0	0	0	0	0	0	0	2	0
a18bb00c09cee11a688cfb7074200bd7	0	0	0	0	0	0	0	0	0	0	0	0	0	0	0	0	0	0	0	0	0	0	0	0	0	2	0
996a6e287db97ebc77f4e38332c16d18	0	0	0	0	0	0	0	0	0	0	0	0	0	0	0	0	0	0	0	2	0	0	0	0	0	0	0
bc3bf619e7012913cf9b3b2a5692e50f	0	0	0	0	0	0	0	0	0	0	0	0	0	0	0	0	0	0	0	0	0	0	0	0	0	0	2
242dcfad7211ba40558e924929382d0c	0	0	0	0	0	0	0	0	0	0	0	0	0	0	0	0	0	0	0	0	0	2	0	0	0	0	0
96acd73109395813e7a59335303f7188	0	0	0	0	0	0	0	0	0	0	0	0	0	0	0	0	0	0	0	0	0	0	0	0	2	0	0
1c8a34fb2fd65110f6f7fce47342cb37	0	0	0	0	0	0	0	0	0	0	0	0	0	0	2	0	0	0	0	0	0	0	0	0	0	0	0
57506aec8e93bb2e81667b2dfe819d5c	0	0	0	0	0	0	0	0	0	0	0	0	0	0	0	0	0	0	0	2	0	0	0	0	0	0	0
a27bdf0eaaf15aa0604626d54da5e284	0	0	0	0	0	0	0	2	0	0	0	0	0	0	0	0	0	0	0	0	0	0	0	0	0	0	0
5689a644d3cd65aa711339bcd16e71e4	0	0	0	0	0	0	0	0	0	0	0	0	0	0	0	0	0	0	0	0	0	0	0	0	0	0	2
435b217e81b631308383c55a54a368f1	0	0	0	0	0	0	2	0	0	0	0	0	0	0	0	0	0	0	0	0	0	0	0	0	0	0	0
2abdbc870e852f0db1e391dd14a02db6	0	0	0	0	0	0	0	0	0	0	0	0	0	0	0	0	0	0	0	0	0	0	0	0	0	0	2
ee053e8b3e8dfa3a0afd2b09bc1ae03c	0	0	0	0	0	0	0	0	0	0	0	0	0	0	0	0	0	0	0	0	0	0	2	0	0	0	0
8224a6eb875d5e7ef80dc58a61619126	0	0	0	0	0	0	0	0	0	0	0	0	2	0	0	0	0	0	0	0	0	0	0	0	0	0	0
cb55d1a4842e5e63438da662ed4f5e37	0	0	0	0	0	0	0	0	0	0	0	2	0	0	0	0	0	0	0	0	0	0	0	0	0	0	0
b86b54a9ec4bc7cf18ee4f4984dd355c	0	0	0	0	0	0	0	0	0	2	0	0	0	0	0	0	0	0	0	0	0	0	0	0	0	0	0
cd30330f2ac0ac1706dd408795246104	0	0	0	0	0	0	0	0	0	0	0	0	0	0	0	0	0	0	0	2	0	0	0	0	0	0	0
4bfdb4ace7ba1c1016848a43f5c10a14	0	0	0	0	0	0	2	0	0	0	0	0	0	0	0	0	0	0	0	0	0	0	0	0	0	0	0
be564175b46d138b776a930ba7deee08	0	0	0	0	0	0	0	0	0	0	0	0	0	0	0	0	0	2	0	0	0	0	0	0	0	0	0
87456a3c3f15ff89b26ca5649d05eb79	0	0	0	0	0	0	0	0	2	0	0	0	0	0	0	0	0	0	0	0	0	0	0	0	0	0	0
8ef372fb9979e9ff6cede575d9f87c2f	0	0	0	0	0	0	0	0	0	2	0	0	0	0	0	0	0	0	0	0	0	0	0	0	0	0	0
ba940a9d97ae5598b48bdc5f404e353e	0	0	0	0	0	0	0	0	0	0	0	0	0	0	0	0	0	0	0	0	0	0	2	0	0	0	0
20baa340a3eb43b70705c33096d8858e	0	0	0	0	0	0	0	0	0	0	0	0	0	0	0	0	0	0	0	0	0	0	0	0	0	0	2
ff27d9866fbe58c6e318a03495c9d92b	0	0	0	0	0	0	0	0	0	0	0	0	0	0	0	0	0	2	0	0	0	0	0	0	0	0	0
a3c86b825161a73564bcccd9d8c4e579	0	0	0	0	0	0	0	0	0	0	0	0	0	0	0	2	0	0	0	0	0	0	0	0	0	0	0
417c940ecdce017c7e6045db2338d33d	0	0	0	0	0	0	0	0	0	0	0	2	0	0	0	0	0	0	0	0	0	0	0	0	0	0	0
fe2b71e4ba9705546778295008c6fd7c	0	0	0	0	0	0	0	0	0	0	0	2	0	0	0	0	0	0	0	0	0	0	0	0	0	0	0
03e86fc54baee1a97839597b161472db	0	0	0	0	0	0	0	0	0	0	0	0	2	0	0	0	0	0	0	0	0	0	0	0	0	0	0
60cccfb328d1ba5a5a3def7a94be3580	0	0	0	0	0	0	0	0	0	0	0	0	0	0	0	2	0	0	0	0	0	0	0	0	0	0	0
f15c2f56722b207f9d3fd8277f0208e4	0	0	0	0	0	0	0	0	0	0	0	0	0	0	0	0	0	0	0	0	2	0	0	0	0	0	0
c6eed6c57d7bcfcc777ebaae88977fe7	0	0	0	2	0	0	0	0	0	0	0	0	0	0	0	0	0	0	0	0	0	0	0	0	0	0	0
e2758209d044a4ab5d12d463830e1e48	0	0	0	0	0	0	0	0	0	2	0	0	0	0	0	0	0	0	0	0	0	0	0	0	0	0	0
3a0af7031adc85c54eb438416ab68e23	0	0	0	0	0	2	0	0	0	0	0	0	0	0	0	0	0	0	0	0	0	0	0	0	0	0	0
71c136dfedda28d51843a9c879ade469	0	0	2	0	0	0	0	0	0	0	0	0	0	0	0	0	0	0	0	0	0	0	0	0	0	0	0
f22bdc78dab5cf55a31c699b8858cc91	0	0	0	0	0	0	0	0	0	0	0	2	0	0	0	0	0	0	0	0	0	0	0	0	0	0	0
7b0ab4fd9ba5bd2d17611a020dd0f0f8	0	0	0	0	0	0	0	0	0	2	0	0	0	0	0	0	0	0	0	0	0	0	0	0	0	0	0
4e1cbdbfefd6b9429521540024d68038	0	0	0	0	0	0	0	0	0	0	0	0	2	0	0	0	0	0	0	0	0	0	0	0	0	0	0
5552487c3164c2b7fca5400daf7f5b3f	0	0	0	0	0	0	0	0	0	0	0	2	0	0	0	0	0	0	0	0	0	0	0	0	0	0	0
f9ab373276c4c69f4217103e9b472666	0	0	0	0	0	0	0	0	0	0	0	0	0	0	0	0	0	2	0	0	0	0	0	0	0	0	0
0d989d155d117292c5198a2ac218a97f	0	0	0	0	0	0	0	0	0	2	0	0	0	0	0	0	0	0	0	0	0	0	0	0	0	0	0
a923014b9fd0a97e44b0cd57a45ceede	0	0	0	0	0	0	0	2	0	0	0	0	0	0	0	0	0	0	0	0	0	0	0	0	0	0	0
196f708ef182d747132035a3cbbed6e5	0	0	0	0	0	0	0	0	0	0	0	0	0	2	0	0	0	0	0	0	0	0	0	0	0	0	0
33cba75e546f9bd16b26a5b3f7ab26a4	0	0	0	2	0	0	0	0	0	0	0	0	0	0	0	0	0	0	0	0	0	0	0	0	0	0	0
17fab42ac1287631ae8921cd4e43ae72	0	0	0	0	0	0	0	0	0	0	0	0	0	0	0	0	0	0	0	0	0	2	0	0	0	0	0
b9569ff87441eef4f1815c532a350d30	0	0	0	0	0	0	0	0	0	0	0	0	0	0	0	0	0	0	0	0	0	0	0	0	0	2	0
789c74692bd76ccfbdd57ed20e7d3de1	0	0	0	0	0	2	0	0	0	0	0	0	0	0	0	0	0	0	0	0	0	0	0	0	0	0	0
4ac1db4026392b8630be343977d7bcb2	0	0	0	0	0	0	0	0	0	0	0	0	0	0	0	0	2	0	0	0	0	0	0	0	0	0	0
7333327a61dc11bc0976a7a2b96e43cf	0	0	0	0	0	0	0	0	0	0	0	0	0	0	0	0	0	0	0	0	0	0	0	2	0	0	0
5ad0a949bcd32264e173a168619ffafd	0	0	0	0	0	0	0	0	0	0	0	0	0	0	0	0	0	0	0	0	0	0	0	0	0	0	2
3ab7fa3335c9e13aa60170e5f1ea7a4a	0	0	0	0	0	0	0	0	0	0	0	0	0	0	0	0	0	0	0	0	0	0	2	0	0	0	0
9676ba4598acd90bca3f463140f4e251	0	0	0	0	0	0	0	0	0	0	0	0	0	0	0	0	0	0	0	0	0	0	0	0	2	0	0
043ae190ef165bc0763c9ed30483a71e	0	0	0	0	0	0	0	0	0	0	0	0	0	0	0	0	0	0	0	0	2	0	0	0	0	0	0
095e3a3fbd06e55aca7b1058d1bbf782	0	0	0	0	0	0	0	0	0	0	0	0	0	0	0	0	0	0	0	0	0	0	0	0	0	0	2
ac4ffe8f494b1c651aa808e4bb1667ca	0	0	0	0	0	0	0	0	0	0	0	0	0	0	2	0	0	0	0	0	0	0	0	0	0	0	0
914132818f590bb3567881f680184cbe	0	0	0	0	0	0	0	0	0	0	0	0	0	0	0	0	0	0	0	0	0	0	2	0	0	0	0
f11d7b4502ad00c79e20b3be561c886a	0	0	0	0	0	0	0	0	0	0	0	0	0	0	0	0	0	0	0	0	0	0	0	0	0	0	2
4967610e11964c667f329acd6a69c539	0	0	0	0	0	0	0	0	0	0	0	0	0	0	0	0	0	0	0	0	0	0	0	2	0	0	0
cd9556c6ec9e46bf06f08dd2a32c364d	0	0	0	0	0	0	0	0	0	0	0	2	0	0	0	0	0	0	0	0	0	0	0	0	0	0	0
8e3b63e869d01cced271c83e97b9e704	0	0	0	0	0	0	0	0	0	0	0	0	0	0	0	0	0	0	0	0	0	0	0	0	0	0	2
2829065049b0f2acfdb0b71544baa916	0	0	0	0	0	0	0	0	0	0	0	0	0	0	0	0	0	0	0	0	0	0	2	0	0	0	0
4080f83e94f8a4df6b33f69ea78f8fdd	0	0	0	0	0	0	0	0	0	0	0	0	0	0	0	0	0	0	0	0	0	0	0	0	0	2	0
a03d2b73ca37bdf6eb91db8080eaa515	0	0	0	0	0	2	0	0	0	0	0	0	0	0	0	0	0	0	0	0	0	0	0	0	0	0	0
e87023513cce8eadef8f471677362194	0	0	0	0	0	0	0	0	0	0	0	0	0	0	0	0	0	0	0	0	2	0	0	0	0	0	0
341b628d1dfb202dd3c35d59c6f77538	0	0	0	0	0	0	0	0	0	0	0	0	0	0	0	0	0	0	0	2	0	0	0	0	0	0	0
826e70f47d2f46d163a245e8f4603baa	0	0	0	0	0	2	0	0	0	0	0	0	0	0	0	0	0	0	0	0	0	0	0	0	0	0	0
62f612c3e276224b6d342ad832ac6267	0	0	0	0	0	0	0	0	0	0	0	0	0	2	0	0	0	0	0	0	0	0	0	0	0	0	0
83e57b3b2d15af909df20ecad62ab97b	0	0	0	0	2	0	0	0	0	0	0	0	0	0	0	0	0	0	0	0	0	0	0	0	0	0	0
c7572d34f76d4f12d04909a672af0cd1	0	0	0	0	0	0	0	0	0	0	0	0	0	0	0	2	0	0	0	0	0	0	0	0	0	0	0
18232bdab02a0aa6375f19814d4210a8	0	0	0	0	0	0	0	0	0	2	0	0	0	0	0	0	0	0	0	0	0	0	0	0	0	0	0
0004f9e2fe26685a8a52da0e4bf2d78c	0	0	0	0	0	0	0	0	0	0	0	0	0	0	0	0	0	0	0	0	0	0	0	0	2	0	0
68a30390c8b32234e8b5807a39fbd507	0	0	0	0	0	0	0	0	0	0	0	0	0	0	0	0	0	0	0	0	2	0	0	0	0	0	0
aed341a5d39ac9ce2bbdf0563dc3df60	0	0	0	0	0	0	0	0	0	0	0	0	0	0	0	0	0	0	0	0	0	0	0	0	0	2	0
b2f4a20c6377974e7b6408a1b9d9496b	0	0	0	0	0	0	0	0	0	0	0	0	0	0	0	0	0	0	0	0	0	0	0	0	2	0	0
aedaa049fc8673fb1000159000142e4e	0	0	0	0	0	0	0	0	0	0	0	0	0	0	0	0	0	0	2	0	0	0	0	0	0	0	0
b5a284990d96d67aa3bd17d93eff1cb8	0	0	0	0	0	0	0	0	0	0	0	0	0	0	0	0	0	0	0	0	0	0	0	0	0	0	2
12c3069aa3552d9b2ef4a657e46074cf	0	0	0	0	0	0	0	0	0	0	0	0	0	0	0	0	0	0	0	0	0	0	0	0	0	0	2
6e5bf88ee0df131e9178e54c00619f02	0	0	0	0	0	0	0	0	0	0	0	0	0	0	0	0	0	0	0	2	0	0	0	0	0	0	0
d13dff2f88d625a4c2308e0f4120d30e	0	0	0	0	0	2	0	0	0	0	0	0	0	0	0	0	0	0	0	0	0	0	0	0	0	0	0
bedc7fc27266d0a6af87419b57826c3a	0	0	0	0	0	0	0	0	0	0	0	0	0	2	0	0	0	0	0	0	0	0	0	0	0	0	0
1f03b870e566101e99021b26cec4e161	0	0	0	0	0	0	0	0	0	0	0	2	0	0	0	0	0	0	0	0	0	0	0	0	0	0	0
6d8ee8279fb19ed0ed62195c346a350f	0	0	0	0	0	0	0	0	0	0	0	0	0	0	0	0	0	0	0	0	0	0	0	0	2	0	0
74937b2974613085d653dcbf9d82ab46	0	0	0	0	0	0	0	0	0	0	0	0	0	0	0	0	0	0	0	0	2	0	0	0	0	0	0
ec990680e81e5062ff2a9eb1142f3980	0	0	0	0	0	0	0	2	0	0	0	0	0	0	0	0	0	0	0	0	0	0	0	0	0	0	0
84b402a351de8737c9f73cc9032ca452	0	0	0	0	0	0	0	0	0	0	0	0	0	0	0	0	2	0	0	0	0	0	0	0	0	0	0
dbdbc20efb4275452ab44e492033722a	0	0	0	0	0	0	0	0	0	0	0	0	0	0	0	0	0	0	0	0	0	0	0	0	0	2	0
bab85c629d5727c2850df7669b0182e1	0	0	0	0	0	0	0	0	0	0	0	0	0	0	0	0	0	0	0	0	0	0	2	0	0	0	0
5bd9b2af237e7cc7ac8980664a80963c	0	0	0	0	0	0	0	0	0	0	0	0	0	2	0	0	0	0	0	0	0	0	0	0	0	0	0
1cd55df9c816947be726f8a3d7daedc5	0	0	0	0	0	0	0	0	0	0	0	0	0	0	0	0	0	2	0	0	0	0	0	0	0	0	0
5a7b9cfc8e24a9ab2d1e88c935a14de3	0	0	0	0	0	0	0	0	0	0	0	0	0	0	0	0	0	0	0	2	0	0	0	0	0	0	0
dfe3070cc6a45156d8b8b85b3a61f76f	0	0	0	0	0	0	0	2	0	0	0	0	0	0	0	0	0	0	0	0	0	0	0	0	0	0	0
9d945b3d35debe2d42851c5e629ecaca	0	0	0	0	0	0	0	0	0	0	2	0	0	0	0	0	0	0	0	0	0	0	0	0	0	0	0
5852ce31a517416a948edb3cbff5d881	0	0	0	0	0	0	0	0	0	0	0	0	0	0	2	0	0	0	0	0	0	0	0	0	0	0	0
932ee50de51430ee9839ffd437306461	0	0	0	0	0	0	0	0	0	0	0	0	0	0	0	0	2	0	0	0	0	0	0	0	0	0	0
