ASV	WS_A_3	WS_A_6	WS_B_3	WS_C_3	WS_D_6	WS_E_3	WS_E_6	WS_F_3	WS_F_6	WS_G_6	WS_H_3	WS_I_3	WS_I_6	WS_A_9	WS_B_9	WS_C_9	WS_D_9	WS_E_9	WS_F_9	WS_G_9	WS_H_9	WS_I_9
4f6be2c712b856a61e84670060159606	460	13	0	796	1832	516	6100	909	7703	491	3840	37344	2225	13542	3859	250	459	127	6355	1456	25276	108
aa4b53e7ab6965a4ca77c6099a1ac1a2	97	7	0	108	8433	95	25366	565	3570	5949	93	332	4275	223	46	377	1650	773	1043	818	10	237
eee0d8aaf28044d4b967a9964cf3f4b9	3584	0	23	1287	2545	2967	2254	107	2497	245	12648	19625	5392	20	61	23	38	12	222	46	10	12
4b531bb48517bb754f2cc73630f170f5	24	0	48	1931	228	12	13	29785	555	5	17569	4	5	341	316	109	5	0	27	0	0	20
f97cd9fe500ba2669dd9025a90d3f911	13	0	87	45	4878	27	6513	105	3573	2685	29	166	4913	162	25	422	623	1576	94	709	154	830
12fb51bdced3037cba798b9c29b9934d	0	0	0	0	860	0	4190	0	239	0	0	0	757	136	0	330	165	7698	4185	1858	58	617
585389c3b05a65382cb731c8e47306d8	37	0	0	33	4041	63	3305	0	4489	419	416	1354	2158	0	13	0	0	0	21	0	4	0
4bb3924a5ab6ca67ef1a2c68acd8df01	0	0	0	0	0	0	0	0	0	85	0	0	722	2932	0	0	3402	2	140	2584	494	822
61d024603eab711d331509a6946899f8	11	0	0	0	79	11	4967	0	1659	621	26	50	288	2051	178	257	84	121	109	112	223	131
b1eba0fcd36fedb4872e207fdb039ce7	0	0	0	0	96	0	2066	0	90	473	0	6	770	167	230	375	547	4247	187	640	174	808
4f482a97c5cb1a08b3824f6e8ce731e7	0	0	0	0	0	0	0	0	0	0	0	0	0	0	0	7218	0	0	0	0	0	0
d6e234e76ddd235c373fe0afad296000	0	0	7	0	0	0	152	2865	0	0	6	0	2279	0	0	0	0	0	0	0	0	0
2e30e2fdb8f5fac8b67a95395cdcb2f5	0	0	4	0	0	2	819	0	659	106	0	16	181	105	71	806	106	2066	182	0	105	0
eae724673a2e39a806607632b9ea451c	0	0	0	0	0	0	35	0	0	23	0	0	0	73	1764	9	904	34	0	1871	0	84
26bcfa810699a3273562c96e0f7a6cc0	0	0	0	0	0	0	4755	0	0	0	0	0	0	0	0	0	0	0	0	0	0	0
6abcd2d57705f0d85e074af9e006751a	0	0	0	0	1465	0	542	0	1839	334	109	0	326	0	0	0	30	19	23	50	0	0
fb945678aeaa7c3f9291a90e5cf09639	0	0	0	0	76	0	417	0	485	0	0	0	3471	0	0	0	0	0	0	0	0	0
35be8c2237f5f9b5ddd3e1ebe8c9a161	994	0	0	180	14	706	0	35	50	0	1674	154	292	5	0	45	0	22	0	0	7	0
b9b187d56109c195813887d07b9db449	52	0	1971	25	94	73	0	134	308	0	4	1441	0	0	0	0	0	0	0	0	0	0
f52578b62d6bb52edf094776460ccce6	413	0	0	10	0	336	133	406	204	3	52	956	187	24	160	52	121	56	172	58	36	384
acb887a6b90f7676f22696494c6353ce	177	0	0	48	249	85	454	0	489	18	647	335	1002	0	0	0	0	0	55	0	0	0
5b609989636aa66a6001f9548f6fc123	0	6	0	0	322	0	44	0	1578	15	0	0	1330	0	0	68	0	0	0	0	0	39
793cc7950362aeb9b016e3f4d202edd7	1355	0	0	0	0	1180	0	18	46	0	31	462	0	0	0	0	0	0	0	0	0	0
9b537295b7a5372308187fb2a01807f0	14	0	1157	70	0	0	0	1420	0	0	35	277	12	0	0	0	0	0	0	0	0	0
7902948704e9f2c1646bf976511a3d45	79	0	45	213	182	70	297	353	251	32	80	209	378	31	16	26	159	32	39	116	23	101
ccbf08fd8358b65efa193e9cdbcffc92	359	0	68	103	0	392	26	488	0	15	123	1025	27	0	0	0	0	0	0	0	0	0
97297518574a421782aaa957d916d231	176	0	0	11	69	163	139	24	416	32	97	36	222	62	47	52	88	42	108	187	9	278
0dba00a6875440be28f1dea96fd9db96	0	0	0	232	0	0	0	203	0	0	358	1313	0	0	0	0	0	0	0	0	0	0
c9d17824670af9607e5d64094bca3a49	481	0	287	142	19	409	14	107	152	0	32	221	58	0	0	11	0	0	0	36	0	20
76373cf22e3637175339191c784fcc1e	0	0	0	0	309	0	985	0	0	117	115	0	54	46	122	118	21	0	0	0	40	55
d32802972936d3d431c32bc96047501f	0	0	0	0	587	0	28	0	1033	0	0	0	66	58	0	0	0	0	43	33	57	0
f5b5e56300c25d417240199c4a12d132	10	0	1727	48	0	6	23	0	10	0	0	17	46	0	0	0	0	0	0	0	0	0
564abc0948938adda161516c1c944daa	398	0	635	54	21	390	6	42	40	0	4	154	17	13	17	9	14	0	9	0	0	8
33c28042aa83d0ee6e8694263aaf68d0	0	0	28	5	234	0	295	65	319	118	7	39	611	0	0	12	0	0	0	0	0	21
cdb7a57f669eb894e31b03afd3772507	90	0	0	122	160	102	39	58	354	40	556	81	131	0	0	0	0	0	0	0	0	0
775c7b37aa831df0ade4a40d9b8e2a89	44	0	11	25	290	39	249	0	599	9	248	30	111	0	0	0	13	0	8	0	0	0
6a63fbd096249d85d680f84ad8c15ea6	60	0	0	85	74	58	179	9	61	8	236	222	630	0	0	0	0	0	0	9	0	0
61050d5acb159ed03741897d25ab1bba	0	0	0	0	54	0	13	0	1422	0	3	29	88	0	19	0	0	0	0	0	0	0
b5885dbdafa09c958d80a79ff2aac810	0	0	0	0	74	0	668	0	218	134	0	0	497	0	0	0	8	0	23	0	0	0
44ba96d8c1d46936197a88fc095ec044	864	0	16	0	0	694	0	0	0	0	0	32	0	0	0	0	0	0	0	0	0	0
ddda249df947453e7e0de9b6c89cd7c0	0	0	0	0	84	0	213	0	660	181	0	0	182	11	0	31	0	0	99	0	0	99
7113161306e451a9e73f52b6063b56b7	582	0	95	62	0	600	0	20	0	0	7	7	0	0	0	0	0	0	0	0	0	0
eabccabc3578def8ae901d01bc053d2c	0	0	0	43	80	24	59	0	226	0	581	171	121	8	0	0	0	0	32	0	0	0
390dda6905671ced2a52113c157a019d	425	0	87	55	0	339	9	318	5	0	69	38	0	0	0	0	0	0	0	0	0	0
230d01818864511a3a1940c1b25352d2	241	0	619	0	0	134	12	127	33	0	0	101	21	0	16	0	0	9	0	0	0	30
bdca94b6bea8d4c2ee8b0522bb2139ab	0	0	0	0	1274	0	0	0	0	0	0	0	0	0	0	0	0	0	0	0	0	0
5f56c618a8e5632caa06b385eb952961	4	0	0	0	53	4	158	0	34	0	924	5	0	0	26	3	0	0	0	35	0	11
33d3e1c0239c88dccae457ccc86baff2	52	0	8	51	52	31	64	0	113	18	220	191	227	12	17	55	19	9	0	51	8	36
267ef75dbcd958ae5bff81c3bf49e979	0	0	0	0	39	0	154	0	84	39	0	0	21	207	136	25	34	44	108	80	32	183
8dd3ad23ba87543619d8d2717525dfe8	0	0	0	0	319	0	270	0	199	51	0	0	208	0	0	0	0	61	0	31	0	0
c9e392495ce4479cf93676654f6c76fe	611	0	0	0	0	488	0	16	0	0	0	0	0	0	0	0	0	0	0	0	0	0
eee3f682e4a4a2cfe259cedb64840e5d	0	0	0	0	0	0	0	0	0	0	0	0	0	283	173	0	0	0	155	41	459	0
58490c06fdba9d067208579ebfe20ed8	0	0	0	0	195	0	261	0	192	108	0	0	220	0	0	0	0	71	0	31	0	0
5ff21cc4d35444edc3b53f9d7db8dca1	0	0	0	0	0	0	140	0	144	0	0	0	92	61	101	33	128	33	34	134	23	143
06cd53a450c53873d575d2eaa59a9b68	0	0	0	0	0	0	28	0	0	0	0	0	0	80	17	0	288	79	44	349	106	69
a29b203213aabc4a14219594aade14f3	0	0	0	0	0	0	55	0	34	32	0	0	10	0	488	49	10	0	0	0	19	345
78fef025a72cc2e1197a7f8c26614818	14	0	0	0	61	12	130	0	214	33	0	0	315	7	38	37	8	8	6	128	0	29
b6fdd9425922b6af4320f896a73eebb0	531	0	0	0	0	490	0	0	0	0	0	0	0	0	0	0	8	0	0	0	0	0
f146f2eebf81ef58766a9930ed95caeb	38	0	0	53	65	34	0	552	11	29	53	103	25	0	0	9	0	3	10	0	0	34
b08e16284f6df97174fc3a82cdc1e4ed	111	0	0	155	0	93	0	617	9	0	11	0	0	0	0	0	0	0	15	0	0	0
aae1f2a7fff7bc091d9bb0eed1ef5379	74	0	0	39	0	90	5	433	0	0	122	216	0	0	0	0	0	0	0	0	0	0
d7f9f7ea9999d826f2ad64a0cb5a20e2	0	0	0	0	0	0	42	0	0	0	0	0	0	34	521	0	0	153	178	14	0	8
53b24dc2fa1f4f28e73ba10af8857f06	0	0	0	0	0	0	163	0	0	0	0	0	25	0	19	17	64	406	0	52	18	145
47715f425f88a8a6690bbadba959f43b	297	0	0	17	0	254	0	47	0	0	29	251	0	0	0	0	0	0	3	0	0	0
fd7ae497a98ad8a0fc7a577ab6e3b360	76	0	0	0	0	128	0	0	0	0	20	654	0	0	0	0	0	0	0	0	0	0
c3df3d4c64d9f5c5f63586cdde90fdf3	0	0	0	0	32	0	0	0	807	5	0	0	20	0	0	0	0	0	0	0	0	0
1499561d48bdc3650c9050b772918771	0	0	0	0	91	0	96	22	66	15	36	242	0	91	28	0	0	0	42	22	112	0
c576b0997076d293bc427a48cefb6fcd	15	0	0	20	90	0	254	18	87	111	30	21	152	0	0	15	11	27	0	0	0	8
cd7566def84a3bfa28a5d3068c2e536a	23	0	0	0	53	24	49	0	72	0	397	107	112	0	0	0	0	0	0	0	0	0
2423393b0e504c238656a658012b9834	136	0	0	75	0	151	17	182	0	24	138	40	45	5	3	3	0	0	0	5	0	8
35a60ba843f5ede05de0ab535c7d8fc2	138	0	0	127	29	58	46	69	169	0	58	69	22	5	3	0	0	0	23	0	0	5
c0db71c5481b4d6413cf044d5b99be11	0	0	821	0	0	0	0	0	0	0	0	0	0	0	0	0	0	0	0	0	0	0
cb754b425f00c8d1a9ba6224fee122ac	69	0	0	0	25	99	122	39	126	0	0	39	13	0	0	90	95	13	18	4	0	60
40ac050a9689359edd586ed8d40310f6	0	0	7	0	244	0	90	0	166	0	0	104	111	0	0	11	29	1	6	24	0	19
fb0d7ff5133b5428069fc1d6e1ba8ce6	0	0	0	0	0	0	65	0	0	0	273	332	133	0	0	0	0	0	0	0	0	0
cb135b21169c0e495ca330c060ed2fc9	0	0	0	0	0	0	21	0	0	0	0	0	9	49	20	23	121	41	398	49	4	61
e40a3540c8b6219529f1d7b8d6f40f6a	0	0	0	0	253	0	157	0	108	88	0	0	185	0	0	0	0	0	0	0	0	0
4291a1d277d62e73ace465ef8fb36c6f	0	0	15	8	0	0	169	0	111	108	0	0	362	0	0	0	0	0	0	0	0	0
c749b183ea5b388ea975172b8caa29d2	0	0	404	0	0	0	0	240	0	0	0	77	0	0	0	0	0	0	0	0	0	0
2c66110972c1ca43e4258f255b66829c	0	0	0	0	93	0	209	0	141	104	0	0	171	0	0	0	0	0	0	0	0	0
3bdffc17d1e566c53b7a68b1b12080b5	0	0	0	0	32	0	41	0	354	148	0	0	48	0	0	0	0	0	43	0	0	38
d466c0a68d022c8b4a8efc06806680b8	123	0	111	0	14	157	10	20	22	0	3	67	8	7	71	4	19	6	11	0	0	23
4908860ec5698faf7d674e649045fca3	0	0	0	0	0	0	60	0	65	0	0	0	0	21	19	26	155	21	14	170	12	101
2a7952a38ff4c82408b336662d73a41a	0	0	0	0	0	38	0	262	53	0	0	0	15	0	0	0	0	0	0	0	0	291
86348a411b7d4301bc143ac3dbf90e9e	0	0	0	0	155	0	119	0	183	101	0	0	91	0	0	0	0	0	0	0	0	0
b0478dfc634fa9ac8a9b80022d07f21a	0	0	0	0	92	0	221	0	120	86	0	0	120	0	0	0	0	0	0	0	0	0
a1fe84b646ff8f4b13ce2804dcad5c15	0	0	0	0	29	0	49	0	63	23	22	36	368	8	0	0	0	0	0	13	26	0
f5dd1aba7d4c457c6e96903872717237	118	0	0	63	28	61	52	0	0	0	131	50	84	0	0	9	0	0	0	5	0	30
e78ff40e770af782b4e28a6d60f2f5ae	0	0	0	0	0	0	0	0	0	0	0	0	0	208	0	0	0	0	0	0	416	0
95b6f4d938d4adfa230dc514b43eda3f	0	0	0	0	0	0	0	0	0	0	0	0	0	67	234	89	173	0	18	4	0	19
b66f18fc4961a501e1b1bbf43d519362	14	0	0	0	0	7	0	63	0	0	0	519	0	0	0	0	0	0	0	0	0	0
f0f6beb26af0084aad027e4811868528	0	0	0	0	0	0	0	0	0	0	0	0	0	59	108	0	90	0	12	0	0	331
6ef916712714691608f37f2d7128eb0a	0	0	0	0	0	0	162	0	34	21	0	0	44	25	19	29	26	31	5	59	51	86
5b33bdb58a920df508ae0135cefa83db	165	0	0	14	0	171	11	74	8	0	3	42	27	0	15	16	4	0	0	0	0	37
f3be943b6528cce6ed323607418f8164	172	0	0	0	0	193	0	2	0	0	3	24	171	0	0	0	0	0	0	0	0	21
bf3d805b69b04b7c8c9aa33ba86d47fa	191	0	3	61	0	205	0	92	0	0	13	0	0	0	0	0	0	0	0	0	0	0
65112c8e668894cde7655aac862e2f2b	0	0	0	0	0	0	0	0	0	0	0	0	0	256	102	0	0	0	80	0	108	0
9b4dda69ec2695f70dcdc9e5068cb437	199	0	8	52	0	190	0	12	0	0	47	36	0	0	0	0	0	0	0	0	0	0
9d115731efa19d8933d27abdb6f46e75	0	0	118	0	0	0	0	0	0	0	0	0	275	0	32	0	0	59	0	0	0	48
e524cdc82d2af9c72158e469c86ddc7a	0	0	0	0	93	0	23	0	113	79	0	0	100	5	0	47	6	3	12	12	9	28
298878639862fd53081ec5e90aadce0c	0	0	0	0	0	0	0	0	81	0	0	439	0	0	0	0	0	0	0	0	0	0
df435769d4876d1be85d3498653caa52	66	0	0	0	0	41	31	6	138	0	0	71	15	34	42	0	25	6	8	16	0	20
068f389d1e9465389e86dc523dc9287f	0	0	0	0	0	0	0	38	0	0	0	0	0	111	57	0	313	0	0	0	0	0
fc8b7081c96f9a34e9d331f5512d2d3a	0	0	0	0	93	0	398	0	0	0	0	0	22	0	0	0	0	0	0	0	0	0
7aaacf824aeab4c5f6cf1b12baf8561f	0	0	0	0	102	0	328	0	0	82	0	0	0	0	0	0	0	0	0	0	0	0
f143ece3a4b69f011af5efec4281e464	0	0	0	0	0	0	8	0	0	487	0	0	0	0	0	0	0	0	0	0	0	0
2e9530425be434d0a8527c42b63df73a	6	0	31	0	19	12	134	0	32	46	2	26	63	6	19	25	0	26	0	20	7	0
b234f72ce00e553c4b26caa33f9f333c	28	0	0	0	45	12	122	0	147	0	0	27	19	0	0	0	0	0	36	34	0	0
8250b3eef02703511701ace91acf68ca	0	0	0	0	0	0	0	0	0	0	167	234	69	0	0	0	0	0	0	0	0	0
09f784d7d69d1b3ec2face242d961842	0	0	0	0	0	0	0	0	0	0	0	0	0	142	98	0	0	0	90	0	128	0
7deef1b234f5f0fc3f5b11bf58896e8e	156	0	0	37	0	170	0	0	0	0	63	29	0	0	0	0	0	0	0	0	0	0
0c8c17701023a47f42d24fc6e19593d8	71	0	0	0	0	55	0	0	88	0	80	120	33	0	0	0	0	0	0	0	0	0
cedf14c9f0291a49afaf72e6eabee607	11	0	0	0	0	8	0	139	232	0	4	15	28	0	0	0	0	0	0	0	0	0
eb1b53437bbcb7145978964fb97b82ca	56	0	0	16	0	103	0	19	0	0	0	216	0	0	13	0	0	0	8	6	0	0
ce3900450129083a186f20ae27c775f0	0	0	0	0	0	0	0	0	0	0	0	0	0	194	78	0	0	0	88	0	75	0
f59aa5075e131781a04aeac5fd350574	108	0	85	15	0	213	0	0	0	0	0	10	0	0	0	0	0	0	0	0	0	0
07bbf5e69683f234672a506cc7971075	0	0	0	0	0	0	177	0	0	0	0	0	0	20	0	91	64	17	0	32	0	30
3d184f93cb4166b3c49f2208d37a8806	0	0	0	0	0	0	125	93	0	0	66	0	144	0	0	0	0	0	0	0	0	0
8ad553decd8d15c2a813f8f979332391	0	0	0	0	56	0	151	0	37	0	0	0	0	0	0	30	0	21	28	29	0	31
2d737719bbe2d7c6d64bc94743883bb1	0	0	0	0	90	0	286	0	0	0	0	0	0	0	0	0	0	0	0	0	0	0
c90a3d463450f38cef6c1767c72a3d2f	0	0	0	0	97	0	0	0	0	82	0	0	191	0	0	0	0	0	0	0	0	0
bd9f952b633fbaa0a7076a32cdcc64d1	0	0	0	0	0	0	18	0	0	0	0	0	18	7	77	23	10	4	10	30	9	144
8d99358c2941b9f1a4763d2b34ae03fd	0	0	0	0	0	0	0	178	0	0	0	0	161	0	0	0	0	0	0	0	0	0
d6009ceea56bcb050dd76da5e7afd2eb	0	0	0	0	60	0	183	0	24	33	0	0	39	0	0	0	0	0	0	0	0	0
b8a2cd96795add51ed715344ddb56f1a	143	0	0	0	4	164	0	15	0	0	0	5	0	0	0	0	0	0	0	0	0	0
0a5d266035d1d5e637ae4f6c83a21f95	0	0	0	0	0	0	0	178	0	0	0	0	147	0	0	0	0	0	0	0	0	0
23477c5405ac4e36ce3c2e98a64358e2	86	0	0	37	18	79	13	30	16	0	9	23	7	0	0	4	0	0	0	0	0	0
2d921fdbb29f2fb503a9ebb59522ebd1	0	0	0	0	0	0	209	0	41	71	0	0	0	0	0	0	0	0	0	0	0	0
10be6d645a68a511655a1284e22788c0	117	0	25	0	16	157	2	0	0	0	0	0	0	0	0	0	3	0	0	0	0	0
fbfd96e451298d273a8d0a47494a911e	56	0	91	0	0	80	0	92	0	0	0	0	0	0	0	0	0	0	0	0	0	0
40c3c73682738ea06b44bfa52330f20a	0	0	0	0	39	0	36	0	94	36	30	38	45	0	0	0	0	0	0	0	0	0
a77cb0a07450a8203dd11d544504322e	41	0	56	17	0	52	16	46	0	0	69	0	18	0	0	0	0	0	0	0	0	0
fae1597729038425c51240c8b2dc4c2c	0	0	0	0	7	0	56	0	12	0	0	0	6	15	0	0	36	32	29	98	0	20
8ac6a451edb5af03cb6fb6fd7b92d654	19	0	0	0	0	7	0	97	0	0	114	73	0	0	0	0	0	0	0	0	0	0
1285d82aaf386c92fc7211892ba4e8f5	70	0	20	29	0	73	0	44	0	0	0	70	0	0	0	0	0	0	0	0	0	0
91682471dc9819b336e89450ea86b2b5	11	0	0	0	0	0	0	0	0	0	229	58	0	0	0	0	0	0	0	0	0	0
ae7e3ce934f967f0c503d1d80a43c6cf	0	0	0	0	0	0	35	0	0	0	0	0	0	0	25	44	0	128	37	0	0	29
8d380785087977598d5d05a460b7c505	0	0	0	0	0	17	73	0	59	0	31	38	76	0	0	0	0	0	0	0	0	0
245ecf8546c80ff6bddd8671951bf4c8	0	0	0	0	84	0	108	0	0	25	0	0	53	0	0	9	0	0	0	14	0	0
261b5cea090070e6ba0b6cd0808bb53a	0	0	0	0	0	0	0	0	0	0	0	0	0	67	29	103	19	0	0	0	0	74
968196ed15bdae54bc59afd7c5ff0192	109	0	0	10	12	57	25	0	0	0	18	51	0	0	0	0	0	0	0	0	0	0
ed1a43eeb73b5c6c20d74b82f85600b3	36	0	59	0	0	29	6	14	21	0	5	53	11	0	18	0	15	0	0	0	0	10
eb2df112da77fd8fa68dfa948c964712	0	0	0	0	0	0	0	0	0	0	0	0	0	0	0	276	0	0	0	0	0	0
a452973351e79c947443e3ddda2caa4c	15	0	3	9	22	6	0	14	23	20	14	10	0	0	0	4	30	56	8	22	0	14
c6002746df9c595c025d6d1bf7e9c988	0	0	0	0	37	0	0	0	11	0	204	0	15	0	0	0	0	0	0	0	0	0
a11ba7a8a1e04d328f9c9ca591f05a55	0	0	0	0	115	0	54	0	0	0	0	0	96	0	0	0	0	0	0	0	0	0
8a40f53ed5500714bcf6cb1b51243acb	0	0	0	0	0	0	211	0	0	0	0	0	52	0	0	0	0	0	0	0	0	0
a32054e7467319099943f066599d11f2	0	0	0	0	49	0	36	0	0	1	0	0	33	11	0	4	36	68	6	0	0	18
d4d8486645e0570fc17cc89bcb99dae5	0	0	0	0	0	0	34	0	0	13	0	0	0	33	0	0	33	13	101	20	0	14
eb6c5d9e1221b355d08ea9ef7a67c10e	0	0	0	0	6	0	0	0	12	0	0	0	7	0	73	96	0	0	5	5	0	53
5c27a470a0be8e3c56f41cad35c5cb83	0	0	0	0	0	0	13	5	11	52	0	0	16	0	0	0	131	0	0	13	16	0
fae30a6428b0f304225519da67dc301e	0	0	0	0	0	0	33	0	0	0	0	190	34	0	0	0	0	0	0	0	0	0
7545e1e3c130e7a3207b006794b3a7af	10	0	0	10	17	13	0	0	31	0	43	11	118	0	0	0	0	0	0	0	0	0
c406894d470e1b6574ac7cb1a95c3365	59	0	2	53	0	62	0	0	0	0	75	0	0	0	0	0	0	0	0	0	0	0
df929fe6126017412812cfd9ca4c8fc3	0	0	0	0	7	0	0	0	0	0	0	0	7	0	0	7	104	0	0	45	0	78
63774dc4b162b15e65014991e0e57619	0	0	0	0	29	0	12	0	77	0	0	0	12	10	22	12	6	0	5	8	6	49
e6f774772f8e814071a4221e59af7dfc	0	0	0	0	0	0	0	0	0	0	0	0	0	74	78	0	0	0	0	0	90	0
eb8fdcccdfadb5f93348444d54fdec2e	24	0	21	20	0	49	0	38	0	0	35	52	0	0	0	0	0	0	0	0	0	0
7d91ecdfcb42df63d737bfd2a1059e75	0	0	0	0	5	0	122	0	32	0	0	26	39	0	0	9	0	0	0	0	0	0
064f864d5b89d599e05859623c75fdb3	0	0	0	16	0	0	16	0	0	0	0	13	104	83	0	0	0	0	0	0	0	0
1edd0148bee11d5af2118b764e49482e	0	0	0	0	0	0	0	0	0	0	168	62	0	0	0	0	0	0	0	0	0	0
e3917077968abc84ce2881527458d4c4	130	0	0	0	0	98	0	0	0	0	0	0	0	0	0	0	0	0	0	0	0	0
11cc6c775904cce502db947e36937420	0	0	0	0	0	0	0	0	0	0	0	0	0	63	79	0	0	0	0	35	50	0
1bdb1b131daf47ca66c88ff8605bee5f	0	0	0	0	108	0	0	0	116	0	0	0	0	0	0	0	0	0	0	0	0	0
955bc8f3b45424cd688c554937d4c2fc	0	0	0	0	0	0	29	0	11	53	0	0	0	0	15	0	39	13	0	63	0	0
a59efcd629e5c227cb922d7ed88dd62a	0	0	0	0	39	0	0	0	0	0	149	0	0	0	0	0	0	0	34	0	0	0
15103c5c3485d36dbf026f7a6586b2db	0	0	0	0	31	0	26	0	22	0	0	0	14	27	3	14	0	0	20	11	5	45
4ba6442b8a088096fbe36cb1e7a873fa	0	0	33	0	98	8	19	0	23	0	15	0	21	0	0	0	0	0	0	0	0	0
90617b811d1b35c52ad6811215f6f7c8	0	0	0	0	25	0	0	0	40	0	0	0	88	0	0	11	0	0	0	52	0	0
f595b71d4ab4cb0209b8788b82fc5c60	0	0	0	0	49	0	32	0	0	31	0	0	83	0	0	0	0	0	0	21	0	0
6761e3cc11a71f84296f806dfa6d8006	31	0	0	0	0	21	0	0	0	0	48	116	0	0	0	0	0	0	0	0	0	0
957d1e7eadaaa74d1ab34114505714e8	0	0	0	0	0	0	0	0	0	0	0	0	0	23	53	4	4	0	87	15	27	2
05f956bd114af89b391e013d9fd51a19	107	0	0	7	0	73	0	0	0	0	9	17	0	0	0	0	0	0	0	0	0	0
a9e432a1bc67f70de5d3ab42dec6c78e	52	0	0	3	0	32	0	30	0	41	18	0	0	0	0	0	0	0	0	31	0	0
f226e143165b31a84d93a9dd84480108	0	0	0	0	0	0	0	0	0	0	0	0	0	59	0	0	0	0	33	0	114	0
e301822643c3224e4a63e295f40e730f	0	0	0	0	0	0	0	0	0	0	0	0	0	0	0	205	0	0	0	0	0	0
54f42f1d216501611060ecb554cd6ef0	0	0	0	0	204	0	0	0	0	0	0	0	0	0	0	0	0	0	0	0	0	0
c066badb72f9adaf00ef8c5e75cc0448	0	0	0	0	0	0	0	0	0	0	43	0	153	0	0	0	0	0	0	0	0	0
9005097ebba52f4752f75e58d91c4471	0	0	0	0	0	0	0	0	0	0	0	0	195	0	0	0	0	0	0	0	0	0
c1aef9122bca741afddb36c3b0689bc6	0	0	0	0	0	0	8	0	0	19	0	0	27	25	27	6	17	18	0	25	0	23
613d11944836cb12a0c673a00d08f5b0	0	0	0	0	0	0	60	37	0	25	0	53	0	0	0	19	0	0	0	0	0	0
81ab0a63c5d7771a4e57fa6038917454	0	0	0	16	0	19	0	13	55	0	0	54	20	3	0	0	0	0	12	0	0	0
7146cb4d51d1cabe5f7a47522e757158	0	0	0	0	0	0	3	0	0	0	0	0	0	11	7	21	82	8	44	10	5	0
30e4bed9fe218957f41ccaec1c5de0fb	0	0	10	0	0	0	0	0	0	0	127	52	0	0	0	0	0	0	0	0	0	0
39c9bf6b1b0e7af5adef281dcb12537f	41	0	37	14	0	34	16	0	0	7	0	24	10	0	0	0	0	0	0	0	0	6
83cde6e2d75e244abb4cd968aea2799a	81	0	0	0	0	19	7	21	0	0	0	61	0	0	0	0	0	0	0	0	0	0
60969a489b6d203881345b7f191a6b91	6	0	0	4	0	8	4	0	0	0	13	31	122	0	0	0	0	0	0	0	0	0
e0d1893f46fcacd8b94ca446ccee60f3	0	0	0	0	0	0	0	0	0	0	0	6	6	6	0	41	0	0	9	21	39	58
602ab5f55870b4c79b952ce950e2980f	16	0	0	0	0	18	0	0	10	0	0	30	111	0	0	0	0	0	0	0	0	0
4ee497cac87ad5a34b4b2413cf63e127	0	0	0	0	0	0	0	0	0	0	0	0	0	18	0	0	49	0	10	24	41	42
7a73c250ea3dab7d99619e333682057f	0	0	0	0	0	0	0	0	0	3	0	0	181	0	0	0	0	0	0	0	0	0
24c44c48363d09d6d7977a11795b3b06	0	0	0	0	0	0	0	62	0	0	118	0	0	0	0	0	0	0	0	0	0	0
e02384a392d0ba77138b6afc94e83354	0	0	0	0	0	29	0	0	25	0	42	84	0	0	0	0	0	0	0	0	0	0
9a4cbc74031efd4487029defb8def1d0	30	0	0	0	0	23	27	49	0	0	3	19	23	0	0	0	0	0	0	0	0	5
6bd503ebc9ac75eb5ea8711069ef03f3	0	0	0	0	0	0	0	0	0	0	0	0	0	19	43	0	0	0	89	12	16	0
443090d59cb536a1468df473313b597e	0	0	0	0	0	0	0	0	0	0	54	0	120	0	0	0	0	0	0	0	0	0
7155c650e124fc10328d8f6d4fde555f	0	0	0	0	23	0	0	0	6	0	0	0	48	0	0	35	0	0	0	0	0	59
d364ddfa83452bf28446928849224c21	45	0	0	0	0	30	0	34	0	0	0	59	0	0	0	0	0	0	0	0	0	0
f33d9c0ef7de087e8d9d6e78bb80302a	59	0	0	0	0	37	0	25	0	0	16	30	0	0	0	0	0	0	0	0	0	0
17d224cdd06ece776f3b3a0ce507e00e	0	0	0	0	0	0	0	0	0	0	0	0	0	74	0	0	0	0	91	0	0	0
d1c740d0de069cc9b3ea9c31c8eba74e	21	0	0	0	0	26	34	0	0	0	11	40	12	0	0	0	0	0	0	19	0	0
0342c29b0a2a2110cd9f91a0ef05c84e	0	0	0	0	0	0	0	0	0	0	0	0	0	0	0	23	0	118	0	0	0	22
90d0ab09c0cb4820fa743f39cc13b781	0	0	0	0	0	0	160	0	0	0	0	0	0	0	0	0	0	0	0	0	0	0
b6a3f7079473a201ef82a841d8c4aace	27	0	0	0	8	44	0	0	25	0	12	21	0	0	0	0	0	0	22	0	0	0
c1a214750d4f70c5b3eaad99fa8bf63d	0	0	0	0	0	0	8	0	27	0	8	0	6	6	6	0	0	0	15	6	45	32
48e6d4acee78da78d663cbc1e38818ab	0	0	0	0	93	0	0	55	0	0	9	0	0	0	0	0	0	0	0	0	0	0
5b0e3cc89b9de3dd009968cb12d6b553	28	0	0	0	0	23	0	12	11	0	0	53	0	0	0	0	18	0	0	0	0	12
b4a05a6c031b80937027725c77bc5f9f	14	0	0	0	0	0	21	0	26	0	0	66	27	0	0	0	0	0	0	0	0	0
6759139b37207cfdbf34dc1b5a6d3661	0	0	0	0	0	0	26	0	0	0	0	0	11	6	23	52	0	0	0	5	15	15
f86f496b40a34825aa3a2b37f9a4fe8f	0	0	0	0	0	0	0	0	0	0	0	0	0	0	0	0	0	0	0	0	152	0
208f865c5220574a91a1597ae8f9efe4	62	0	0	0	14	0	42	0	0	0	0	34	0	0	0	0	0	0	0	0	0	0
074135824b825760c90d1f354e5e983f	0	0	0	0	0	0	0	0	0	0	0	0	0	0	14	0	0	0	22	36	79	0
8866915da579aa7e4c740e1454c4a844	13	0	0	0	9	41	0	0	42	0	0	0	17	0	0	0	0	0	22	6	0	0
c9c4eab34f2111bc4a60f37f38bca489	0	0	0	0	30	0	5	0	0	0	0	0	0	0	6	62	0	0	0	0	0	47
8d100233369c9cd4e5f11c372710e1a0	0	0	0	0	0	0	0	0	119	0	12	0	7	0	0	0	0	0	11	0	0	0
f6be61ae3c9ccada1ee11b1fd4704b2b	69	0	0	0	0	47	0	3	0	0	26	4	0	0	0	0	0	0	0	0	0	0
4614e57c7f1bd28a310080ab23f17629	54	0	0	0	0	53	0	0	0	0	0	41	0	0	0	0	0	0	0	0	0	0
4d3f6807d123f7d12a47eec541e018e1	0	0	0	0	5	0	11	12	5	0	0	0	22	0	0	0	0	0	0	28	64	0
a937429af79c2e6bee51e8113804787a	38	0	0	0	0	0	0	28	0	0	0	81	0	0	0	0	0	0	0	0	0	0
f96ae20e9429463ab1b598dbf31276df	0	0	0	0	0	0	0	0	0	0	0	0	0	0	0	0	0	147	0	0	0	0
ffd20f4c83bae60aa5dfb5937e5fe04c	0	0	0	0	0	0	23	0	0	0	0	0	0	76	0	14	0	0	30	0	0	0
83679d544ffbafbf379ff5c974ec7728	0	0	0	0	0	0	100	0	0	0	0	0	0	0	0	0	0	0	0	0	0	41
b1c4bece8a47a6425e2aa86178177423	0	0	0	0	0	0	139	0	0	0	0	0	0	0	0	0	0	0	0	0	0	0
05e85e0ccb2a494ebbbcb47387516e52	30	0	0	6	0	42	0	8	0	0	5	47	0	0	0	0	0	0	0	0	0	0
e36989d13d95b439f99b6d26f63d650f	0	0	0	0	22	0	37	0	50	0	0	0	28	0	0	0	0	0	0	0	0	0
b6dae08e4cc48ecf7c08a369ee31ec30	0	0	0	0	0	0	4	0	0	0	0	0	30	10	0	31	0	0	0	13	49	0
a4e3ad9e9145bda486f7296c2e99a6f3	0	0	0	16	0	7	35	10	0	0	0	21	41	0	0	0	0	0	0	0	0	6
9e50c566d0297027fa52ae668e7a41de	0	0	0	0	5	0	11	0	31	0	0	0	56	0	0	15	0	0	0	6	11	0
ce3d8deaaa092f04ca6655d756fb9a63	0	0	0	0	0	0	0	0	0	0	0	0	0	0	0	55	0	0	0	0	47	33
3d9c28f454621e719cb654a606ad4c84	0	0	0	0	0	0	0	0	0	0	0	0	0	0	0	51	0	53	0	0	0	30
65abb1d7e731c29e5d8275613575d303	48	0	0	8	0	30	0	0	0	0	4	32	10	0	0	0	0	0	0	0	0	0
5cec870f009a9fb6cc44f5a841efd6c4	0	0	0	32	0	0	0	0	0	0	45	37	0	0	0	0	0	0	0	17	0	0
3dd1a4d04475e82787fc72bf52c3312c	0	0	0	0	0	0	0	95	0	0	27	6	0	0	0	0	0	0	0	0	0	0
960b84b86d3ed69c321f47312c54992b	0	0	0	0	0	0	0	0	0	0	0	0	0	25	0	0	0	0	49	54	0	0
4ab4d1d20a0478a016b0376fcf2b5b27	0	0	127	0	0	0	0	0	0	0	0	0	0	0	0	0	0	0	0	0	0	0
a7b877e3ca6e06b022ca7fe95d039e66	4	0	0	5	0	0	9	0	23	0	64	13	8	0	0	0	0	0	0	0	0	0
949dfa5f10215cfc9d140747d1d6b12a	37	0	52	0	0	0	0	36	0	0	0	0	0	0	0	0	0	0	0	0	0	0
75fe11b3f3f1f682b5ea7ed4a0bd82de	12	0	0	0	0	0	33	0	0	0	0	0	79	0	0	0	0	0	0	0	0	0
7366250e8ffa3129088d081e9ea1a51f	0	0	0	0	0	0	2	0	0	0	0	0	0	6	79	0	0	4	0	0	4	29
a8d693db66bc79c448a7214cf4434223	23	0	44	0	0	0	0	17	5	0	0	29	5	0	0	0	0	0	0	0	0	0
eb0bdd32f2b405fdfa5b1127472d32f1	0	0	0	0	27	0	0	0	51	0	0	0	0	0	0	8	0	0	25	0	0	9
d6866fb6f44c36da8ddbe7b45b20b361	0	0	0	0	0	0	0	0	0	0	0	0	0	0	41	0	0	0	0	0	0	79
ec1c1605b2e79d3c24b145b5c81d5b82	0	0	0	0	0	0	0	66	0	0	0	0	53	0	0	0	0	0	0	0	0	0
9a2d0a9947f9be7619b8667189b1c691	22	0	0	0	0	0	0	0	0	0	45	0	51	0	0	0	0	0	0	0	0	0
abe23e094982a673dcab85e3ef673d07	0	0	0	0	0	0	0	10	0	0	108	0	0	0	0	0	0	0	0	0	0	0
badd0ccafb8468ff9d2ac94595684cff	0	0	0	0	4	0	10	0	49	0	17	0	38	0	0	0	0	0	0	0	0	0
16b4cdc34a6e7058c9f5300872db9ee6	0	0	0	0	0	0	87	0	0	0	0	0	0	0	0	0	16	0	0	14	0	0
edae14db4ff777b157253f01e43bbb25	0	0	0	0	0	0	32	0	18	16	0	0	36	0	5	9	0	0	0	0	0	0
785c277b1ee0fabb445fc4606a7e84b3	0	0	0	0	7	0	4	17	0	0	0	88	0	0	0	0	0	0	0	0	0	0
6a04b6c09986146eaa90c89bd5748bca	0	0	0	0	31	0	0	2	71	0	0	0	0	0	0	0	2	0	6	4	0	0
a12b8cdafb958b8a5829fb70b127e71b	17	0	0	0	11	22	0	27	0	0	0	30	0	0	0	0	0	0	0	0	0	0
73c990a603b7574e79756e357e6d720b	0	0	0	0	0	0	0	0	14	0	0	92	0	0	0	0	0	0	0	0	0	0
1f2c7f0fa641fac16d6370a7e5e71160	41	0	0	0	0	38	0	0	0	0	0	27	0	0	0	0	0	0	0	0	0	0
a124a4885b243db23a67fa2b8d9b5504	0	0	0	0	0	0	0	0	46	0	0	0	0	0	59	0	0	0	0	0	0	0
3ee2645e9007b0ef6ea0dac57f334c3a	15	0	0	0	29	0	9	0	0	31	0	0	0	0	0	0	0	0	5	0	0	15
2ff844440d8d4aa9e50172cd49c3d29a	0	0	0	0	0	0	0	0	0	0	0	0	0	0	0	0	0	0	0	0	103	0
0f62ffba7ed259e10798ccf09f9ab62d	0	0	0	0	0	0	0	0	13	44	0	0	0	0	0	0	0	0	12	0	0	34
d7480613270f36afd458136d9f7cf5cd	10	0	0	0	3	27	5	5	3	23	0	10	13	0	0	0	0	0	0	0	0	3
dc8501c48e58d3bfda9b5aeef886a020	9	0	0	5	66	0	5	0	0	0	8	9	0	0	0	0	0	0	0	0	0	0
df84bb8d75bbbaef18fafb6d7528efda	0	0	0	0	0	0	0	0	0	0	0	0	0	0	0	0	14	0	51	0	0	36
e24d3df138ddfeb9cdac4fda8339e6fb	0	0	0	0	0	0	0	0	0	0	0	0	0	0	81	0	0	0	14	0	0	5
bce9c7c63627bdfa9280a90139e3de74	0	0	0	0	0	0	0	82	0	0	0	0	16	0	0	0	0	0	0	0	0	0
f0ada7b5a1ef192ef17500174f61738d	0	0	0	0	0	0	0	0	0	0	0	0	0	19	23	0	0	0	30	0	25	0
82d8e78a8e68ced10a7b5af7f13bb99d	0	0	0	0	0	0	0	0	0	0	0	0	0	0	0	0	71	0	26	0	0	0
338faccb2cf567be9e443d2ead26c50e	0	0	0	0	0	0	0	0	0	0	0	0	0	0	40	0	0	0	56	0	0	0
89765ef40633e9ebea66104a9846d464	51	0	0	0	0	45	0	0	0	0	0	0	0	0	0	0	0	0	0	0	0	0
0336f8c91ee24dc215f1c46eff651f29	96	0	0	0	0	0	0	0	0	0	0	0	0	0	0	0	0	0	0	0	0	0
65f973a3a3129a5764dfe0bb684e5975	0	0	0	0	0	0	0	0	0	0	0	0	0	0	7	12	3	33	10	9	0	22
ee3a933b8672aef58dcae2533604ff4f	0	0	0	0	0	0	0	95	0	0	0	0	0	0	0	0	0	0	0	0	0	0
f18a0f0b20063b09494700de3e073963	0	0	0	0	0	0	0	0	0	0	0	0	0	0	0	0	0	0	0	0	0	95
5985e6857b2cdb2732aa91d0ce6dff94	0	0	0	0	0	0	17	0	0	0	0	24	53	0	0	0	0	0	0	0	0	0
a6a60310ff83cecbbb62160fed312064	0	0	0	0	0	0	0	0	0	18	0	0	0	0	0	0	33	0	0	0	10	32
22de2ec9c1421154c1b882d0535ba982	0	0	0	0	0	0	0	0	0	0	0	0	93	0	0	0	0	0	0	0	0	0
f5bd409f0d95997337e1f7e16f736d61	0	0	0	93	0	0	0	0	0	0	0	0	0	0	0	0	0	0	0	0	0	0
289d0bc6f14ab74413231ea10d4521ca	0	0	0	0	0	0	0	0	0	92	0	0	0	0	0	0	0	0	0	0	0	0
34dddb8d0eff08b44aad2d339f4bb88b	8	0	0	0	0	37	26	0	0	0	20	0	0	0	0	0	0	0	0	0	0	0
3951127b92c48a3dbddf60e4ad102f1f	0	0	0	0	0	0	44	0	0	19	0	0	10	0	0	17	0	0	0	0	0	0
b02d910d51f3efdf1f2d3e363b0b1142	22	0	17	0	0	33	0	18	0	0	0	0	0	0	0	0	0	0	0	0	0	0
83abff518cdb355683bf2243a1c04572	0	0	0	0	0	0	0	0	11	0	0	0	0	0	0	0	0	14	0	29	0	36
85e93842fabb017195739d6a76827f25	0	0	0	0	0	0	0	0	4	18	0	0	0	0	4	6	2	0	0	0	0	56
f760cd3d63bbea8907a118ca52fe8c21	0	0	0	0	0	0	0	0	13	0	62	0	15	0	0	0	0	0	0	0	0	0
d107edcf6a20a264e0487ab3c55e43e1	0	0	0	0	0	0	0	0	0	0	0	0	0	0	0	0	0	50	0	19	0	19
dbb898dbb2d2d4cb6f0c2a48a41bea95	0	0	0	0	0	0	0	49	0	0	0	0	38	0	0	0	0	0	0	0	0	0
d1c03b58a44789bdf3b85abc1723a01d	0	0	29	0	27	0	25	0	0	0	0	0	6	0	0	0	0	0	0	0	0	0
f16639c62010edf240f2c9bd5e22608a	0	0	0	0	0	0	6	0	0	0	0	0	0	0	0	0	9	54	0	0	0	18
61f19551006615c5136e1a1bf2014461	20	0	0	3	0	33	0	14	6	0	0	11	0	0	0	0	0	0	0	0	0	0
f06aefe77c640bfd4be8bd78f5cb5946	16	0	0	0	0	11	0	18	4	0	16	0	21	0	0	0	0	0	0	0	0	0
4fad8ab60817edabc772fb10f20ae350	0	0	0	0	0	0	0	0	0	0	0	0	0	0	49	8	5	0	0	0	0	24
696d6cbdd52e4ab74101697ed34c1c70	0	0	0	0	0	0	0	0	0	0	0	0	0	0	0	0	0	0	0	86	0	0
e4ec8b3515dd6bf9afaa77b528efc18d	13	0	29	8	8	0	7	0	0	21	0	0	0	0	0	0	0	0	0	0	0	0
1e595490b54c5a0af9159660333d7b14	0	0	0	0	0	0	0	0	0	0	0	0	0	28	0	0	5	0	52	0	0	0
d7b2b2f2965de5c7d0bb904ee56fa442	0	0	0	0	12	0	7	0	0	48	0	0	16	0	0	0	0	0	0	0	0	0
74ee19c8d2a7401c73312855a1a39fef	0	0	0	0	0	0	0	0	0	0	0	0	0	9	51	0	0	0	20	0	0	2
f2f08287ef9fab4e62f87278b8627d6f	0	0	0	0	0	0	23	0	12	0	0	0	25	0	0	0	0	0	12	0	0	10
c3f3aa931d352d035a37b3c659b75428	18	0	0	8	0	29	0	0	0	0	20	7	0	0	0	0	0	0	0	0	0	0
9e340008259febdb585b75f44b3c4ea3	0	0	0	0	0	0	0	70	0	0	12	0	0	0	0	0	0	0	0	0	0	0
25ef8eaa0596bf09ed7a9f0ae7904e2b	0	0	34	0	0	33	0	7	0	0	0	7	0	0	0	0	0	0	0	0	0	0
e37b4e7f3271b41b887db5d1b81965f1	0	0	0	0	0	0	0	0	0	0	0	0	0	12	11	14	3	0	0	18	16	6
0a57b8e10703ac80ae412e145272a37a	58	0	0	0	0	22	0	0	0	0	0	0	0	0	0	0	0	0	0	0	0	0
8a87f916846e57da3242a946e0d967cd	0	0	0	0	80	0	0	0	0	0	0	0	0	0	0	0	0	0	0	0	0	0
dadad852b201d43afd0dfc0055bb4345	27	0	0	8	0	37	0	0	7	0	0	0	0	0	0	0	0	0	0	0	0	0
ca80f383ec8d0ecb7100d5c867cb79ea	0	0	0	0	0	0	21	0	0	0	0	0	0	0	32	10	0	0	0	0	0	16
de5182fb77241d35183e7c4e3befa8fc	0	0	0	0	0	0	0	0	0	0	0	0	0	0	36	0	0	0	0	0	0	43
2161d4a9cbba89d5d14fefdce0370e85	0	0	0	28	0	19	0	32	0	0	0	0	0	0	0	0	0	0	0	0	0	0
08d60da72f2e93595bcf7957d3a00be3	0	0	0	0	0	0	78	0	0	0	0	0	0	0	0	0	0	0	0	0	0	0
0eae6fe2a673975ae226eba8c5f0ef81	0	0	0	0	0	0	0	0	0	0	0	0	0	5	10	14	7	0	0	0	0	42
e93c7b91a0d0fb0e3bb606f299c4a867	0	0	0	0	0	0	14	0	0	0	0	0	49	0	0	0	0	0	0	0	0	14
14b125aed4587d05f08aedfa2c117997	0	0	0	0	0	0	36	0	0	0	0	0	41	0	0	0	0	0	0	0	0	0
1b31fbde3dda6d9a4d5102c28a385b92	7	0	0	26	0	0	0	0	10	0	24	9	0	0	0	0	0	0	0	0	0	0
351ff78d0d4f1327dc95f89f22c9e2ad	0	0	0	0	0	0	76	0	0	0	0	0	0	0	0	0	0	0	0	0	0	0
ab84230be5240e5fcba940dfdd14565d	0	0	0	0	0	0	0	0	0	0	0	0	0	0	0	0	0	0	21	54	0	0
d93e5c4f473f258d33d94df3bb4c8be5	0	0	0	0	0	0	0	0	0	0	0	0	0	0	0	41	0	34	0	0	0	0
5c3797cea8ad0818b077d3a833816d96	0	0	0	0	0	0	0	0	0	0	0	74	0	0	0	0	0	0	0	0	0	0
a9f6474f39ec35ed2e9b5c7182e512f4	0	0	0	0	0	0	25	0	0	35	0	0	0	0	0	0	0	0	0	13	0	0
9260a7947a40092e9d162c6ff79c3840	12	0	0	40	0	0	0	7	0	0	0	14	0	0	0	0	0	0	0	0	0	0
c8482cb3004ced78e4316f6a9edd07ca	11	0	0	3	19	17	0	0	22	0	0	0	0	0	0	0	0	0	0	0	0	0
b159d5d64c8ab7431003e145d59ee60e	0	0	0	0	0	0	0	0	0	0	0	0	0	0	0	0	0	0	66	0	6	0
8dc0fb86cef8db734ba442d6da067f46	0	0	0	0	0	7	16	0	12	0	0	0	0	0	0	11	0	0	0	0	6	20
ee81b394768ef48819997dafbdf984ab	24	0	0	0	0	12	0	7	0	0	0	29	0	0	0	0	0	0	0	0	0	0
1fca6eb44b3760804981713a805882e7	0	0	0	0	0	0	0	49	4	0	18	0	0	0	0	0	0	0	0	0	0	0
568d38c459b9a6cf064124e8bc42c23a	0	0	0	0	0	0	37	0	0	0	0	0	34	0	0	0	0	0	0	0	0	0
d82e01a366c3b762e8ed4c7bbe42a04d	24	0	0	0	7	16	0	0	0	0	11	12	0	0	0	0	0	0	0	0	0	0
a5b4a6c2371f53e6e92dfd7bd636705c	0	0	0	0	15	0	17	0	17	0	0	0	20	0	0	0	0	0	0	0	0	0
6278896ee230354d3f72ae70dbcd6ffc	0	0	0	17	0	29	0	7	0	0	0	16	0	0	0	0	0	0	0	0	0	0
fe99d53df192debb54a7b2f5d8c3d5ee	0	0	0	0	0	0	0	0	0	0	0	0	0	0	0	0	0	0	0	0	0	69
2445ffe23671d942a11e9aa0d1206f17	56	0	0	0	0	13	0	0	0	0	0	0	0	0	0	0	0	0	0	0	0	0
1c734c5fc26c233c006074d6951d8a1e	0	0	0	0	0	0	0	0	0	0	0	0	0	0	0	0	0	0	0	0	68	0
2e239c7ee3a0a5a67a7ac50e2149e151	42	0	0	3	0	0	0	11	0	0	0	12	0	0	0	0	0	0	0	0	0	0
f1a79aa5e9e78cc5a45bfe17eab88c05	0	0	0	12	0	0	0	29	0	0	0	15	0	0	0	0	0	0	11	0	0	0
0a291c52415cee78a39634adb8280425	0	0	57	0	0	0	0	0	0	0	0	9	0	0	0	0	0	0	0	0	0	0
dc5383c2d0bb6eddfab8a2e4ec4644f3	0	0	0	0	0	0	0	0	0	0	0	0	0	0	0	7	0	0	8	20	0	31
4681e1e699e6eacc9528306159da8017	33	0	0	0	0	21	0	12	0	0	0	0	0	0	0	0	0	0	0	0	0	0
e06fd2ea77eb16f9f9839178a6809948	0	0	0	0	0	0	0	0	0	0	0	0	0	0	0	22	0	24	0	20	0	0
b3efb9747c71bc458045e2018ad4ac38	0	0	0	0	0	0	0	0	0	0	0	0	0	0	41	0	0	0	12	0	0	12
541bfe1be88df521984c5f6e4bb7e814	0	0	0	0	0	0	0	0	0	0	0	0	0	0	0	0	0	0	0	0	65	0
ec7621351f586f1a674cb5a261c892e8	0	0	0	0	0	0	3	0	19	0	0	0	11	2	20	0	0	0	10	0	0	0
e23db411a28cbb5ac5fd8be8df75f802	0	0	0	0	0	0	0	0	0	0	0	0	0	7	0	0	0	0	0	0	46	11
daf58804a6052e4639d428d733dd0dc3	0	0	0	0	0	0	0	0	0	0	0	0	64	0	0	0	0	0	0	0	0	0
6544c6ac880e0347578097d81aab6ac8	16	0	0	0	0	29	0	0	0	0	0	19	0	0	0	0	0	0	0	0	0	0
562baa3b893ffa0c6b7ea0b22871a751	0	0	0	0	0	0	0	0	0	0	0	0	0	0	28	0	0	0	35	0	0	0
0aa7c20be9e3cd4d087191a8d32bde7a	0	0	0	0	0	0	0	0	0	0	0	0	0	0	0	0	0	0	0	0	63	0
94d62588795a0aae0cb17b25c852f27a	0	0	0	0	0	0	0	0	15	48	0	0	0	0	0	0	0	0	0	0	0	0
5f8334e183e2b907be07de88919cd475	0	0	0	0	0	44	0	6	0	0	0	13	0	0	0	0	0	0	0	0	0	0
c3c65c40fc45c99fcd3c3746ecc96470	0	0	0	0	0	0	0	0	0	0	0	0	0	6	0	12	0	7	0	13	6	19
a1d85e0ac0c9c16ce72ba2f430bb4e9f	0	0	0	0	0	0	0	0	0	0	0	0	0	0	0	0	0	0	0	0	62	0
3ff6c36731cdbc2f95eb7892e1aa8a6a	0	0	0	0	0	0	0	8	0	0	34	0	20	0	0	0	0	0	0	0	0	0
698edf64a8c0cce565227be75ac60f3c	0	0	0	0	5	0	0	0	0	3	0	0	0	0	34	0	0	0	0	10	0	10
25759350f820516eaeab9683a98b63bf	0	0	0	0	62	0	0	0	0	0	0	0	0	0	0	0	0	0	0	0	0	0
b61c6bfec57197820d046a79147f4f34	34	0	0	0	0	28	0	0	0	0	0	0	0	0	0	0	0	0	0	0	0	0
677a4f0927abc7cfad46c6dc1f0673c2	0	0	0	0	2	0	10	0	0	0	0	0	50	0	0	0	0	0	0	0	0	0
98b54a023f04c6fc901bc159f4b00289	0	0	0	0	0	0	0	0	0	0	0	0	0	0	35	0	0	0	0	0	0	27
48f6326c1b007e54e5b1f360c0a43453	0	0	0	0	0	0	0	0	0	0	0	0	0	0	18	0	0	0	23	0	20	0
13dcd829010ea81dbda5b8a4d18d1ba4	0	0	0	0	0	0	0	0	0	0	0	0	0	61	0	0	0	0	0	0	0	0
41ca9cb863b5db58cfb7872d80d0691f	0	0	0	0	0	0	0	0	0	0	0	0	0	0	0	0	0	61	0	0	0	0
064c293b111aadbdb84ffdb82867051e	0	0	0	0	0	0	0	0	0	0	0	0	0	0	0	0	0	44	0	17	0	0
e75ca096ac2c05faa61db5796f08cd15	0	0	0	0	0	0	0	0	0	0	0	0	0	0	0	0	0	0	0	0	0	61
d61d4e1edf65778b9133da91b55e94ce	0	0	0	0	0	0	0	21	0	0	8	0	31	0	0	0	0	0	0	0	0	0
2a411987523404171958672cef2dcad6	0	0	0	0	0	0	0	0	8	0	0	0	0	0	0	0	0	0	17	0	0	35
dd663d9ebfca861f740f72e62d47b8e3	0	0	0	0	0	0	38	0	0	0	0	0	22	0	0	0	0	0	0	0	0	0
a582e7546644a6f7ed6b16886940a2c5	0	0	0	0	0	0	0	0	0	0	0	0	0	0	0	0	59	0	0	0	0	0
afc8a4c48ce3660c5ed2b2cea41cf5de	24	0	0	0	11	16	8	0	0	0	0	0	0	0	0	0	0	0	0	0	0	0
006245a5a7267de5665f31d40bc88fd8	12	0	0	0	0	0	0	11	14	0	0	22	0	0	0	0	0	0	0	0	0	0
50622a7cd4f48900496c884df7a2437e	11	0	0	6	1	0	3	8	0	3	7	8	0	0	0	0	0	9	0	0	0	2
81ce395398df44882b363eef7e8a12fd	0	0	0	0	0	0	0	0	0	0	0	0	0	10	0	2	0	0	0	1	45	0
9af0096511e23ebec55f88be8c723d7e	0	0	0	0	0	0	0	0	0	0	0	0	0	0	0	0	0	0	0	0	58	0
a0b3fe471608e9009316813afc10fa7d	0	0	0	0	0	0	0	26	0	0	0	32	0	0	0	0	0	0	0	0	0	0
a539e6326470ace9edb79d5275b0c6b9	0	0	0	0	0	0	0	0	0	0	0	0	0	0	0	0	0	0	0	0	58	0
ec0ea62a3f64c91f9d223fb32bc105b5	0	0	0	0	0	0	0	0	0	0	0	0	0	0	0	0	0	0	0	0	57	0
4bb2f14a6a5935a66d0f50b12dbb48dd	0	0	0	0	5	0	7	0	40	0	0	0	5	0	0	0	0	0	0	0	0	0
a387a6c9dbd6fd3ffd93b954f0c04bb6	0	0	0	0	0	0	0	0	0	0	0	0	0	0	0	0	0	0	57	0	0	0
ba4f90f37ffb0959e9e101abaf49385c	0	0	0	0	0	0	0	0	0	0	0	0	0	0	0	6	0	51	0	0	0	0
477dd732f61ec76e72209e17602c2da7	35	0	0	0	0	6	0	3	0	0	0	8	0	0	0	0	2	0	0	0	0	3
2b8d2d3400de904349bd08c0596191e4	0	0	0	0	0	0	0	56	0	0	0	0	0	0	0	0	0	0	0	0	0	0
5a3759e5e5d5f37761a7e1e1aa07fe5d	0	0	0	56	0	0	0	0	0	0	0	0	0	0	0	0	0	0	0	0	0	0
201e7a32832d25f2624042733f248e18	0	0	0	0	0	0	0	0	0	0	0	0	0	56	0	0	0	0	0	0	0	0
86cb6147862be379fe77bda3f3255f58	0	0	0	0	0	0	0	0	0	55	0	0	0	0	0	0	0	0	0	0	0	0
103fc6572d5ce5705eec1633a097b315	0	0	0	0	0	0	0	0	0	0	55	0	0	0	0	0	0	0	0	0	0	0
55716e2abce8722d673b9b5ac5610505	0	0	0	0	0	0	0	0	0	0	0	0	0	0	55	0	0	0	0	0	0	0
9e6c092f08d652a9e0427059521a7993	0	0	0	0	0	0	0	0	0	0	0	0	0	0	0	0	55	0	0	0	0	0
17dbf2ff9f565d8b982868fff4c24f73	0	0	0	0	0	0	0	0	0	0	0	0	0	55	0	0	0	0	0	0	0	0
348d16cce13d9933640e094ba3b7a7d4	0	0	0	0	0	0	33	0	0	0	0	0	21	0	0	0	0	0	0	0	0	0
e549fd51fd9571c0c77bbabb0ff13a73	0	0	0	0	0	0	0	0	0	0	0	0	54	0	0	0	0	0	0	0	0	0
4cfc840ad2f262aff643f844508ce6ec	0	0	0	0	0	0	0	0	0	0	0	0	0	0	0	12	8	0	0	0	0	34
f069f019694d3c334e19e2c33755e4c7	0	0	0	0	0	0	0	0	0	54	0	0	0	0	0	0	0	0	0	0	0	0
a5a5d9da5b3da7d358ef33e89d47402b	0	0	8	0	22	24	0	0	0	0	0	0	0	0	0	0	0	0	0	0	0	0
a94350f004c29b569a5bcf0a2b086424	0	0	0	0	0	0	0	0	0	0	0	0	0	0	0	0	0	0	0	0	0	54
4519d2a493766800abcefa7f4cbc8567	0	0	0	0	0	0	39	0	0	0	0	0	14	0	0	0	0	0	0	0	0	0
f9baa699026e83773667ded0a4e5d52c	0	0	0	0	0	0	24	0	0	0	29	0	0	0	0	0	0	0	0	0	0	0
00202992fb72ef75a8f7ac6f1532d0c3	0	0	0	0	0	0	0	0	0	0	47	0	6	0	0	0	0	0	0	0	0	0
0b8b737c5fe2f7516b5be01a9c15d30d	0	0	0	0	0	0	26	0	0	9	0	0	6	0	0	6	0	0	5	0	0	0
a06cadb14f1e62404bb52acdaad9722c	0	0	0	0	0	0	0	0	0	0	52	0	0	0	0	0	0	0	0	0	0	0
a2ed25a9640aeab2f577b5d02d64d677	0	0	0	0	0	0	0	52	0	0	0	0	0	0	0	0	0	0	0	0	0	0
3edab7bb76c7f8641b151bf6c746d543	13	0	0	0	0	30	0	9	0	0	0	0	0	0	0	0	0	0	0	0	0	0
bc2a5a92a771c9a7eb0efa7db482692e	0	0	0	0	0	0	0	0	0	0	0	0	0	0	0	52	0	0	0	0	0	0
9d2a30df6617f52609c7f56b5c418eca	0	0	0	0	0	0	0	0	0	0	0	0	0	0	0	0	0	0	0	0	52	0
7db50b628800ad81456dd90d501c278e	0	0	51	0	0	0	0	0	0	0	0	0	0	0	0	0	0	0	0	0	0	0
846622f0e7b47dd154acbe70fad92b11	0	0	0	0	7	44	0	0	0	0	0	0	0	0	0	0	0	0	0	0	0	0
e6a714b44750467cafdcade4d83200d5	0	0	0	0	0	0	0	0	0	0	0	0	0	14	0	4	9	8	9	3	0	3
28c4157a1f7d338a0421cda9075051af	0	0	0	0	0	0	0	0	0	0	0	0	0	50	0	0	0	0	0	0	0	0
ed6cfd461e4777ca9ac9cb040b902080	0	0	0	0	0	0	0	0	0	0	0	0	0	22	0	0	0	0	0	0	28	0
9bdf3d7e74ca4678ae84c5d5fa059a97	0	0	0	0	0	0	0	0	0	0	0	0	0	0	0	0	50	0	0	0	0	0
1d3275ab05570b54606a86001bc07765	0	0	0	0	0	0	0	0	0	0	0	0	50	0	0	0	0	0	0	0	0	0
48ee394b7b8825c8d9ea77becd3ec5a5	0	0	0	0	0	0	0	0	0	0	0	0	0	16	17	0	0	0	0	17	0	0
8600b2fadcf51e5e2134ca88580ff1bb	0	0	0	0	0	0	0	0	0	0	49	0	0	0	0	0	0	0	0	0	0	0
acae016c76797721c8fd68ee8db9b054	0	0	0	0	0	0	4	0	0	0	0	0	0	0	0	0	12	0	33	0	0	0
075430849e55a491a5265f0d142b5e3b	0	0	0	0	0	0	0	0	0	0	0	0	0	0	26	0	0	0	0	23	0	0
c06652a1f7174b66ba62c73fa7f56a11	0	0	0	0	0	0	0	0	0	0	49	0	0	0	0	0	0	0	0	0	0	0
30c9f9bda9193274e219ca436e604ad3	0	0	0	0	0	0	2	23	13	0	0	0	0	0	0	5	0	0	5	0	0	0
79e5b0c8e472051f1886b05152281916	0	0	0	0	0	0	0	0	0	0	0	0	0	0	0	0	0	0	0	24	0	24
1fb76221c956366f93c907504f045ffb	38	0	0	0	0	10	0	0	0	0	0	0	0	0	0	0	0	0	0	0	0	0
d4d60d1cf7d685b7b4478a6d7f5d6cd4	0	0	0	0	0	0	0	0	0	0	0	48	0	0	0	0	0	0	0	0	0	0
73eb764fe1e62d18fce3c98329734946	0	0	0	0	0	0	0	0	0	0	0	0	0	3	3	0	21	0	7	4	9	0
dd74fc91521ea57af1625eee0dd3068e	0	0	47	0	0	0	0	0	0	0	0	0	0	0	0	0	0	0	0	0	0	0
d5d675c7634a76e479e69a16047703b4	10	0	0	0	0	9	0	0	0	0	0	28	0	0	0	0	0	0	0	0	0	0
180d36a0c2776af0a04ecb911e42c40b	0	0	0	0	0	0	0	0	0	0	0	0	0	0	0	9	0	0	0	0	18	20
29f4a4bfb1fb8f35d29733a39f677efe	0	0	0	0	0	0	0	47	0	0	0	0	0	0	0	0	0	0	0	0	0	0
eb282e941f802b680ac2c5ffd27b5b13	0	0	0	0	0	0	0	0	0	0	0	0	6	0	0	0	0	0	0	0	0	41
e004cfa8cd8adafc6007076aaa062aa8	0	0	0	0	0	0	0	0	0	0	0	0	0	0	0	0	0	0	0	0	16	31
66a955c9ae392919ce61f17d1ccb6286	0	0	0	0	0	0	0	27	8	12	0	0	0	0	0	0	0	0	0	0	0	0
527993a5592e5679b17bb5ead5befdb1	0	0	0	0	0	0	0	0	0	0	0	0	0	0	0	0	0	0	46	0	0	0
24586777620382c5d55b6cb44a231329	0	0	0	0	0	0	0	0	0	0	0	0	0	0	21	0	0	0	0	0	0	25
1ce3b6a3367c5e2049cb4f83b60d594b	0	0	0	0	13	0	0	0	0	0	0	0	0	0	16	0	0	0	0	0	0	17
2b414e14f25b32a148c8ff39b245e96f	0	0	0	0	0	0	0	0	0	0	23	7	15	0	0	0	0	0	0	0	0	0
34c6511f204ddcb9a0dee8c656a6f10b	0	0	0	17	0	0	0	0	0	0	28	0	0	0	0	0	0	0	0	0	0	0
2cb44c5ca1cad0a063b1b7fffb3dd879	0	0	0	0	0	34	0	0	0	0	0	11	0	0	0	0	0	0	0	0	0	0
205b7cf015ec0336fdc874515c9e7c97	31	0	0	0	0	10	0	0	0	0	0	4	0	0	0	0	0	0	0	0	0	0
0c3e8ffd5cee4971760859e8f79f904c	36	0	9	0	0	0	0	0	0	0	0	0	0	0	0	0	0	0	0	0	0	0
3e59fc5038cf323e8bd83e44a6969d39	0	0	0	0	0	0	0	0	0	15	0	0	0	0	15	0	0	0	0	15	0	0
99e4b8bc1e5cd87c80d5948055ae5581	0	0	0	0	0	45	0	0	0	0	0	0	0	0	0	0	0	0	0	0	0	0
9c010cb335288aaf11e0c6988b5c9896	0	0	0	0	0	0	0	0	0	0	0	0	0	0	0	0	0	45	0	0	0	0
e7aae512b6b5f8b15de084fc1d8d22ea	0	0	0	0	0	0	0	0	7	0	0	2	35	0	0	0	0	0	0	0	0	0
a619c1784104c1dd9b3807ac74a67c6b	0	0	0	0	44	0	0	0	0	0	0	0	0	0	0	0	0	0	0	0	0	0
b7db4dc309ccff6d2075311e945283c7	0	0	0	0	0	0	0	0	0	0	0	0	0	0	0	0	0	44	0	0	0	0
1a9803628905c37499e7d015e31aeacf	0	0	0	0	0	0	0	0	0	0	0	5	0	0	0	0	9	0	0	0	0	30
621c4e77fe93a8b116d7cfef0b229633	0	0	0	0	0	0	0	0	0	44	0	0	0	0	0	0	0	0	0	0	0	0
fb5e987fac94ce4b18af081d0e0e21c5	0	0	0	0	0	31	0	13	0	0	0	0	0	0	0	0	0	0	0	0	0	0
0309c9fb78762550e72f4d5f418be9fe	0	0	0	0	0	0	0	0	0	0	0	0	0	8	0	1	0	0	26	5	0	3
885743e7103ca3fa8c6b60b5c98ad085	0	0	0	6	12	0	6	0	19	0	0	0	0	0	0	0	0	0	0	0	0	0
57959aa7ea335d2db871fd5a3e6265c9	0	0	0	7	7	11	0	0	9	7	0	1	1	0	0	0	0	0	0	0	0	0
3ba2b47bf0135c9915fc779d19ec37de	0	0	0	0	0	0	0	0	0	0	0	0	0	0	0	0	0	0	0	0	43	0
2d585312906e33daa5023931ed2ceda4	0	0	0	0	0	0	0	0	0	0	0	0	0	0	0	0	0	43	0	0	0	0
997857fabd36bed5768f3628e27ff6b2	0	0	0	0	0	0	10	0	0	0	0	0	0	0	0	0	0	13	0	20	0	0
14bffaf5145d4f5dda0eda54efdb6a49	0	0	0	0	0	0	0	0	0	43	0	0	0	0	0	0	0	0	0	0	0	0
cdcc9558bc689cef5368b00aebf9ab17	6	0	0	9	0	0	0	13	0	0	5	5	5	0	0	0	0	0	0	0	0	0
fe5f25caa31786c2b93c3b53e59b8e0c	0	0	0	0	0	0	42	0	0	0	0	0	0	0	0	0	0	0	0	0	0	0
dfa44beb8e1aba1585df062ec08a772d	11	0	0	8	0	10	0	0	0	0	3	10	0	0	0	0	0	0	0	0	0	0
01a943ba3f0078cd78b9dc521ddc7b08	42	0	0	0	0	0	0	0	0	0	0	0	0	0	0	0	0	0	0	0	0	0
c61a45a7b20e40b3d9ab5d5da774ad6c	5	0	0	0	5	0	27	0	0	0	0	0	5	0	0	0	0	0	0	0	0	0
3c50ebca00257b5701a0e366ec8db968	9	0	0	0	0	0	16	0	0	0	0	16	0	0	0	0	0	0	0	0	0	0
42aa49a6a8b4c6d99a33cc8e9224e7e9	0	0	0	0	0	0	0	0	0	0	0	0	0	0	0	12	0	0	11	0	0	18
65da980f68b39e7948785e096141db14	0	0	0	0	0	0	0	0	0	0	0	0	17	0	0	11	0	0	0	0	0	13
0145df81bf34bfea9e3713e09779738a	0	0	0	0	0	41	0	0	0	0	0	0	0	0	0	0	0	0	0	0	0	0
fe30ddc7d0104202cac5d7285cec7a68	0	0	0	0	0	0	0	0	0	0	40	0	0	0	0	0	0	0	0	0	0	0
eb78401f8599db48264f674587cb8fd8	0	0	0	0	0	0	0	0	0	0	0	0	0	0	0	0	0	0	0	0	40	0
182150b54b4401058e06c0164fc40efd	0	0	0	0	0	0	0	16	8	0	8	0	8	0	0	0	0	0	0	0	0	0
8aff8e593d171fb00d73dd7c87dbcfff	0	0	0	0	0	0	0	0	0	0	0	0	0	0	0	0	0	0	0	0	40	0
038ec94efd0ffa0c7db6d365a73ddea2	0	0	18	0	0	0	9	0	0	0	0	13	0	0	0	0	0	0	0	0	0	0
05ab8d5cb448269da5c961a98bb7f0e4	0	0	0	0	0	0	0	3	0	0	0	14	0	9	0	1	0	0	0	0	12	0
ac6c89ea77b755b662f4686e3e33c61d	0	0	0	0	0	0	0	0	0	39	0	0	0	0	0	0	0	0	0	0	0	0
93b96db2a253b30d42adab110024dbd8	0	0	0	0	28	0	0	0	0	0	0	3	0	0	0	0	0	0	0	8	0	0
c2a0373c538a39fe9cc0faba551870a3	0	0	0	0	0	0	10	0	0	4	0	0	0	0	0	0	0	0	9	0	0	16
e3ad5383df21ddd3cb51b18fdea5c465	0	0	21	11	0	7	0	0	0	0	0	0	0	0	0	0	0	0	0	0	0	0
1ff1245591c86f8790de1621852aa636	0	0	0	0	0	0	0	0	0	0	0	0	0	0	0	0	0	39	0	0	0	0
a39d293a24eb6a87d21b658421cf3e42	0	0	0	0	0	0	0	0	0	0	0	38	0	0	0	0	0	0	0	0	0	0
7b87c0a6d70b1e443b59caa57eb623e1	0	0	38	0	0	0	0	0	0	0	0	0	0	0	0	0	0	0	0	0	0	0
c8d17f2e20e889c709c5cee47ae07364	38	0	0	0	0	0	0	0	0	0	0	0	0	0	0	0	0	0	0	0	0	0
10d3daaa9e67b88331267e90e6c7e4f9	0	0	38	0	0	0	0	0	0	0	0	0	0	0	0	0	0	0	0	0	0	0
f01b55cfb9a7efc34975d68588e58e5e	0	0	0	0	0	0	16	0	0	0	0	0	0	0	0	0	0	0	0	0	22	0
bf504bdaf571813a3a7f0b41d188c71c	0	0	0	0	0	0	0	0	0	0	0	0	0	3	12	0	0	0	4	13	5	0
bc5cc84786b170bf84bd9070e133af33	17	0	0	0	0	0	4	0	0	0	0	0	12	0	0	0	0	0	0	4	0	0
c7da84543ebc0f2c3abaaf977a7de10c	0	0	0	0	0	0	0	0	0	0	0	0	0	0	0	0	0	0	0	0	37	0
285bc8a47efdb64928cb9f3d05ce3204	0	0	0	0	0	0	0	0	0	37	0	0	0	0	0	0	0	0	0	0	0	0
7a67ee42f00f177de5dbdd4dffc52e4d	8	0	0	0	0	22	0	0	0	0	0	7	0	0	0	0	0	0	0	0	0	0
b7cff9d783ffcf153468dc48f48b1c68	0	0	0	0	0	0	0	0	0	0	0	0	0	0	13	0	0	0	0	0	23	0
13cd1629a9708b81f8afa2e29e59d098	0	0	0	0	0	0	0	0	0	0	0	0	0	0	0	0	13	0	18	5	0	0
fb336f586094af6a79c65c7175680e44	0	0	0	0	0	0	0	0	0	0	0	0	0	0	0	0	0	0	0	0	36	0
713d228859c83e56f3bca49dd8349ae2	0	0	0	0	0	0	0	0	0	0	0	0	0	0	36	0	0	0	0	0	0	0
b82845876c552f2d0e875d76eb744bc4	0	0	0	0	0	0	0	0	0	0	0	0	0	0	9	0	8	0	0	17	2	0
6ff110eec451f71ee2141d86169775d7	0	0	0	0	0	0	0	0	0	0	0	0	0	35	0	0	0	0	0	0	0	0
84945d1647ad2141714b51c40429d3ee	0	0	0	0	12	0	23	0	0	0	0	0	0	0	0	0	0	0	0	0	0	0
fe90ac77bd322e8f9ed8ab049692be23	0	0	0	0	0	0	0	0	0	0	0	0	0	0	0	0	0	0	0	0	0	35
eb62578a00bdb2039d9e06d5f171bb19	17	0	0	0	0	0	0	15	0	0	0	3	0	0	0	0	0	0	0	0	0	0
68dd5f3f2c9ae704a997692383ea53c6	20	0	0	0	15	0	0	0	0	0	0	0	0	0	0	0	0	0	0	0	0	0
3a18aaba70cd2284d23669fe3608aa33	0	0	0	0	0	0	0	0	0	0	0	0	35	0	0	0	0	0	0	0	0	0
d1b8b44a2eced6a5bc53d868e02993d1	0	0	0	0	0	0	0	0	0	0	0	0	0	0	0	0	0	0	0	0	34	0
9f56d061c945a4fc7c65f8a168914851	0	0	0	0	0	0	0	0	0	0	0	0	0	0	0	0	0	0	0	0	34	0
172ad96cc3824e9122950df936f81147	0	0	0	0	0	0	0	0	0	0	0	0	0	5	0	0	0	0	0	29	0	0
3df4f54fb3ef367b567248be1a2af1db	0	0	0	0	0	0	6	0	0	9	0	19	0	0	0	0	0	0	0	0	0	0
0a138f44de15ad19b9fc4e6b3e573916	0	0	0	0	0	7	0	0	0	0	0	0	0	9	6	0	0	0	2	3	0	7
7cdbdacc63e9a44b80789a1db1983058	5	0	0	0	0	0	0	0	0	0	0	22	7	0	0	0	0	0	0	0	0	0
a2d5b721ae69b52e0d30750cbd9e978f	17	0	0	0	0	17	0	0	0	0	0	0	0	0	0	0	0	0	0	0	0	0
72e1b2ab24354985325688a3d6982d97	0	0	0	0	0	0	0	0	0	0	0	0	0	0	0	0	21	12	0	0	0	0
d68d0969005706e8d3e00620bdb15d0d	0	0	0	0	0	0	0	0	0	0	0	0	0	0	0	0	33	0	0	0	0	0
3810a99ac40b52c68f35f08c70c2476b	0	0	0	0	0	0	0	0	0	0	0	0	33	0	0	0	0	0	0	0	0	0
7121a10b759fe62e4273c9d77b5768c4	3	0	0	0	0	10	3	0	0	7	0	0	0	0	0	0	0	0	0	0	0	10
78daec027dbb0c8bbbebcda18d732cad	0	0	0	0	0	0	0	0	0	0	0	0	0	0	0	0	0	33	0	0	0	0
51f93b530580def6133b68ce8367a70d	0	0	0	0	0	0	0	0	0	0	0	7	10	0	0	0	0	0	0	0	0	16
aaf0bd717a0a8074ee26e22b473b0103	0	0	0	0	0	0	0	0	0	0	0	0	0	0	0	27	0	0	0	0	2	4
213f06bec6d3ff6aabf41ffc48497c41	0	0	0	0	0	0	0	0	0	0	0	0	33	0	0	0	0	0	0	0	0	0
a4ab0f84dbcccdc096c4a06bf7f061a4	0	0	0	0	0	0	0	33	0	0	0	0	0	0	0	0	0	0	0	0	0	0
0703e4738dfb262a8fba4993304a9bd3	0	0	0	0	0	0	0	0	0	0	14	18	0	0	0	0	0	0	0	0	0	0
48fbfdedaab5e80f4a8e790eed767c09	0	0	0	0	0	0	0	6	4	0	22	0	0	0	0	0	0	0	0	0	0	0
e2621ba2c57f838e974fa754702e01d0	22	0	0	0	0	0	0	0	0	0	0	10	0	0	0	0	0	0	0	0	0	0
3fc29ffe0b1393666f12fdd58ae15f9e	0	0	32	0	0	0	0	0	0	0	0	0	0	0	0	0	0	0	0	0	0	0
433bf6135a67ea8ea2395ec9808cb50d	0	0	0	0	26	0	6	0	0	0	0	0	0	0	0	0	0	0	0	0	0	0
b37a51b20937eabb501f25a7e74aea12	0	0	0	12	0	0	0	0	0	0	19	0	0	0	0	0	0	0	0	0	0	0
1b4ff1242b9338abe1dc98dc39acf55a	0	0	0	0	0	9	0	0	15	0	0	0	7	0	0	0	0	0	0	0	0	0
27ce3642de1945f315e04a4ae6c992c2	0	0	0	0	0	0	0	0	0	0	0	0	0	0	0	0	0	31	0	0	0	0
559d1d130313ea4e600cbee3414597e2	0	0	0	0	0	0	0	0	0	0	0	0	0	0	0	0	0	0	0	0	31	0
adfba70b2d5b4fae8c610871dacd29ba	0	0	0	0	0	0	0	0	0	0	0	0	0	0	0	0	0	11	0	0	0	20
566369265e64ce6fb519c40184675026	0	0	0	0	0	0	0	0	0	0	0	0	0	0	31	0	0	0	0	0	0	0
395e73d4f9fca1f89d1977b0a4b42152	0	0	0	0	0	0	0	0	0	0	9	22	0	0	0	0	0	0	0	0	0	0
6f3d89239bd718a251080f0c319bdead	0	0	0	0	0	0	0	0	0	0	0	0	0	0	0	0	31	0	0	0	0	0
5715fe2c98835314ffdeca3ab65f4446	0	0	14	0	0	0	0	0	0	0	0	17	0	0	0	0	0	0	0	0	0	0
1d6a929279f93ea022a87ce482c8f1b6	21	0	0	0	0	0	0	0	0	0	0	10	0	0	0	0	0	0	0	0	0	0
5159dc4427279dc083e80bf207a8b6c5	0	0	0	0	0	0	0	0	0	0	30	0	0	0	0	0	0	0	0	0	0	0
a8574b3be94b185f6689e344374e21ad	0	0	0	0	0	0	0	0	0	0	0	0	0	0	0	0	13	0	10	0	0	7
87a3ec8a282093f33f8ab3357ae82eb4	6	0	0	0	0	13	0	0	0	0	0	11	0	0	0	0	0	0	0	0	0	0
dcce75ca02bcf9febc9a569f5d0dd597	0	0	0	0	0	0	0	0	0	0	0	0	0	0	29	0	0	0	0	0	0	0
ae602bd67dddff93d0c54e72c852e4e1	23	0	0	6	0	0	0	0	0	0	0	0	0	0	0	0	0	0	0	0	0	0
14a55f2ef6d596ade96d356d947f9125	0	0	0	0	0	0	0	2	0	0	0	0	27	0	0	0	0	0	0	0	0	0
cb9c751c7c98c821bb9a34f51bf4856b	0	0	0	12	0	10	0	7	0	0	0	0	0	0	0	0	0	0	0	0	0	0
7cf8abef4cf9357df41c7d741878564a	0	0	0	0	0	3	17	4	0	0	0	0	5	0	0	0	0	0	0	0	0	0
a6bd21d0cb29310f60c1494a014fcc08	0	0	0	0	0	0	0	0	0	0	0	29	0	0	0	0	0	0	0	0	0	0
c352f308e583f0e0d3dbacdd3b708b08	0	0	29	0	0	0	0	0	0	0	0	0	0	0	0	0	0	0	0	0	0	0
c94b30b1c7e8ed180559dcb2e2864d07	0	0	0	0	0	0	0	0	0	0	19	10	0	0	0	0	0	0	0	0	0	0
901de581dd94444059961accfa3f05f0	29	0	0	0	0	0	0	0	0	0	0	0	0	0	0	0	0	0	0	0	0	0
44d84922018d4ea4f939c40b7f4c6134	23	0	0	0	0	0	0	0	0	0	0	6	0	0	0	0	0	0	0	0	0	0
3d417117b77aade5af18125f6912582c	0	0	0	0	0	0	8	0	20	0	0	0	0	0	0	0	0	0	0	0	0	0
8c16727bafadb6d595fa8df33b6cdd93	0	0	0	0	0	0	0	0	0	28	0	0	0	0	0	0	0	0	0	0	0	0
5597ee7241974d7fdcd239ace835bbd3	0	0	0	0	0	0	0	0	0	28	0	0	0	0	0	0	0	0	0	0	0	0
bbab979729ebfcc26e729e565219394b	0	0	0	0	0	0	0	17	0	0	4	7	0	0	0	0	0	0	0	0	0	0
31d5722b3a35eeb35e587566657deb90	0	0	0	0	0	8	0	0	0	0	0	0	0	0	0	0	0	0	0	0	0	20
8c9b9b213c1d879dad42c0ebb219ad76	0	0	0	0	0	0	0	0	28	0	0	0	0	0	0	0	0	0	0	0	0	0
c79f931aeef23008a5d9846959c8fdc7	0	0	0	0	0	0	13	0	0	0	0	0	0	0	6	3	0	0	0	0	0	6
218d8bd84a0e4e0fb9088ee00a05b5c1	0	0	0	0	0	0	0	0	0	0	0	27	0	0	0	0	0	0	0	0	0	0
7268c849d8bc335b681e27ec1ef68f20	0	0	0	0	6	0	0	0	0	0	0	0	21	0	0	0	0	0	0	0	0	0
e5fcbe8f2d8b6410e0f71866025399ac	0	0	0	0	0	0	0	0	0	0	0	0	0	0	0	0	0	0	0	0	27	0
e4a1b43966d7805b96f0bf2ac1678d12	27	0	0	0	0	0	0	0	0	0	0	0	0	0	0	0	0	0	0	0	0	0
35e4a7279d24edc4cca2de4fcf57ac7a	0	0	0	27	0	0	0	0	0	0	0	0	0	0	0	0	0	0	0	0	0	0
e8077ad28c1844910b267e50366688c9	0	0	0	0	0	0	0	0	0	10	0	0	0	0	0	0	0	0	0	0	0	17
867200cc65d22ca0c3201c362fb01a8f	0	0	0	0	0	0	15	0	0	0	0	0	0	0	0	12	0	0	0	0	0	0
72bc5b49b7e3e78d558843d4ab386608	19	0	0	0	0	8	0	0	0	0	0	0	0	0	0	0	0	0	0	0	0	0
0669ead9481cf9500980372acb60acba	0	0	0	0	0	0	27	0	0	0	0	0	0	0	0	0	0	0	0	0	0	0
1cac656c53262e4f9a3172760f76d808	0	0	0	0	0	0	0	0	0	27	0	0	0	0	0	0	0	0	0	0	0	0
b1b060ecbec58edd3f1a1435071572da	0	0	0	0	0	0	27	0	0	0	0	0	0	0	0	0	0	0	0	0	0	0
2fa90b1276f0b672c70ea999d8590771	0	0	0	0	0	0	0	0	0	0	0	0	0	0	0	0	0	0	26	0	0	0
b33d2eb1f1f267e43dcb16c629d92369	0	0	0	0	4	0	6	16	0	0	0	0	0	0	0	0	0	0	0	0	0	0
a263acf2aaaf6dcc209b035c91716b19	26	0	0	0	0	0	0	0	0	0	0	0	0	0	0	0	0	0	0	0	0	0
161d7ea5c03d4c4e0662a7d178b6baa9	0	0	0	0	0	0	0	26	0	0	0	0	0	0	0	0	0	0	0	0	0	0
0292ba3c65ffe367b6ab7108f6eb8c2d	0	0	0	0	0	0	0	0	0	0	0	0	0	26	0	0	0	0	0	0	0	0
2f4d87fb4f88e486cffcb3943101bb1c	17	0	0	0	0	0	0	9	0	0	0	0	0	0	0	0	0	0	0	0	0	0
40de5e64702946dacb3f22f13694e3a5	0	0	0	0	0	0	0	0	0	0	0	0	0	0	0	0	0	0	0	0	26	0
73cc9c8cf9bf2fa4354cbb3793db58d4	0	0	0	0	0	0	0	0	0	0	0	0	0	0	0	0	25	0	0	0	0	0
141c11eb5b2f9e7dcdd3c2453a80b0bd	0	0	0	0	0	0	9	0	16	0	0	0	0	0	0	0	0	0	0	0	0	0
e9c233e7f840d5c5d5297c188c7dba2f	0	0	0	0	0	0	25	0	0	0	0	0	0	0	0	0	0	0	0	0	0	0
54c838c64047caab07c013348a82ddad	0	0	0	0	0	0	0	25	0	0	0	0	0	0	0	0	0	0	0	0	0	0
1f11eafdd85b6e1922f242543725f94f	4	0	0	0	0	0	0	0	0	0	21	0	0	0	0	0	0	0	0	0	0	0
9b8160a55fcb7be52089db53bafd7f4d	0	0	0	0	0	0	0	0	0	0	0	0	0	11	0	5	0	0	0	0	8	1
dc130e5258dacdd8e1963d82be61aead	0	0	0	0	0	25	0	0	0	0	0	0	0	0	0	0	0	0	0	0	0	0
084381faf8b04adf525eba3d10b24412	0	0	0	0	0	0	0	0	0	0	0	0	0	0	0	0	0	0	0	25	0	0
c78e21dd33d55c3c4484c4bf7bcb99e6	0	0	0	0	0	0	0	25	0	0	0	0	0	0	0	0	0	0	0	0	0	0
1d158c09b3013d5c0ceac8216e5cbe83	0	0	0	0	0	0	0	0	0	0	0	0	25	0	0	0	0	0	0	0	0	0
9ffc6abc29b16cfdde9b6e60b8961345	0	0	0	0	0	0	0	0	0	0	0	0	0	25	0	0	0	0	0	0	0	0
88c1f37c0f7a0756a5c4ef25f9564942	0	0	0	0	0	25	0	0	0	0	0	0	0	0	0	0	0	0	0	0	0	0
ac0ec3bb3cbdbc4dcfacdf4ea113aba6	0	0	0	0	0	0	6	0	7	0	0	0	0	2	0	3	0	0	0	5	0	2
64803c6bea3fcba3499e863469cf204f	0	0	0	0	0	0	0	0	0	0	0	0	0	0	0	0	0	0	0	25	0	0
bad2445c911876d9921260d24648d82e	0	0	0	0	0	24	0	0	0	0	0	0	0	0	0	0	0	0	0	0	0	0
16b06305b0af7eaa851d10a75342030f	0	0	0	0	0	0	0	0	0	0	0	0	0	0	12	0	0	0	9	0	0	3
db6e34b1f2419b88d8ab6f37554d6cce	8	0	16	0	0	0	0	0	0	0	0	0	0	0	0	0	0	0	0	0	0	0
b1d249bdaee090733068de4bfe09dc34	0	0	0	0	0	0	0	0	0	0	0	0	0	0	0	0	0	0	0	0	24	0
d6a4167543215579dc90f4c32f38d3c3	0	0	0	0	0	0	13	0	0	0	0	0	11	0	0	0	0	0	0	0	0	0
72e10e1a2056ac5aeeb7b287e96d017d	0	0	0	0	0	0	0	0	0	24	0	0	0	0	0	0	0	0	0	0	0	0
cf1386ff77f2f49926d23a3ceaf40ef4	0	0	0	0	0	24	0	0	0	0	0	0	0	0	0	0	0	0	0	0	0	0
a7a8c66d65dd71ab5047c8a2c9e40f9d	0	0	0	0	0	0	0	0	0	0	0	0	0	0	0	0	0	24	0	0	0	0
8bec0c3584b1cce6983a1e3740548619	10	0	0	0	0	14	0	0	0	0	0	0	0	0	0	0	0	0	0	0	0	0
016a27c86c54b550d7fa8f18ee5ab750	0	0	0	0	0	0	0	0	0	0	0	0	24	0	0	0	0	0	0	0	0	0
a0f81ba442fc51199b860ac7a2f281e7	9	0	11	0	0	4	0	0	0	0	0	0	0	0	0	0	0	0	0	0	0	0
598efcbf4552c47058b78fa52af95685	0	0	0	0	0	14	0	8	0	0	0	0	2	0	0	0	0	0	0	0	0	0
1855ed4ffbfc852ec5697f092cf1b9a9	0	0	0	0	0	0	0	0	0	0	0	0	0	0	0	0	0	0	0	16	0	8
5f6f824d9105e626a650dea75b7a761f	15	0	8	0	0	0	0	0	0	0	0	0	0	0	0	0	0	0	0	0	0	0
a414bc81b646da145991c5821a0a54c5	0	0	0	23	0	0	0	0	0	0	0	0	0	0	0	0	0	0	0	0	0	0
ddfb93d3cc0411a0750c2d33e2b3ef1b	0	0	0	0	0	0	0	0	0	0	0	0	0	0	0	0	23	0	0	0	0	0
550136d1073fdb79107fc21be5f8a9dc	0	0	0	0	0	0	0	0	0	0	0	0	0	0	0	0	23	0	0	0	0	0
f462bc720aa2f8cac00a96a20eb3ce35	0	0	0	0	0	0	0	0	0	0	23	0	0	0	0	0	0	0	0	0	0	0
075b6576ab59100f9dc09025331a1e53	0	0	0	0	0	0	0	0	0	0	0	0	0	0	0	0	23	0	0	0	0	0
9ba70a36dafacf9d72d22d1101b146ac	0	0	0	0	0	0	0	17	0	0	0	6	0	0	0	0	0	0	0	0	0	0
9fab8ca38b80a56ab041137b5ddf97df	0	0	0	0	0	0	9	0	0	3	0	0	0	0	0	6	0	0	0	0	5	0
23820b2ccdbe9b6cbb656ac2b67b5dd6	20	0	0	0	0	0	0	0	3	0	0	0	0	0	0	0	0	0	0	0	0	0
711f5cdc5b640ff08493b763e2de9db8	0	0	0	0	0	0	0	0	0	0	0	0	0	0	0	0	0	0	0	0	23	0
8db2c8e899e46a5e2b89b441b51d13bf	0	0	0	0	0	0	0	0	0	0	0	0	0	0	23	0	0	0	0	0	0	0
2db017d352819f557fb31135d5d42ba9	0	0	0	0	0	0	0	0	0	0	0	0	0	12	11	0	0	0	0	0	0	0
b8b25266201dd15304504acea1cdb120	13	0	0	0	0	10	0	0	0	0	0	0	0	0	0	0	0	0	0	0	0	0
39f4d03c46fe198a6d02072b283c1db8	0	0	17	0	0	0	0	0	0	0	0	0	6	0	0	0	0	0	0	0	0	0
92d90e3f147407e524780acf0e5867c6	0	0	0	0	0	23	0	0	0	0	0	0	0	0	0	0	0	0	0	0	0	0
23e4f018fc69f2541cc9a8a2afc4fa33	7	0	0	0	0	6	0	0	0	0	0	10	0	0	0	0	0	0	0	0	0	0
1cff2991bd9252b79f1d60d2f9968df2	0	0	0	0	0	0	11	0	0	0	0	0	0	0	0	0	0	0	0	0	0	12
62da7c283cb19953cb08f73c98ad1d4b	0	0	0	0	0	0	0	0	0	0	0	0	0	0	0	8	0	0	0	8	0	7
8c374fbe0153284520e137380915181c	15	0	0	0	0	0	0	0	0	0	0	8	0	0	0	0	0	0	0	0	0	0
4b7077596f7596f55f69fbae27e0f0c7	0	0	0	0	0	0	0	0	22	0	0	0	0	0	0	0	0	0	0	0	0	0
d4187702d89a90307859d0739258dcd3	0	0	0	0	0	0	22	0	0	0	0	0	0	0	0	0	0	0	0	0	0	0
713165b63f5bf2eb8c84144c201b9182	0	0	0	0	0	0	0	0	0	0	0	22	0	0	0	0	0	0	0	0	0	0
69cbee9df9e2614720844138701f30d2	0	0	0	0	0	0	0	0	16	6	0	0	0	0	0	0	0	0	0	0	0	0
98b7b13fce75172c935dbd586baf530f	0	0	0	0	0	0	0	0	0	0	0	0	0	0	0	0	0	0	0	22	0	0
74e0f67a0f05e9174c7b6e7e5f758465	0	0	0	0	0	0	0	0	0	0	0	22	0	0	0	0	0	0	0	0	0	0
c2fa8e7a264d92ce0cd0c48090a29e77	0	0	0	0	0	0	7	0	0	15	0	0	0	0	0	0	0	0	0	0	0	0
8e43b89e290b654cb1d49e9655f1ba1c	0	0	0	0	0	0	0	0	0	0	0	7	0	0	0	0	0	5	0	0	10	0
fba509c9b1bb8b125bf8123e5fad56e3	0	0	22	0	0	0	0	0	0	0	0	0	0	0	0	0	0	0	0	0	0	0
c5288b19ee8586a5758a6447264c2cf8	0	0	0	0	0	0	0	0	0	0	0	0	22	0	0	0	0	0	0	0	0	0
0eff7715262bc513b17d289ed907d8c3	0	0	0	0	0	0	3	0	0	19	0	0	0	0	0	0	0	0	0	0	0	0
869db93770ccb5f36becbdb63e5980b8	0	0	0	0	0	0	0	0	0	0	0	0	0	0	22	0	0	0	0	0	0	0
231f2cbe1f9680a2e31fc735b157f973	0	0	0	0	0	0	0	0	0	0	0	0	0	0	0	0	0	0	0	0	0	22
81e3abd2285cb63933426ecc62f3dc89	0	0	0	0	0	0	22	0	0	0	0	0	0	0	0	0	0	0	0	0	0	0
0efd1807f2ceb5540d24a62e3a089f69	0	0	0	0	0	0	12	0	0	0	0	0	0	0	0	0	0	0	0	0	10	0
e17a6cc0ef4eeebbdcb123e6d8ae8a36	0	0	0	0	0	21	0	0	0	0	0	0	0	0	0	0	0	0	0	0	0	0
f63545aac4372986f0601fa45446050f	0	0	0	0	0	0	0	0	0	0	0	0	0	0	0	0	0	0	0	0	21	0
0b2f6183a9508273092434f1fca6152a	0	0	0	0	0	0	0	0	0	0	0	0	0	0	0	0	0	0	21	0	0	0
5937aab6759f144108d8b6cab1ef8e05	0	0	0	0	0	8	0	0	0	0	0	13	0	0	0	0	0	0	0	0	0	0
73b76f9999c0912cd7ae4dd39e9e44e8	0	0	0	0	0	0	0	0	21	0	0	0	0	0	0	0	0	0	0	0	0	0
d4e12a79a478bb6116e3b45453650087	21	0	0	0	0	0	0	0	0	0	0	0	0	0	0	0	0	0	0	0	0	0
df8d26018bfe2085234084d00e990c66	0	0	0	17	0	0	4	0	0	0	0	0	0	0	0	0	0	0	0	0	0	0
ede59591bbd13046b5401c41d1a3885a	0	0	0	0	0	0	21	0	0	0	0	0	0	0	0	0	0	0	0	0	0	0
79736ec3eca3f40052d053cecb51b811	0	0	0	0	0	0	0	0	0	0	0	0	0	0	0	0	0	0	0	21	0	0
91c8ba2e25a3851e72b40bd19bad9be7	13	0	0	0	0	8	0	0	0	0	0	0	0	0	0	0	0	0	0	0	0	0
e6e67261ae92b9ce8df403670531a790	0	0	0	0	0	0	0	0	0	0	0	21	0	0	0	0	0	0	0	0	0	0
f7c40e56a271bb9ba8e67764bd275506	0	0	0	0	0	0	0	0	0	0	0	21	0	0	0	0	0	0	0	0	0	0
b2d982fc45471ecca87fe5baae04fd3b	0	0	14	0	7	0	0	0	0	0	0	0	0	0	0	0	0	0	0	0	0	0
eb4ccf9d09d80f3f4f4bf8af57426d9b	0	0	0	0	0	0	0	0	16	0	0	0	0	0	0	0	0	0	0	0	0	5
3e29046a51e4975965c0f9c864614310	0	0	0	0	0	0	16	0	0	0	0	5	0	0	0	0	0	0	0	0	0	0
81e6ab373dff329dfaaa84c281a7c315	0	0	0	0	0	21	0	0	0	0	0	0	0	0	0	0	0	0	0	0	0	0
b5c3dda76c319e3e46791f53d964f1c9	0	0	0	0	0	0	21	0	0	0	0	0	0	0	0	0	0	0	0	0	0	0
d2746cd6f6a13f2221b6e5651c45a5d3	0	0	0	0	5	0	10	0	0	0	0	0	0	0	0	0	0	0	0	0	0	6
79d31b473ff815efe3758e7ed4558c4b	21	0	0	0	0	0	0	0	0	0	0	0	0	0	0	0	0	0	0	0	0	0
b52ada3948e4ec5902bcce1637911881	20	0	0	0	0	0	0	0	0	0	0	0	0	0	0	0	0	0	0	0	0	0
7d7a4d3914a93ebd853abc2eb84cc039	0	0	0	0	0	0	20	0	0	0	0	0	0	0	0	0	0	0	0	0	0	0
10fbecbe0dca32e913ac442f584601fe	0	0	0	0	0	0	0	0	0	20	0	0	0	0	0	0	0	0	0	0	0	0
2deaf486b66eda8d4e3a2e61cbaf715a	0	0	0	0	2	0	0	11	0	0	0	0	0	0	0	0	0	0	0	0	0	7
6643fb86cf42039b63da4cd38107b2c6	3	0	0	0	0	17	0	0	0	0	0	0	0	0	0	0	0	0	0	0	0	0
367f18f6a20993b27b500d629eca5eba	0	0	0	0	0	0	20	0	0	0	0	0	0	0	0	0	0	0	0	0	0	0
17c928625c2c8c75dd2639196d9758b7	0	0	0	0	0	0	0	0	0	0	0	0	0	0	0	0	0	0	0	0	0	20
a06ba5a81e686cfceb94eca688740ad3	0	0	0	0	0	0	0	0	0	0	0	0	0	0	13	0	0	0	0	5	2	0
1d5dad57858d786803bf5408f9de6212	0	0	0	3	0	0	0	0	0	17	0	0	0	0	0	0	0	0	0	0	0	0
f7be14fbfa94ede595deeae29756303a	0	0	0	0	16	0	0	4	0	0	0	0	0	0	0	0	0	0	0	0	0	0
ebdd4ea780014a80d172a15e760731e1	0	0	0	0	6	0	0	0	0	0	0	0	0	0	14	0	0	0	0	0	0	0
9b32030f1a675a4cd1ee40373a277143	0	0	0	0	0	20	0	0	0	0	0	0	0	0	0	0	0	0	0	0	0	0
76d8595d5e350070ba6f0315ae2f2adc	0	0	0	0	0	0	0	0	0	0	0	0	0	0	20	0	0	0	0	0	0	0
638deef05559ba0908cefa58cc3924ff	0	0	0	0	0	0	0	0	0	0	0	0	0	20	0	0	0	0	0	0	0	0
5be4bed1e5c333e71bd4eeddd18e8582	0	0	0	0	0	0	0	0	0	0	0	0	0	0	20	0	0	0	0	0	0	0
b3179e53fe309de8c4b03e46315cdd42	0	0	0	0	0	0	0	0	0	0	0	0	0	0	0	0	0	20	0	0	0	0
f77133c799bf8f2cc886a12b4fe71d54	0	0	0	0	0	0	0	0	0	20	0	0	0	0	0	0	0	0	0	0	0	0
d50c1e1e7d61b1e126a64baef47e03f9	0	0	0	0	0	0	0	0	0	0	0	0	0	0	0	0	0	0	0	0	19	0
448bdba3f0c5dedc5f14209105b52542	0	0	0	0	0	0	0	0	0	0	0	0	0	0	0	0	0	0	19	0	0	0
a7fdbc6271001ab6c7e9876a53fcbaf6	0	0	0	0	0	10	0	0	9	0	0	0	0	0	0	0	0	0	0	0	0	0
4b21461f73d06abd6963c10cc7f0af2e	7	0	0	0	0	12	0	0	0	0	0	0	0	0	0	0	0	0	0	0	0	0
85a3ae605128f6c4522e593606b20e2e	0	0	19	0	0	0	0	0	0	0	0	0	0	0	0	0	0	0	0	0	0	0
57fa0d2bebab9e57f87a4eb266b30df1	0	0	0	0	0	0	2	0	2	0	0	0	0	0	0	0	6	0	9	0	0	0
a5aa9b40ea76f84ea93fd87fb2a2d7a7	0	0	19	0	0	0	0	0	0	0	0	0	0	0	0	0	0	0	0	0	0	0
8966c77f31d86eea94d11f6315f58cb5	0	0	0	0	0	0	0	8	11	0	0	0	0	0	0	0	0	0	0	0	0	0
a1b8f95e5b991aa9c9b0130edd502b71	0	0	0	0	0	0	14	5	0	0	0	0	0	0	0	0	0	0	0	0	0	0
34435cdaeba17e2bf9be06c8e87d778f	19	0	0	0	0	0	0	0	0	0	0	0	0	0	0	0	0	0	0	0	0	0
1c1c4a54447fc65b9738aca0e645b003	0	0	0	0	0	0	0	19	0	0	0	0	0	0	0	0	0	0	0	0	0	0
11eb59b0671123d2ec1b7efc69368580	0	0	0	0	0	19	0	0	0	0	0	0	0	0	0	0	0	0	0	0	0	0
6285b85d298c1d362c4a373637ff00fa	0	0	0	0	0	0	0	0	0	0	0	0	0	0	10	0	3	0	0	0	6	0
2582d346675cc94503eee3ca42c60565	0	0	0	0	19	0	0	0	0	0	0	0	0	0	0	0	0	0	0	0	0	0
104447db60c075ab3787c02779c49ba0	0	0	0	0	0	0	0	0	0	0	0	0	0	0	0	0	0	0	0	0	19	0
a1f6b22f056771792ad862a66bdc9518	0	0	0	0	0	0	0	0	19	0	0	0	0	0	0	0	0	0	0	0	0	0
8af13a654e7141a62deb5b1a239950fa	0	0	0	0	0	0	0	0	0	0	0	0	0	0	0	0	0	0	0	0	18	0
16d06d726fa8a1be075b33a492ce5130	0	0	0	0	0	0	0	0	0	18	0	0	0	0	0	0	0	0	0	0	0	0
1c525e8c8787a16c73f96b2d58c55c44	0	0	0	0	0	0	0	0	0	0	0	0	0	11	0	0	0	0	0	0	7	0
0815917f68fd65e524e248bffaee4219	0	0	0	0	0	0	0	0	0	0	0	0	0	0	8	0	0	0	1	0	0	9
f05e3e38a0f7de399ae38bd8018710d6	0	0	0	0	0	0	0	0	0	0	0	0	0	5	0	2	0	0	2	6	2	1
34237df55ea8a7d38f2b0cae7c3199a9	0	0	0	0	0	0	0	0	0	0	0	0	18	0	0	0	0	0	0	0	0	0
0f4ef6689195a3319ec67f8b2e1f3207	0	0	0	0	0	0	18	0	0	0	0	0	0	0	0	0	0	0	0	0	0	0
8575faba6a8c0856e555a14b217ad8e1	0	0	0	0	0	0	0	0	0	12	6	0	0	0	0	0	0	0	0	0	0	0
d6ffcaecb15dec7435126314d525df63	0	0	18	0	0	0	0	0	0	0	0	0	0	0	0	0	0	0	0	0	0	0
7e7ec1b19796494dc3cd7c53c33aab98	0	0	0	0	0	0	0	0	18	0	0	0	0	0	0	0	0	0	0	0	0	0
66c84cc50f3a388c11697bcd15abb4c9	0	0	0	0	9	0	0	5	4	0	0	0	0	0	0	0	0	0	0	0	0	0
d14b7a86a202460ee8e60cd083204773	0	0	18	0	0	0	0	0	0	0	0	0	0	0	0	0	0	0	0	0	0	0
a615e0d9503ad112af32144bea8d0437	0	0	0	0	0	0	0	0	0	0	0	0	0	0	0	0	0	0	0	18	0	0
2c345440ea8024b5ea86868071c59487	0	0	0	0	0	18	0	0	0	0	0	0	0	0	0	0	0	0	0	0	0	0
ec725ef386a4827737cfc3160f580e68	0	0	0	0	0	15	0	0	0	0	0	3	0	0	0	0	0	0	0	0	0	0
9da1c9572f10456bdc28cd93e8388a63	0	0	0	0	0	0	0	0	0	0	0	0	0	0	0	0	18	0	0	0	0	0
7de8d79a2a7710a8cb46141ceb34a605	0	0	0	0	0	0	18	0	0	0	0	0	0	0	0	0	0	0	0	0	0	0
79afaf44fc5e17f3baf5586287414785	0	0	0	0	0	0	0	0	0	0	0	0	0	0	0	18	0	0	0	0	0	0
54b14ba4f521601800feab0f81c9e978	0	0	0	0	0	0	0	0	0	0	0	0	0	0	0	0	2	0	0	16	0	0
195b022189f1986036559201ca318594	9	0	0	9	0	0	0	0	0	0	0	0	0	0	0	0	0	0	0	0	0	0
7b4293f449357a7e226159e8799322ee	0	0	0	0	0	0	0	0	0	0	0	0	0	4	0	3	0	8	0	1	0	2
fc75d46693ca8c217b5fc6f57d968647	0	0	0	0	0	0	0	0	17	0	0	0	0	0	0	0	0	0	0	0	0	0
b62f9b124986b88c432a44ddb546a2cc	0	0	0	0	0	0	17	0	0	0	0	0	0	0	0	0	0	0	0	0	0	0
61323a4c9f20aefc39d881d77ba8d11a	0	0	0	0	0	0	0	0	17	0	0	0	0	0	0	0	0	0	0	0	0	0
a448948a6a80dd7a34206592d0419cda	0	0	17	0	0	0	0	0	0	0	0	0	0	0	0	0	0	0	0	0	0	0
6a32e3ca9651a5feeca7236ed5a13475	0	0	0	0	0	0	7	0	4	0	0	0	0	0	0	0	0	0	0	0	0	6
dca637110d020ca3a36679deec1a5b03	13	0	0	0	0	4	0	0	0	0	0	0	0	0	0	0	0	0	0	0	0	0
6987f0e3590c7e0423e77f3e23aa93b4	0	0	0	0	0	0	0	17	0	0	0	0	0	0	0	0	0	0	0	0	0	0
2c70dee283a2964d3bf221a96e785b79	0	0	0	0	0	17	0	0	0	0	0	0	0	0	0	0	0	0	0	0	0	0
9f07dd0972c9fbd20f2af2701160a787	0	0	0	0	0	0	0	0	0	0	0	0	0	0	7	0	0	0	0	0	0	10
6065658a4172df51a000fc398ffbe9a1	0	0	0	0	0	0	0	0	0	17	0	0	0	0	0	0	0	0	0	0	0	0
71c4fa28deb12bb32bc0912e5d547c25	0	0	0	0	0	0	0	0	0	0	0	0	0	0	0	0	0	17	0	0	0	0
fa388ecd98fdbdc89bc5594a064322d0	0	0	0	0	0	0	0	0	0	17	0	0	0	0	0	0	0	0	0	0	0	0
d71ad38ffb20ceeadb129ca764b8dd68	0	0	0	0	0	0	0	0	0	0	0	0	0	0	0	0	11	0	0	0	0	6
eff5345d170b2ff6ee9ac0459b05808f	0	0	0	0	0	0	0	0	0	0	0	0	17	0	0	0	0	0	0	0	0	0
c5d78e76260c288d0506eda91d0afcf8	0	0	0	0	0	0	0	0	17	0	0	0	0	0	0	0	0	0	0	0	0	0
ca639878ea5fca6808414ad5e090e960	0	0	0	0	0	0	17	0	0	0	0	0	0	0	0	0	0	0	0	0	0	0
094d5873dca77d9cea29ce9573cef604	0	0	0	0	0	0	0	0	0	0	0	0	0	0	0	0	8	0	0	0	0	9
ef47bb94bbe2e4f81aa1475cedf6d433	0	0	0	0	0	0	16	0	0	0	0	0	0	0	0	0	0	0	0	0	0	0
0cd1076352d70ca289eb9f996a115e65	0	0	0	0	0	0	0	0	0	0	0	0	0	0	0	0	16	0	0	0	0	0
84b504707e94ea1c065a82cc01ff5643	0	0	0	0	0	0	0	0	0	0	0	0	0	0	0	0	16	0	0	0	0	0
e3cc1d9460d92c6738c8e26bc1aab1f2	0	0	0	0	0	0	0	0	0	0	0	16	0	0	0	0	0	0	0	0	0	0
0ab6c615de16d383216e420c3c1106d8	0	0	16	0	0	0	0	0	0	0	0	0	0	0	0	0	0	0	0	0	0	0
e2c4a67e16929ab4d9e02fef41430e09	0	0	0	0	0	0	0	0	0	2	0	0	0	0	0	5	9	0	0	0	0	0
690f489b7d910e587f9c8bf375a24fce	0	0	0	0	16	0	0	0	0	0	0	0	0	0	0	0	0	0	0	0	0	0
1396d9bc8e444bac5be10e352780a80c	0	0	0	0	0	0	0	0	0	0	0	0	0	0	16	0	0	0	0	0	0	0
a389435753ac401e49c4876e3d8eae1f	10	0	0	0	0	6	0	0	0	0	0	0	0	0	0	0	0	0	0	0	0	0
8a0db9cb8db3c4def23dd2bc21994c4a	16	0	0	0	0	0	0	0	0	0	0	0	0	0	0	0	0	0	0	0	0	0
909e9f73b2fcb4327baf620d550a45c7	0	0	0	0	0	0	0	0	0	0	16	0	0	0	0	0	0	0	0	0	0	0
6a0a8f9dfaa0eead724ab581836850d6	0	0	0	0	0	10	0	6	0	0	0	0	0	0	0	0	0	0	0	0	0	0
b5d2108d9609d9ffdb82b2eb8cabc118	0	0	0	0	0	0	0	0	0	0	0	0	0	0	0	0	0	0	0	16	0	0
400f17cea33e13f4e40def490f701fc6	0	0	0	7	0	9	0	0	0	0	0	0	0	0	0	0	0	0	0	0	0	0
4608b214d75ddd1411d477b8515e11ae	0	0	0	16	0	0	0	0	0	0	0	0	0	0	0	0	0	0	0	0	0	0
120057a58b27041a29112c728f0975dc	0	0	0	0	0	0	0	0	0	0	0	0	0	0	0	0	0	0	0	0	16	0
72583f1f8c12ceaf4993cce67fb7fb35	0	0	0	0	0	0	16	0	0	0	0	0	0	0	0	0	0	0	0	0	0	0
0342eeb745edd6fa9f1f57a0413d0758	0	0	0	0	0	0	0	0	0	0	8	0	7	0	0	0	0	0	0	0	0	0
3b6fd1a8ac019a77ac85828ac9fd7a66	0	0	0	0	0	0	0	0	0	0	0	0	0	0	4	5	0	0	0	2	0	4
185426937c50e35e44d1d22e7b189752	0	0	0	0	0	0	0	0	0	0	0	0	0	9	0	0	2	3	0	0	0	1
0625c38c1c0adca7cc1bfa2dae1475bf	0	0	0	0	0	0	0	0	0	0	0	0	0	0	0	0	0	0	0	0	15	0
4949d0ed820ab0306eff6c96aebaeac7	0	0	0	0	0	0	0	0	0	0	15	0	0	0	0	0	0	0	0	0	0	0
e5a9a2a7480b07593242a0240a4f96ac	0	0	0	0	0	0	0	0	0	0	0	0	15	0	0	0	0	0	0	0	0	0
95b31ca23c9e9b8ae7231f3f9cc1b35f	0	0	0	0	0	0	0	0	0	0	0	0	0	0	0	0	15	0	0	0	0	0
b7cfa1680d7c7c9ca3d20d8902939fb2	0	0	0	0	0	0	15	0	0	0	0	0	0	0	0	0	0	0	0	0	0	0
5e2e9c5dba1d40fab20341df15bb7770	0	0	0	0	0	0	0	0	0	0	15	0	0	0	0	0	0	0	0	0	0	0
c18f33802733072b2eb2fcdfba7fb4d8	0	0	0	0	0	15	0	0	0	0	0	0	0	0	0	0	0	0	0	0	0	0
279a598620025f42f662d10c470297c1	0	0	0	0	0	15	0	0	0	0	0	0	0	0	0	0	0	0	0	0	0	0
9c95eb1193f0a4c53efaf237c5b81877	0	0	0	0	0	15	0	0	0	0	0	0	0	0	0	0	0	0	0	0	0	0
67b7ef095b0dc308d57acb1ac3576104	0	0	0	0	0	0	0	0	0	0	0	3	0	0	0	0	0	7	0	0	0	5
55558f454596d88b2dd9cea40a3059d9	0	0	0	0	0	15	0	0	0	0	0	0	0	0	0	0	0	0	0	0	0	0
787d0549a0f784df0be0a9e6eb68ea7e	0	0	0	0	0	0	0	0	0	15	0	0	0	0	0	0	0	0	0	0	0	0
dbe92ae439cef590d1f811e9c75594e6	15	0	0	0	0	0	0	0	0	0	0	0	0	0	0	0	0	0	0	0	0	0
899d42070c33041d59480781366dc958	0	0	15	0	0	0	0	0	0	0	0	0	0	0	0	0	0	0	0	0	0	0
dc6db78c575dfb0f7b0d88875ee86d62	15	0	0	0	0	0	0	0	0	0	0	0	0	0	0	0	0	0	0	0	0	0
31ee7047bcebb41c27ce5ee27dc747d5	0	0	0	0	0	0	0	0	0	0	0	0	0	0	0	0	0	0	0	0	15	0
668d07abbf02a3135ff86bffe45e77cd	0	0	0	0	0	15	0	0	0	0	0	0	0	0	0	0	0	0	0	0	0	0
e9b7bf2e1f0f43f06cf48c86130fa7d2	0	0	0	0	0	0	0	0	0	0	0	0	0	0	0	0	0	0	14	0	0	0
5406568f0185d8f6ecc489c1f51a1544	0	0	0	0	0	0	14	0	0	0	0	0	0	0	0	0	0	0	0	0	0	0
62c1c6c01771bf4e84fb1997bf2dd4f1	0	0	0	0	0	0	0	0	0	4	0	0	0	0	0	0	0	0	0	0	0	10
2c49327db6f18c1857b1376ff3e07033	0	0	0	0	0	0	0	0	0	0	0	0	0	0	0	0	0	0	0	0	0	14
b87ce573a5062ddd322eb150a4e209cc	0	0	0	0	0	0	0	0	0	0	0	0	0	0	0	0	0	0	0	14	0	0
ee66b92dcb82765a5f2d31a55bbbbe54	0	0	0	0	0	0	14	0	0	0	0	0	0	0	0	0	0	0	0	0	0	0
6f9d08a0ea17d139bd14ef531671f1d8	0	0	0	0	0	0	0	0	0	0	0	0	0	0	0	0	0	0	0	14	0	0
e588406ebb71a7437c34f7c6d5454ebe	14	0	0	0	0	0	0	0	0	0	0	0	0	0	0	0	0	0	0	0	0	0
0f6888824c498ba57d88754abe4df304	0	0	0	0	0	0	0	0	0	0	0	0	0	0	0	0	0	0	0	14	0	0
fb77db76ef51f37891021b2a6cd7a431	0	0	0	0	0	0	0	0	0	0	0	14	0	0	0	0	0	0	0	0	0	0
0bfe52a2fe1f2f987e82bfc0ff8513ef	0	0	0	0	0	0	0	0	0	0	0	0	0	0	0	0	0	0	0	14	0	0
22eecf4d1f48a36297442e9987421486	0	0	0	0	0	0	0	0	0	0	0	0	14	0	0	0	0	0	0	0	0	0
f3bb596c71588b908e707acf7716d477	0	0	0	0	9	0	0	0	0	0	0	0	5	0	0	0	0	0	0	0	0	0
0601c8d8a93fa9c1bb6479cc234e0490	0	0	0	0	0	0	0	0	0	0	0	0	0	0	0	0	0	0	9	0	5	0
4c7c7292d1797006ee172aa0eaff608b	0	0	0	0	0	0	0	0	0	0	0	0	0	0	14	0	0	0	0	0	0	0
9699c7bef33f3c724876a3797e717b69	0	0	0	0	0	0	0	14	0	0	0	0	0	0	0	0	0	0	0	0	0	0
58dc46235f4b9a56095e11844b99946f	14	0	0	0	0	0	0	0	0	0	0	0	0	0	0	0	0	0	0	0	0	0
e6676690fe9c4611c351499d983d29c1	0	0	0	0	0	0	14	0	0	0	0	0	0	0	0	0	0	0	0	0	0	0
a48b0d039c5c8d059096e99693af95f0	0	0	0	0	0	0	14	0	0	0	0	0	0	0	0	0	0	0	0	0	0	0
cc60ef6304e8b7228e41d0eb058fac85	0	0	0	0	0	0	0	0	0	0	0	0	0	5	9	0	0	0	0	0	0	0
8c11b94b768366c682a5641a39c43ae1	0	0	0	0	0	0	0	0	0	0	0	0	0	0	0	0	14	0	0	0	0	0
719bde81123fe53dfb4403f8eef81333	4	0	0	0	0	0	0	0	10	0	0	0	0	0	0	0	0	0	0	0	0	0
50b8e6df247d7577590396de76fedd3c	0	0	0	0	0	0	0	14	0	0	0	0	0	0	0	0	0	0	0	0	0	0
d194294cee0956e87b3cf0c5b9579269	0	0	0	0	0	0	0	0	0	0	0	0	0	0	0	0	0	0	0	14	0	0
96bc9e57cc65e46624a3c9a20bfaa2d1	0	0	0	0	0	0	0	0	0	0	0	14	0	0	0	0	0	0	0	0	0	0
9c6fa4c57aef5f796fd6b11a4a221994	0	0	0	0	0	0	0	0	0	0	0	14	0	0	0	0	0	0	0	0	0	0
e061b709f4057ad2061b24d9fc1800a8	0	0	0	0	0	0	0	14	0	0	0	0	0	0	0	0	0	0	0	0	0	0
8b6a3f412fb5cea66ba01782a726f122	0	0	0	0	0	0	0	0	0	0	0	0	0	0	0	0	14	0	0	0	0	0
483fd8d202560a20c830abfe0583ef43	0	0	0	0	0	0	0	0	0	0	14	0	0	0	0	0	0	0	0	0	0	0
620c8826c7c9231d6b78e856aa0399e8	0	0	0	0	0	0	0	0	0	0	14	0	0	0	0	0	0	0	0	0	0	0
5e7c5488db80a970b957e8783fc4c68d	0	0	0	0	0	0	0	0	0	0	0	0	0	0	0	0	0	0	0	13	0	0
0ceff82d3dda0b17d97018fb49142100	0	0	0	0	0	0	0	0	0	0	0	0	0	0	0	0	0	0	0	0	13	0
973d8a3afe520c428d97db6e5434e196	0	0	0	0	0	0	0	0	0	0	0	0	0	0	13	0	0	0	0	0	0	0
56a98e12d0650f0b75466ac6d2d20f02	0	0	0	0	0	0	0	0	0	13	0	0	0	0	0	0	0	0	0	0	0	0
f2b8fc91cb0e0d0f89719dca0be46716	0	0	0	0	0	0	0	0	0	0	0	0	0	0	0	0	13	0	0	0	0	0
d64ccedbced1ce1bce09aa61f4846cef	0	0	0	0	0	0	13	0	0	0	0	0	0	0	0	0	0	0	0	0	0	0
d61ac5d55986b7fcb6a6e16afc6e0874	0	0	0	0	0	13	0	0	0	0	0	0	0	0	0	0	0	0	0	0	0	0
9bbfdaf2bcaf07569c323a81aa1fc078	0	0	0	0	0	0	0	0	13	0	0	0	0	0	0	0	0	0	0	0	0	0
fce04bfd74657cd39ed56756a127de98	0	0	0	0	0	0	0	0	0	0	0	0	0	0	0	0	0	0	0	13	0	0
58c70e5fe432398b4674b0d7e054dbd7	0	0	0	0	0	0	0	0	0	13	0	0	0	0	0	0	0	0	0	0	0	0
211adae2422a69b9c5f24b2290254590	0	0	13	0	0	0	0	0	0	0	0	0	0	0	0	0	0	0	0	0	0	0
a825df30234764134c7571f83d74317b	0	0	0	0	0	0	6	0	7	0	0	0	0	0	0	0	0	0	0	0	0	0
f290faac0097378619267367af1b9dfd	0	0	0	0	0	0	9	0	0	0	0	0	4	0	0	0	0	0	0	0	0	0
d950a7cbc086ef24a8a70dd5156a1ecd	0	0	0	0	0	0	0	0	0	0	0	0	0	0	0	0	0	0	0	0	0	13
19e15bad1859fab1ed46d76efe517323	0	0	0	0	0	13	0	0	0	0	0	0	0	0	0	0	0	0	0	0	0	0
d9b4c6bd65ef07585eb19564d1a31d83	0	0	13	0	0	0	0	0	0	0	0	0	0	0	0	0	0	0	0	0	0	0
1c0be35a73f7c86835e519386e7739ff	0	0	0	0	0	0	0	13	0	0	0	0	0	0	0	0	0	0	0	0	0	0
14b8819da8def706fe9c29d6b0bd2d04	9	0	0	0	0	4	0	0	0	0	0	0	0	0	0	0	0	0	0	0	0	0
c9fbb862e82c3e28410fb67bb25b9965	0	0	0	0	0	0	0	0	5	0	0	0	0	0	0	0	0	0	0	0	0	8
f916b7bb9ecf040ff54af2287930deca	0	0	0	0	0	0	0	0	0	0	0	0	0	0	0	13	0	0	0	0	0	0
71bd8c3b8bc64b8ae996226e86a938de	0	0	0	0	0	0	0	8	0	0	0	5	0	0	0	0	0	0	0	0	0	0
2cc3b66aa620f710f1b47be856c751fa	0	0	0	0	0	0	0	0	0	0	13	0	0	0	0	0	0	0	0	0	0	0
c62384ff41af318d511754d7cabc5fac	0	0	0	12	0	0	0	0	0	0	0	0	0	0	0	0	0	0	0	0	0	0
db56985b1be2efee5da8df300e8aa7b2	0	0	0	0	0	0	0	0	0	0	0	0	0	0	0	0	0	0	0	12	0	0
a1185ff375eeb274569f8691b8de801e	0	0	0	0	0	0	0	0	0	0	0	0	0	12	0	0	0	0	0	0	0	0
a9598ab60dfccd86849a1d3520d1cec2	0	0	0	0	0	0	0	0	0	0	0	0	0	0	0	0	0	0	0	12	0	0
93c0655b60f1915ae41a322dc6b20cc9	0	0	0	0	0	0	0	0	0	0	0	12	0	0	0	0	0	0	0	0	0	0
bddd65c3e6f8279c8c746f259e76f4e1	0	0	0	0	0	0	0	0	0	0	0	0	0	0	0	0	0	0	0	0	12	0
78217808b96ba6705f9a6b3b62450194	0	0	0	0	0	0	0	0	0	0	0	0	0	0	0	0	0	0	0	12	0	0
ac4be631eb0e14723a2dbabba3a82249	0	0	0	0	0	0	0	0	0	0	0	0	0	0	0	0	0	0	0	0	12	0
bac3704f1609a6e5e9da91dc550e8dd8	0	0	0	0	0	0	0	0	0	0	0	0	0	0	0	0	0	0	0	0	0	12
66ded72627bf5781374188b657fed1b5	0	0	12	0	0	0	0	0	0	0	0	0	0	0	0	0	0	0	0	0	0	0
ebeee8c2f6a1e95c159623cda9089771	12	0	0	0	0	0	0	0	0	0	0	0	0	0	0	0	0	0	0	0	0	0
853905b5440b2abd41c8d75057c0be78	0	0	0	0	0	0	0	0	0	0	0	0	0	0	0	0	0	0	0	0	12	0
f21bc2180d7fbf3489d02fec275c6377	0	0	0	0	0	0	0	0	0	0	0	12	0	0	0	0	0	0	0	0	0	0
7062daec48de072aa20248f235a25755	0	0	0	0	0	0	0	12	0	0	0	0	0	0	0	0	0	0	0	0	0	0
b659e58737506221157d7c2c34108710	0	0	0	0	0	12	0	0	0	0	0	0	0	0	0	0	0	0	0	0	0	0
3189c72c21ca0769fa96b82601a6a948	0	0	12	0	0	0	0	0	0	0	0	0	0	0	0	0	0	0	0	0	0	0
4296d79f83f8e2c304cd898d737626ec	0	0	0	0	0	9	0	0	0	0	0	0	3	0	0	0	0	0	0	0	0	0
ef673014d6b94482369bc7ad4231b827	0	0	0	0	0	0	12	0	0	0	0	0	0	0	0	0	0	0	0	0	0	0
6d3085f47a979cc4a4363bc349cc889a	0	0	0	0	0	0	0	0	0	0	0	0	0	0	0	0	0	0	0	0	0	12
b5cc599fbae85deca7df9e6bae017f60	0	0	0	0	0	0	0	0	0	0	0	12	0	0	0	0	0	0	0	0	0	0
3f96e0217fce31a5fb9dfeae923debca	0	0	0	0	0	0	0	0	0	0	0	0	0	0	0	0	0	0	6	0	0	6
93be61d0775722f22f1237579a29a430	0	0	0	0	0	0	0	0	0	0	0	0	0	0	6	0	0	0	0	0	0	6
634d8f2c71d2d2f822f21eb5bed874ce	0	0	0	0	0	0	0	0	0	0	0	0	0	0	0	12	0	0	0	0	0	0
8fcebcef589f9dec065f46c6894d85b4	0	0	0	0	0	0	0	0	0	0	0	0	12	0	0	0	0	0	0	0	0	0
99558b9f4aad5deeda1761c8417e6bfe	0	0	0	0	0	0	12	0	0	0	0	0	0	0	0	0	0	0	0	0	0	0
263f02c2070d8ee8a11924e474318927	0	0	0	0	0	0	12	0	0	0	0	0	0	0	0	0	0	0	0	0	0	0
e51cf7205e545b42f0dcc215088a9287	0	0	0	0	0	0	0	0	0	0	0	0	0	0	0	0	0	0	0	0	12	0
d97342afacddab3bbabbec2c93290fb8	0	0	0	0	0	0	0	0	0	0	0	0	0	4	5	0	0	0	1	2	0	0
633307bb6a87c6f52537bb4d3f146638	0	0	0	0	0	0	0	0	0	0	0	0	0	11	0	0	0	0	0	0	0	0
cbcdd2b9cefaf81e66422d38e2a48107	0	0	0	0	0	0	0	0	0	0	0	0	0	8	0	3	0	0	0	0	0	0
aba9aa1c134a514e4ce9fba149da2985	0	0	0	0	0	11	0	0	0	0	0	0	0	0	0	0	0	0	0	0	0	0
1964550b1c8e5e0b6f3cb4afd19d966e	0	0	0	0	0	0	0	0	0	0	0	0	0	0	11	0	0	0	0	0	0	0
6affbbe1230e36f2ef255f65bd9f9d75	0	0	0	0	0	0	0	0	0	0	0	0	0	0	0	0	0	11	0	0	0	0
8cd73002d42268bafffacd2f3f03e6b3	0	0	0	0	0	0	0	0	0	0	0	0	0	0	0	0	0	0	0	11	0	0
ce2a75779553a44bf0884f70407acdc1	0	0	0	0	0	0	0	0	0	0	0	0	0	0	0	0	11	0	0	0	0	0
19f43c0c2a11298d19775764608fbaef	11	0	0	0	0	0	0	0	0	0	0	0	0	0	0	0	0	0	0	0	0	0
cbbfb033c951182c924f670c6d7008e7	0	0	0	0	0	0	11	0	0	0	0	0	0	0	0	0	0	0	0	0	0	0
cb68007f04101e96acce324455bd5a09	0	0	0	0	0	0	0	11	0	0	0	0	0	0	0	0	0	0	0	0	0	0
e04d88067ca49c562f7fd4ccb7e11a49	0	0	0	0	0	0	0	0	0	0	11	0	0	0	0	0	0	0	0	0	0	0
cb7c73bb02bce4a332657f70f64d2f94	0	0	0	0	11	0	0	0	0	0	0	0	0	0	0	0	0	0	0	0	0	0
4225e40b8fff4727459aaa73ca721a46	0	0	0	0	0	0	0	0	11	0	0	0	0	0	0	0	0	0	0	0	0	0
de99c2e4ecaa4027f5c8b43c4af820f3	0	0	0	0	0	0	0	0	11	0	0	0	0	0	0	0	0	0	0	0	0	0
9546e498b6779ec5ebbb165e55b0ecf7	0	0	0	0	0	0	0	0	0	0	0	0	0	0	0	0	0	0	0	0	0	11
880c6becc67c5dff54abf4fa153689d2	0	0	0	0	0	0	0	0	0	0	0	0	0	0	0	0	0	0	0	11	0	0
61d562181aa136b829466118de733dd1	0	0	11	0	0	0	0	0	0	0	0	0	0	0	0	0	0	0	0	0	0	0
4f1fdf710db5c531e39d9c86f1feab8f	0	0	0	0	0	0	0	0	0	0	0	11	0	0	0	0	0	0	0	0	0	0
55b957331fdc3ba71925889794583786	0	0	0	11	0	0	0	0	0	0	0	0	0	0	0	0	0	0	0	0	0	0
7873eaf26c8a8da7b500b6f6c851b12a	0	0	0	0	0	0	0	0	0	0	0	0	0	0	0	0	0	11	0	0	0	0
f9b1cb02471155140eccdab0c76e94c5	0	0	0	0	0	0	0	0	0	0	0	11	0	0	0	0	0	0	0	0	0	0
ca9986956b1175e05ab97b9b9cf7bfb1	0	0	0	0	0	0	0	0	0	0	11	0	0	0	0	0	0	0	0	0	0	0
3792a68fa38d68ebae67794793d59630	0	0	0	11	0	0	0	0	0	0	0	0	0	0	0	0	0	0	0	0	0	0
1b23ea1cbe0ef410b9f294f227b48cb0	0	0	0	0	0	0	11	0	0	0	0	0	0	0	0	0	0	0	0	0	0	0
6d75f784644b2ee16b4b48879be9e044	0	0	11	0	0	0	0	0	0	0	0	0	0	0	0	0	0	0	0	0	0	0
2bd102fbcc47f7fe7e6463beb7653d6f	0	0	0	0	0	0	0	0	0	11	0	0	0	0	0	0	0	0	0	0	0	0
fe60b9b016c0e5916fd64d0b8035b62e	0	0	0	0	0	0	0	0	0	0	0	0	0	0	11	0	0	0	0	0	0	0
af318ad353074237a67040aa227bb199	0	0	0	0	0	0	0	0	0	0	0	0	0	0	0	0	0	0	0	0	11	0
617192fd29afc2d3d1bf1797c43af8d4	0	0	0	0	0	0	11	0	0	0	0	0	0	0	0	0	0	0	0	0	0	0
12d362b4a8875e3627dc795a133dfdb3	0	0	0	0	0	0	0	0	0	0	0	0	11	0	0	0	0	0	0	0	0	0
7c328b15212dcac29d57b5d055739026	0	0	0	0	0	0	11	0	0	0	0	0	0	0	0	0	0	0	0	0	0	0
588e427001c85629940214288c02f45e	0	0	5	0	0	0	6	0	0	0	0	0	0	0	0	0	0	0	0	0	0	0
4f99fcf7df8a660107d58b7497b50f9f	11	0	0	0	0	0	0	0	0	0	0	0	0	0	0	0	0	0	0	0	0	0
1b754bb8a21480feb904e5f80e84640d	0	0	0	0	0	0	0	0	0	0	0	0	0	5	0	0	3	0	3	0	0	0
a49748f6c8e50c6d5250109163d8c20e	0	0	0	0	0	0	0	0	0	0	0	0	0	0	5	0	0	0	6	0	0	0
14dac7c1fcee46d72a8ae9b75cb4d5ea	0	0	0	0	0	0	10	0	0	0	0	0	0	0	0	0	0	0	0	0	0	0
129b0d727c35867028e72375faffe740	0	0	0	0	0	0	0	0	0	0	0	0	0	4	3	0	0	0	0	3	0	0
0a5061a4f206b4bd4e1fce962ab5172c	0	0	0	0	0	0	0	0	0	0	0	0	0	4	0	0	0	0	6	0	0	0
12af861683d56eaaccc405cd8a82afbe	0	0	0	0	0	0	0	0	0	0	0	0	0	4	0	0	0	2	2	0	0	2
63e28518c441bde0cd92791117036ba7	10	0	0	0	0	0	0	0	0	0	0	0	0	0	0	0	0	0	0	0	0	0
900a64c20504318832b1c774da20e8e5	0	0	0	0	0	10	0	0	0	0	0	0	0	0	0	0	0	0	0	0	0	0
a34d352aaa18a0ee55ea8b9e55be6e05	10	0	0	0	0	0	0	0	0	0	0	0	0	0	0	0	0	0	0	0	0	0
9fc9f720ad25d5f59b86b30f1ccfe325	0	0	0	0	0	0	0	0	0	0	0	0	0	0	0	0	0	0	0	10	0	0
f651eccd711b7942098376a115877a29	0	0	0	0	0	0	10	0	0	0	0	0	0	0	0	0	0	0	0	0	0	0
7a411f5f7afa384144c3c011e13a4136	0	0	0	0	0	10	0	0	0	0	0	0	0	0	0	0	0	0	0	0	0	0
e1da61d677c76d9774cb53cd2e3c1e8a	0	0	0	0	0	0	0	0	0	0	0	0	0	0	6	0	0	0	4	0	0	0
43aa938254ed923d5643f93e8412cf97	0	0	0	0	0	0	0	0	0	0	0	0	0	0	0	0	0	7	0	3	0	0
36494d1abfe65519ff5e86885c515643	0	0	0	0	0	0	4	0	0	0	0	0	0	0	0	6	0	0	0	0	0	0
a19d00515eff30dbb22435c3880e11fc	0	0	0	0	0	0	0	0	0	0	0	10	0	0	0	0	0	0	0	0	0	0
edd8d004f7b68f3eaba54f305f62960b	10	0	0	0	0	0	0	0	0	0	0	0	0	0	0	0	0	0	0	0	0	0
e732d5a86a646a769c5089c817392f94	0	0	0	0	0	0	0	0	0	0	0	0	0	0	0	0	5	0	0	0	5	0
510fee345bff4eaa26dcdff4cc6d23ff	0	0	0	0	0	0	0	0	0	10	0	0	0	0	0	0	0	0	0	0	0	0
b3d6a7877631088eca528462621d56db	0	0	0	0	0	0	0	0	0	10	0	0	0	0	0	0	0	0	0	0	0	0
736bb83d34984df5f5d49a24eabb583a	0	0	0	0	0	0	0	10	0	0	0	0	0	0	0	0	0	0	0	0	0	0
1eee791a292ad366e1baa627ab426148	0	0	10	0	0	0	0	0	0	0	0	0	0	0	0	0	0	0	0	0	0	0
a05e98d5cef3641742c9afac8be130cc	0	0	0	0	0	0	10	0	0	0	0	0	0	0	0	0	0	0	0	0	0	0
1eb6a5c17a1cdbfc2ef32ad1896e7631	0	0	0	0	0	0	0	0	7	0	0	0	0	0	0	0	0	0	0	3	0	0
8faaf508a99a0522f91218af2cd84292	0	0	0	0	0	0	0	10	0	0	0	0	0	0	0	0	0	0	0	0	0	0
d92fbf81132e54016eec1c37a1f0c6cd	10	0	0	0	0	0	0	0	0	0	0	0	0	0	0	0	0	0	0	0	0	0
127f33bcb53f4f066640421ac4493a78	4	0	0	0	0	0	6	0	0	0	0	0	0	0	0	0	0	0	0	0	0	0
4c23f4691af6ec055e30dcaccd105bc5	0	0	10	0	0	0	0	0	0	0	0	0	0	0	0	0	0	0	0	0	0	0
38da0d575c1d9ad97c7675922f48fa34	0	0	0	0	0	0	0	0	0	0	0	0	0	0	0	0	0	0	10	0	0	0
abb617065115c5d83d12979a9f42aae7	0	0	0	0	0	0	0	0	0	0	0	10	0	0	0	0	0	0	0	0	0	0
366bc4c49f595a556dbfb75dfdebf281	0	0	0	0	0	0	0	0	0	0	0	0	10	0	0	0	0	0	0	0	0	0
d2cac7d5d49ae3b370c17f5635a09c8a	0	0	0	0	0	0	0	0	5	0	0	0	5	0	0	0	0	0	0	0	0	0
e3cd2a69622b29ffac7eabcd88375124	0	0	0	0	0	0	0	10	0	0	0	0	0	0	0	0	0	0	0	0	0	0
3bf2779c83309e5a643bd8dd1c40a208	0	0	0	0	0	0	0	0	0	0	0	0	0	0	0	0	0	10	0	0	0	0
7ad8ec8bb290f969f3cbf739694a8295	0	0	0	0	0	0	0	0	0	0	0	0	0	0	0	0	10	0	0	0	0	0
25598596f56d9ef292d9359f39acf5c4	0	0	0	0	0	0	0	0	6	0	0	0	0	0	0	0	0	0	0	0	0	4
b5a205111227294589e667e5b328c09d	0	0	0	0	0	0	0	0	0	0	0	10	0	0	0	0	0	0	0	0	0	0
26a776d2ec1fefbb9c9159f9f8ff656e	0	0	0	0	0	0	10	0	0	0	0	0	0	0	0	0	0	0	0	0	0	0
ba4b8f5b7044f341a9af6c040d7f4c2d	0	0	0	0	0	0	0	0	0	0	0	0	0	0	0	0	0	10	0	0	0	0
e6b326dc7c2d9a5b29223266f66a74d6	0	0	0	0	0	0	0	0	0	0	0	0	0	0	0	0	2	0	8	0	0	0
66702c3e281dbdbeec7e70c9b5348a87	0	0	0	0	0	0	0	0	0	0	0	0	0	0	0	0	0	0	0	0	0	10
4feb4b173303ddb9cbca2d59d0096702	0	0	0	0	0	0	0	0	0	0	0	0	0	0	0	0	0	10	0	0	0	0
21511c876175c8c8f0df8007218432e4	0	0	0	0	0	0	0	0	0	0	0	0	0	0	10	0	0	0	0	0	0	0
798a21522f48ab950529b1872ab30b1d	0	0	0	0	0	0	0	0	0	0	0	0	0	0	10	0	0	0	0	0	0	0
1783f276a905432222dd158e3f8ed267	0	0	10	0	0	0	0	0	0	0	0	0	0	0	0	0	0	0	0	0	0	0
8d9960d6690ca7bd61e0887e4faa19ac	0	0	0	0	0	0	0	0	0	0	0	10	0	0	0	0	0	0	0	0	0	0
32f8d94d8492ef9a36b36c959d73f60d	0	0	0	0	10	0	0	0	0	0	0	0	0	0	0	0	0	0	0	0	0	0
a44a48ec88b2dd714e30167a4041c94a	0	0	0	0	0	0	0	0	7	0	0	0	3	0	0	0	0	0	0	0	0	0
9cb32589bffedd322f0634407bd5bbef	5	0	0	0	0	0	0	0	0	0	0	0	0	0	0	0	0	0	5	0	0	0
6853336602a5d5621c6dab48e184eee5	0	0	0	0	0	0	0	0	0	10	0	0	0	0	0	0	0	0	0	0	0	0
2a353332e332f8a38f69fee6144754b5	0	0	0	0	0	0	0	0	0	0	9	0	0	0	0	0	0	0	0	0	0	0
6723b8e3e0999d5f64927574df67fd90	0	0	0	0	0	0	0	0	0	9	0	0	0	0	0	0	0	0	0	0	0	0
7d39e2c35ce47d208d40031680aa3788	0	0	0	0	0	0	0	0	0	0	0	0	9	0	0	0	0	0	0	0	0	0
7160cbfa89de0b0908d629b2d0a24d5a	0	0	0	0	0	0	0	0	0	0	0	0	0	0	0	0	0	0	0	0	9	0
4cc57a2de40ca35de240bb89fb0eda81	9	0	0	0	0	0	0	0	0	0	0	0	0	0	0	0	0	0	0	0	0	0
61d9ec2ed96ca1c91601d742c86dce90	0	0	0	0	0	0	0	0	0	0	9	0	0	0	0	0	0	0	0	0	0	0
0892062db3a8350904b489afe25ba188	0	0	0	0	0	0	9	0	0	0	0	0	0	0	0	0	0	0	0	0	0	0
c52782414142588fa9525a87f3092d20	0	0	0	0	0	0	9	0	0	0	0	0	0	0	0	0	0	0	0	0	0	0
1c3702be8a58ed779ea5ea66a10aa358	0	0	0	0	0	0	0	0	0	0	0	0	0	0	0	0	9	0	0	0	0	0
5f4deec63f93f750c870efc1a623f63f	0	0	0	0	0	0	0	0	0	0	0	0	0	0	0	9	0	0	0	0	0	0
c6b66372492b3257dc2c81bcc0c486d9	0	0	0	0	0	0	9	0	0	0	0	0	0	0	0	0	0	0	0	0	0	0
9f51848aa20aaf23e9c2a4348179b7de	0	0	0	0	0	0	9	0	0	0	0	0	0	0	0	0	0	0	0	0	0	0
8537f1acab7a3c520892245388d2d6dd	0	0	0	0	9	0	0	0	0	0	0	0	0	0	0	0	0	0	0	0	0	0
81418fad5ad351dfaf28cc64d8f81450	9	0	0	0	0	0	0	0	0	0	0	0	0	0	0	0	0	0	0	0	0	0
a4b29cd14b82cddc4600ac30bb7076b7	0	0	0	4	0	0	0	0	0	0	5	0	0	0	0	0	0	0	0	0	0	0
6dd8b83dcd86b8444c6b2c9402b77365	0	0	0	0	0	0	0	0	0	0	0	9	0	0	0	0	0	0	0	0	0	0
f8b6e075e9bcbaa5a01e35ff2f132072	0	0	0	0	0	0	0	0	0	0	0	0	0	0	0	0	0	0	9	0	0	0
bedaca88f21778e296d077a27cd6a2f7	0	0	0	0	0	0	0	0	0	0	0	0	0	0	0	0	9	0	0	0	0	0
8ff15d17adfabc900f2f7f95141289ec	0	0	0	9	0	0	0	0	0	0	0	0	0	0	0	0	0	0	0	0	0	0
df8662c105f5b2189eda4a224ae96e0b	0	0	0	0	0	0	0	0	0	0	0	9	0	0	0	0	0	0	0	0	0	0
ecb241cb8fb05fabd9496c15e64305f9	0	0	0	0	0	9	0	0	0	0	0	0	0	0	0	0	0	0	0	0	0	0
92ff4f4fdd61ea6b0afb036f127a2235	0	0	0	0	0	9	0	0	0	0	0	0	0	0	0	0	0	0	0	0	0	0
6b83ec6ab868d460a78ed599b4645091	0	0	0	0	0	9	0	0	0	0	0	0	0	0	0	0	0	0	0	0	0	0
439de86f8c1f0c131d768061fb79394e	0	0	0	0	0	0	0	9	0	0	0	0	0	0	0	0	0	0	0	0	0	0
fd969e7911bf378cfc5108dd2a43d1b7	0	0	0	0	0	0	0	3	0	0	0	6	0	0	0	0	0	0	0	0	0	0
430aad7f6077de7676542faf7df320cf	0	0	0	0	0	0	9	0	0	0	0	0	0	0	0	0	0	0	0	0	0	0
ae7887c03d19aa902ec6b351070ef6ad	0	0	0	9	0	0	0	0	0	0	0	0	0	0	0	0	0	0	0	0	0	0
3fada4589e5adacf9481907f69db3e20	0	0	0	0	0	0	0	0	9	0	0	0	0	0	0	0	0	0	0	0	0	0
e88db74f1e49ae43789104a88110fef4	0	0	0	0	0	0	0	0	0	0	0	0	0	0	0	0	9	0	0	0	0	0
7347d472efb04305a6685542bf4e0098	0	0	0	0	0	0	0	0	0	0	0	0	0	0	9	0	0	0	0	0	0	0
22f0e549e04a321bb1170c31d820d6a9	0	0	0	0	0	0	9	0	0	0	0	0	0	0	0	0	0	0	0	0	0	0
8f1e5e271455aa6226f06df5b8ee0c44	0	0	0	0	0	0	0	0	0	0	0	0	0	9	0	0	0	0	0	0	0	0
9de937a1a76513bdfa2009a2b6d68439	0	0	0	0	0	0	0	0	0	0	0	0	0	0	0	9	0	0	0	0	0	0
1f4ac71726ef386133dbb8a9fe8ae329	0	0	0	0	0	0	9	0	0	0	0	0	0	0	0	0	0	0	0	0	0	0
d4d59add3837902877f0b703cc8c58db	0	0	0	0	0	0	0	0	9	0	0	0	0	0	0	0	0	0	0	0	0	0
aa93f68e08979aa6097ed159c8bd2ee6	0	0	0	9	0	0	0	0	0	0	0	0	0	0	0	0	0	0	0	0	0	0
38dae65ec76411b051eaeb2b82876996	0	0	0	0	0	0	4	0	0	0	0	0	5	0	0	0	0	0	0	0	0	0
13a918a4284e77603d6c32202898f4dc	0	0	0	0	0	0	0	0	0	0	0	0	9	0	0	0	0	0	0	0	0	0
94406ace61c4185bb6c4e96d9a458ba6	0	0	0	0	0	0	0	0	0	0	9	0	0	0	0	0	0	0	0	0	0	0
20cfdaef8bc22251691f1f503444eb72	0	0	0	0	0	0	0	0	0	0	0	9	0	0	0	0	0	0	0	0	0	0
b8c3c748e34392d0ae289a38f2c22174	0	0	0	0	0	0	8	0	0	0	0	0	0	0	0	0	0	0	0	0	0	0
4be57041342a23d32b1f1ddacde2ee3e	0	0	0	0	0	0	8	0	0	0	0	0	0	0	0	0	0	0	0	0	0	0
b654aed389b5067b22551aecda6f24e8	0	0	0	0	0	0	0	0	0	0	0	8	0	0	0	0	0	0	0	0	0	0
ae01dee327618f4289d4aace7410097b	0	0	0	0	0	0	0	0	0	0	0	0	0	0	0	0	0	0	0	0	0	8
bfeaabe47db581f51e4b23fdceb2a941	0	0	0	0	0	0	0	0	0	0	0	0	0	0	0	0	0	8	0	0	0	0
764b2373930bf08e1124ea0046915408	0	0	0	0	0	0	0	0	0	0	0	8	0	0	0	0	0	0	0	0	0	0
394501e2fe99b687a0c4578383772f3b	0	0	0	0	0	0	0	0	0	0	0	0	0	0	0	0	0	0	0	0	8	0
7bcdee7639747a57265bdff967afd680	0	0	0	0	0	0	0	0	0	0	0	0	8	0	0	0	0	0	0	0	0	0
4e7f1a3503391542b7e508cdfc528aa6	0	0	0	0	0	0	0	0	0	0	0	0	0	0	0	0	0	0	0	0	8	0
e62e2b8717fb5b9611dcb30cadd89c41	0	0	0	0	0	0	0	0	0	0	0	0	0	0	0	0	8	0	0	0	0	0
d2eec2c3b1f6a2a214e774b63dfedf71	0	0	0	0	0	0	0	0	0	0	8	0	0	0	0	0	0	0	0	0	0	0
807f970c2a2f64a9f0de1e881508bab1	0	0	0	0	0	0	0	0	0	0	0	0	0	0	0	0	0	0	0	0	8	0
abd5389d2713d4f622f2c0bb9771df48	0	0	0	0	0	0	0	0	0	0	0	8	0	0	0	0	0	0	0	0	0	0
f08ca42d6b1d0da1e1070830f343d407	8	0	0	0	0	0	0	0	0	0	0	0	0	0	0	0	0	0	0	0	0	0
a7d7c998ba3793d41180b30ebc01b7ab	0	0	0	0	0	0	0	0	0	8	0	0	0	0	0	0	0	0	0	0	0	0
12f35a83c0b6b89a9b1e76b7c475ad66	0	0	0	0	8	0	0	0	0	0	0	0	0	0	0	0	0	0	0	0	0	0
27caa9714dad0c44a8beaffe00bed070	0	0	0	0	0	0	8	0	0	0	0	0	0	0	0	0	0	0	0	0	0	0
a033c532a8273e5ee28a516da92755a1	0	0	0	0	0	0	0	0	0	0	0	0	0	0	0	0	0	0	0	0	0	8
f1462df03baa700deee10de5a3747b3b	0	0	0	0	0	0	0	0	0	0	0	0	0	0	8	0	0	0	0	0	0	0
35335086a780ca176aa5c5d6d137b448	0	0	0	0	8	0	0	0	0	0	0	0	0	0	0	0	0	0	0	0	0	0
3d940c66541d9271eca9b6e27ec8125c	0	0	0	0	0	0	0	0	0	0	0	0	0	0	8	0	0	0	0	0	0	0
ab5ef54f3c32ffe1870b2e73f682cc46	0	0	0	0	0	0	0	0	0	0	0	0	0	0	0	0	0	0	0	8	0	0
9386f021cd31be6def20698d5c1200cb	0	0	0	0	0	0	0	0	0	0	0	0	0	0	0	0	8	0	0	0	0	0
7b0c4c29ce1e65fa6e1537f19ada5679	0	0	0	0	0	0	8	0	0	0	0	0	0	0	0	0	0	0	0	0	0	0
6dc914397aba5f3dac3ded180f4a3d4f	0	0	0	0	0	0	0	8	0	0	0	0	0	0	0	0	0	0	0	0	0	0
39cd8b3d5ce39539e2fd68a7930ca7b4	0	0	0	0	0	8	0	0	0	0	0	0	0	0	0	0	0	0	0	0	0	0
f9e3a460d2695ce4dee038e6d5ab9fd8	8	0	0	0	0	0	0	0	0	0	0	0	0	0	0	0	0	0	0	0	0	0
e75d0eb87023b749c1953b7ddb77f4aa	8	0	0	0	0	0	0	0	0	0	0	0	0	0	0	0	0	0	0	0	0	0
dedc1ee90c997b079772756e1987e0bb	0	0	0	0	0	8	0	0	0	0	0	0	0	0	0	0	0	0	0	0	0	0
1a684bed998e57f33d353c1783cbcb33	0	0	8	0	0	0	0	0	0	0	0	0	0	0	0	0	0	0	0	0	0	0
af185e2c6945f1984c9bd8cfeda008ca	0	0	0	0	0	8	0	0	0	0	0	0	0	0	0	0	0	0	0	0	0	0
156ec39145f3a6f4bca3c7be447d7f8d	0	0	8	0	0	0	0	0	0	0	0	0	0	0	0	0	0	0	0	0	0	0
535a9171388c5dd3de17303a73bd12bc	0	0	0	0	0	0	0	0	0	0	0	0	0	0	0	0	0	0	0	0	0	8
f8d9fe83618f266106f76f92fbe47eef	0	0	0	0	0	0	5	0	3	0	0	0	0	0	0	0	0	0	0	0	0	0
90e62e7b439b42406d32b6d5ed38186f	0	0	0	0	0	0	0	4	0	0	4	0	0	0	0	0	0	0	0	0	0	0
01c9c9eff0f9280f14ea0539b93eb4cd	0	0	0	0	0	0	0	0	8	0	0	0	0	0	0	0	0	0	0	0	0	0
972c815d7e8c526d28bc7ae49b5fb8b2	0	0	0	0	0	0	0	0	0	0	0	0	0	0	0	0	0	0	0	0	0	8
3879cd2e8809cece9402833c8665af87	0	0	0	0	0	0	0	0	0	0	0	0	0	0	0	0	0	0	0	0	0	8
00a751e0aeaeb4de263bf23a58ca9bcc	0	0	0	0	0	0	0	0	0	0	0	0	0	0	0	8	0	0	0	0	0	0
52e5e26e2f791be03e59102419388daf	8	0	0	0	0	0	0	0	0	0	0	0	0	0	0	0	0	0	0	0	0	0
1e2ae56887d7ad0cf3d628f82e88e10c	8	0	0	0	0	0	0	0	0	0	0	0	0	0	0	0	0	0	0	0	0	0
df03ca2891c1882f219baa7e59b3f7ac	0	0	0	0	0	0	0	3	0	0	0	5	0	0	0	0	0	0	0	0	0	0
367b0ed3221ef0f3240f44bbc0a212ce	0	0	0	0	0	0	0	0	0	0	0	0	0	0	0	0	0	0	0	0	0	8
36193031f0be2c035c10441cf43ba2b5	0	0	0	0	0	0	8	0	0	0	0	0	0	0	0	0	0	0	0	0	0	0
746019c066383fa10dffabeecef106b6	0	0	0	0	0	0	0	8	0	0	0	0	0	0	0	0	0	0	0	0	0	0
4b774ca3daa1d7c1f05c9d59dff24bb8	0	0	0	0	0	0	8	0	0	0	0	0	0	0	0	0	0	0	0	0	0	0
8d171762003c89a38fae0169ed9dda75	0	0	0	0	0	0	0	0	0	0	0	0	0	0	0	0	0	8	0	0	0	0
6923faa3db14b8ccffe5cae404133352	0	0	0	0	0	0	0	0	0	0	0	0	7	0	0	0	0	0	0	0	0	0
ad8b44fb69953e5fb0c4046a4eec5054	0	0	0	0	0	0	0	0	0	0	0	0	0	0	0	0	7	0	0	0	0	0
f09d917dee276e74af29dcee4911d9b7	0	0	0	0	4	0	0	0	0	0	0	0	0	0	0	0	3	0	0	0	0	0
85dc91acb42b247bc9ef2d1fac4feacb	7	0	0	0	0	0	0	0	0	0	0	0	0	0	0	0	0	0	0	0	0	0
3817497ed8e2d0cc9bbeb57fed556662	0	0	0	0	0	0	0	0	7	0	0	0	0	0	0	0	0	0	0	0	0	0
4485150368cf848ce0a04be3ac97d983	0	0	0	0	0	0	0	0	0	0	0	0	0	0	0	0	7	0	0	0	0	0
ba9342eeb5998dddec171b26d5f5eb16	0	0	0	0	0	0	0	0	0	0	0	0	0	0	0	0	0	0	0	0	7	0
24a99b195f6745b0054240f12e09a8c6	0	0	0	0	0	0	0	0	0	0	0	0	0	7	0	0	0	0	0	0	0	0
d81ae2097ee223ff27f10d6a405c83da	0	0	0	0	0	0	0	0	0	0	0	7	0	0	0	0	0	0	0	0	0	0
113c00ec1efc69b399daefa70e9331fc	0	0	0	0	7	0	0	0	0	0	0	0	0	0	0	0	0	0	0	0	0	0
5b697a3a85150ff1738df562cbad6a84	7	0	0	0	0	0	0	0	0	0	0	0	0	0	0	0	0	0	0	0	0	0
2a2cc08ac4f3b6c87e1cc9c59404c27f	0	0	0	0	0	0	7	0	0	0	0	0	0	0	0	0	0	0	0	0	0	0
8a060612ed8da92b371d44ee1977ad73	3	0	0	0	0	0	0	0	0	0	0	4	0	0	0	0	0	0	0	0	0	0
f4bb4f527b215c65b875092c222136bb	0	0	0	0	0	7	0	0	0	0	0	0	0	0	0	0	0	0	0	0	0	0
054066047301035393a1986c63a83bfb	7	0	0	0	0	0	0	0	0	0	0	0	0	0	0	0	0	0	0	0	0	0
256bc31af457111bbd5b3245a88df671	0	0	0	0	0	0	7	0	0	0	0	0	0	0	0	0	0	0	0	0	0	0
dcbd4c055d303189a131647daa95bb97	0	0	0	0	0	0	0	0	0	0	0	7	0	0	0	0	0	0	0	0	0	0
c7dfada8664c9b28e855a8951c598d56	0	0	0	0	0	0	0	0	7	0	0	0	0	0	0	0	0	0	0	0	0	0
903b85b763c689078e9ec37e85fe3ae1	0	0	0	0	0	0	0	0	0	7	0	0	0	0	0	0	0	0	0	0	0	0
8f7d81c59bc735d821b61d4fdbd7ff59	0	0	0	0	0	0	7	0	0	0	0	0	0	0	0	0	0	0	0	0	0	0
19be929206b052eb0b9487d468b163bf	0	0	0	0	0	0	0	0	0	0	0	0	0	0	0	0	0	7	0	0	0	0
c29f37932f9e1f0c9714fa05930d0ba0	0	0	0	0	0	0	7	0	0	0	0	0	0	0	0	0	0	0	0	0	0	0
5653328ccd39020eec01945923fe0d6e	0	0	0	0	0	0	0	0	0	0	7	0	0	0	0	0	0	0	0	0	0	0
7a59402b8bca81afbeab7170153ebf09	0	0	0	0	0	0	0	0	0	0	0	0	0	0	7	0	0	0	0	0	0	0
ec236819a8310bee19cb51e69b7decfd	0	0	0	0	0	0	0	0	0	0	7	0	0	0	0	0	0	0	0	0	0	0
1e7cb97f4b79a0324c89d77d3cd23d30	0	0	0	0	0	0	0	3	0	0	0	4	0	0	0	0	0	0	0	0	0	0
7a24774426fc3de32767bcfda088c65a	0	0	7	0	0	0	0	0	0	0	0	0	0	0	0	0	0	0	0	0	0	0
1ea7d9e37395b3d420de51fdabdd15bd	0	0	0	0	0	0	0	0	7	0	0	0	0	0	0	0	0	0	0	0	0	0
b720a1b01efd76fba943d8ab7084fcbb	0	0	0	0	7	0	0	0	0	0	0	0	0	0	0	0	0	0	0	0	0	0
4c5aa08cac9aac87f9aa9ddd3bc25c47	7	0	0	0	0	0	0	0	0	0	0	0	0	0	0	0	0	0	0	0	0	0
d71a6c29770813f46e9b2c194d6c054b	0	0	0	0	0	0	0	7	0	0	0	0	0	0	0	0	0	0	0	0	0	0
36c7ffda889802cac31a9a1667d147b8	0	0	0	0	0	0	0	0	0	0	0	0	0	0	0	0	0	0	0	7	0	0
3ba2894fe972f271aab9c7b3104c77bd	0	0	0	0	0	0	0	7	0	0	0	0	0	0	0	0	0	0	0	0	0	0
984446cb6affec3b84fc9dcb08cc6492	7	0	0	0	0	0	0	0	0	0	0	0	0	0	0	0	0	0	0	0	0	0
f839057601064fbb238d706c81d8cad7	0	0	0	0	0	0	0	0	0	0	5	2	0	0	0	0	0	0	0	0	0	0
59cfaeebcd5b1f9789973dcbe8efbf3f	0	0	0	0	0	0	0	0	0	0	0	0	0	0	0	0	0	0	0	0	0	7
e81eeeaa74124d2dd1a7c45757f42727	0	0	0	0	0	0	0	0	0	0	0	0	0	0	0	0	0	0	0	0	0	7
90efaa83a8a8daaf593d01aa31d19f71	0	0	0	0	0	7	0	0	0	0	0	0	0	0	0	0	0	0	0	0	0	0
ae94045d71a4f230249b80ce74c3a7c5	0	0	0	0	0	0	0	0	0	0	0	0	0	0	0	0	7	0	0	0	0	0
e9632dfbf0d624a2f1b3752c69bab620	0	0	0	0	7	0	0	0	0	0	0	0	0	0	0	0	0	0	0	0	0	0
881447c0982d83d05f22e0f64bf4d92e	0	0	0	0	0	0	7	0	0	0	0	0	0	0	0	0	0	0	0	0	0	0
71b0f474c2e0870e834acf0b837fea69	0	0	0	0	0	0	0	0	7	0	0	0	0	0	0	0	0	0	0	0	0	0
0239685937518758fbf854b50e8c45a4	0	0	0	0	0	0	0	7	0	0	0	0	0	0	0	0	0	0	0	0	0	0
99e1fa8ce4127091965f057076cda1f0	0	0	0	0	0	0	0	0	0	0	0	0	7	0	0	0	0	0	0	0	0	0
1df5a460d66cade669b201ad27c245fd	0	0	0	0	7	0	0	0	0	0	0	0	0	0	0	0	0	0	0	0	0	0
ec37e07df56fb8e6488ebc470ca4d22d	0	0	0	0	0	0	0	0	0	0	0	0	0	0	0	0	0	0	0	0	4	3
036a01d8a3548f4cd023314409746f19	0	0	0	0	0	7	0	0	0	0	0	0	0	0	0	0	0	0	0	0	0	0
250b48df2d0222f500c63c0671036fc9	0	0	0	0	0	0	0	0	0	0	0	0	0	0	0	6	0	0	0	0	0	0
324ccd0859bb619f19c3f68fd9de9d37	0	0	0	0	0	0	0	0	0	0	0	0	0	0	0	0	0	0	6	0	0	0
8fd6fef1f5e97d4e64783fc65a1fcc1e	6	0	0	0	0	0	0	0	0	0	0	0	0	0	0	0	0	0	0	0	0	0
421432e5c38c755cf7b421987fed1216	0	0	0	0	0	0	0	0	6	0	0	0	0	0	0	0	0	0	0	0	0	0
10255a58d4422c4772426c962bd654cb	0	0	0	0	0	0	0	0	0	0	0	0	6	0	0	0	0	0	0	0	0	0
680ad034fbe1885d9070883d8c3c1df2	0	0	0	0	0	0	0	0	0	0	0	0	0	6	0	0	0	0	0	0	0	0
51fb71ca1d66a0daed4072d5748ab226	0	0	0	0	0	0	0	0	6	0	0	0	0	0	0	0	0	0	0	0	0	0
66be47e63de354472aca0d675099aba5	0	0	0	0	0	0	0	0	0	0	0	6	0	0	0	0	0	0	0	0	0	0
80bfe7f1e60b7ec949322a0f009f2425	6	0	0	0	0	0	0	0	0	0	0	0	0	0	0	0	0	0	0	0	0	0
91529872a7ff63a225aefe5d07f6e250	0	0	0	0	0	6	0	0	0	0	0	0	0	0	0	0	0	0	0	0	0	0
7b58059d79d807534de42d365ec7eba9	0	0	0	0	6	0	0	0	0	0	0	0	0	0	0	0	0	0	0	0	0	0
c262d410a2438f7567c996b264358bdf	0	0	0	0	0	6	0	0	0	0	0	0	0	0	0	0	0	0	0	0	0	0
f1fcc88e08168bef1ea8a781abc15337	0	0	0	0	0	0	0	0	0	0	0	0	0	0	0	0	0	0	0	0	0	6
8d7d74a1491bbf732baa32862d3aaa3e	0	0	0	0	0	0	0	0	0	0	0	0	6	0	0	0	0	0	0	0	0	0
9b0cfe5d4519e5b1edc3822be3e7b063	0	0	0	0	0	0	6	0	0	0	0	0	0	0	0	0	0	0	0	0	0	0
6f8ba1f8390cfa0ba0f330c7c5f7bbbd	0	0	0	0	0	6	0	0	0	0	0	0	0	0	0	0	0	0	0	0	0	0
38d4f7be58555563e9dbf7dbde921018	0	0	0	0	0	0	0	0	0	0	0	0	0	0	0	0	0	0	0	0	6	0
f4106c7eaf668110b23dfb408f72e992	0	0	0	0	0	0	0	0	0	0	0	0	6	0	0	0	0	0	0	0	0	0
541adc1e9902aae8e173e2c13a7307a5	0	0	0	0	0	0	0	0	0	6	0	0	0	0	0	0	0	0	0	0	0	0
8862dac52cfa49491c022c69e6338ac9	0	0	0	0	0	0	0	0	0	6	0	0	0	0	0	0	0	0	0	0	0	0
d7cf22fc0b4cf2c6afd523bca4d40b4b	0	0	0	0	0	0	0	0	0	0	0	6	0	0	0	0	0	0	0	0	0	0
471c6a67c1a7cd14982235c6c823d43b	0	0	0	0	0	0	0	0	6	0	0	0	0	0	0	0	0	0	0	0	0	0
cd929689bc045d5ef65fa686444b9a85	0	0	0	0	0	0	0	0	6	0	0	0	0	0	0	0	0	0	0	0	0	0
b838796fcae940084b94e239eba0e464	0	0	0	0	0	0	0	0	0	0	0	0	0	0	0	0	0	0	0	0	0	6
13d4ce9c2e2a73709850a45f6fd399e1	0	0	0	0	0	0	0	0	0	0	0	6	0	0	0	0	0	0	0	0	0	0
79fbef5b4b833d6a91837063934fa0bb	0	0	0	0	0	0	0	0	6	0	0	0	0	0	0	0	0	0	0	0	0	0
5775a687fca5140ad9cd34031e915d4e	0	0	0	0	0	0	0	0	0	0	0	0	0	0	6	0	0	0	0	0	0	0
7fc2c401e37617f2b48a6d958d2c925d	0	0	0	0	0	0	0	0	0	0	0	6	0	0	0	0	0	0	0	0	0	0
6cf6da723769d377395157b2da92b111	0	0	0	0	0	0	6	0	0	0	0	0	0	0	0	0	0	0	0	0	0	0
037e88c0da4e2eff15ada831a6d42a8a	0	0	0	0	0	0	0	0	0	0	6	0	0	0	0	0	0	0	0	0	0	0
ed7a550d4b2f6ff27bf6480548411d5a	0	0	0	0	0	0	0	0	0	0	0	0	0	0	0	0	6	0	0	0	0	0
31aecadf708911c77ad4b08f5e8ef6d1	0	0	0	0	0	0	0	0	0	0	0	6	0	0	0	0	0	0	0	0	0	0
2a89bb19cc0372c783a0645473740734	0	0	0	0	0	0	0	6	0	0	0	0	0	0	0	0	0	0	0	0	0	0
4d7d3d70ab6ed5b2797161856fdd4054	0	0	6	0	0	0	0	0	0	0	0	0	0	0	0	0	0	0	0	0	0	0
1f1d5bb285fc40d0a8dd1016a20dd448	0	0	0	0	0	0	0	0	0	0	0	6	0	0	0	0	0	0	0	0	0	0
f53b3eaeebc65a43a523a3aec799350e	0	0	0	0	6	0	0	0	0	0	0	0	0	0	0	0	0	0	0	0	0	0
84832b7cf8e6ae3b092b06da272b907f	0	0	0	0	0	0	6	0	0	0	0	0	0	0	0	0	0	0	0	0	0	0
598422fce2cb7091c68a95215be76685	0	0	0	0	0	0	0	0	0	0	0	6	0	0	0	0	0	0	0	0	0	0
a3bd666da9ac7887e894fc670b094edf	0	0	0	0	0	0	0	6	0	0	0	0	0	0	0	0	0	0	0	0	0	0
157b040969b991ce239d0cc7df191209	0	0	0	0	0	0	0	0	0	0	0	0	0	0	0	6	0	0	0	0	0	0
b9568cd597cc8d9c8efa8a037b61ecad	0	0	0	0	0	0	0	0	0	0	0	6	0	0	0	0	0	0	0	0	0	0
96b09df57aac4ceba17ccff8ff11019e	0	0	0	0	0	6	0	0	0	0	0	0	0	0	0	0	0	0	0	0	0	0
839ff7fdaf4cae38d1ecfe4874bcc80a	0	0	0	0	0	0	0	0	0	0	0	0	0	0	0	0	6	0	0	0	0	0
8dddb18ff70d9441b28e7641d20b1cc0	0	0	0	0	0	0	0	0	0	0	0	0	0	0	0	0	0	0	0	0	0	6
453b9464a0e39d1bc271f8f2c452e226	0	0	0	0	0	0	0	0	0	0	0	0	0	0	0	0	0	0	0	0	0	6
aab50c6646ba9e23a5f31b86913793ae	0	0	0	0	0	0	0	0	0	0	0	0	0	0	0	0	0	0	6	0	0	0
c594dc30da019c0b7ceb831071a95c2c	0	0	0	0	0	0	0	0	0	0	0	0	6	0	0	0	0	0	0	0	0	0
a997f6d00b196d9a6e0556d5097c9502	0	0	0	0	0	0	0	0	0	0	0	0	0	0	0	6	0	0	0	0	0	0
02f4719e3c62039955f17272a71e565e	0	0	0	0	0	0	6	0	0	0	0	0	0	0	0	0	0	0	0	0	0	0
d598a488d37374bfd644fc6403bb2890	0	0	0	0	6	0	0	0	0	0	0	0	0	0	0	0	0	0	0	0	0	0
f87df1365501e69b111c847ebc041d90	0	0	0	6	0	0	0	0	0	0	0	0	0	0	0	0	0	0	0	0	0	0
3b9eb1fa3ff9dd09c74aaf6812224311	0	0	0	0	0	0	0	0	0	0	0	0	0	0	6	0	0	0	0	0	0	0
35454d3cec3a9e861ce4fcc696d571c2	0	0	0	0	0	0	0	0	0	0	6	0	0	0	0	0	0	0	0	0	0	0
98a50b1d74587756915deec43943c0c0	0	0	6	0	0	0	0	0	0	0	0	0	0	0	0	0	0	0	0	0	0	0
0684ce45ca47e5c8fa31c8c9d64e4a6c	0	0	0	0	0	0	0	0	0	6	0	0	0	0	0	0	0	0	0	0	0	0
285696df711c3d15621c1a16b93cfe9a	6	0	0	0	0	0	0	0	0	0	0	0	0	0	0	0	0	0	0	0	0	0
46e582579b416575593af574f24b0c09	0	0	0	0	0	0	0	0	0	0	0	0	0	0	0	6	0	0	0	0	0	0
20b316f3ee56e6d8b967ff959bdb22b2	0	0	0	0	0	0	0	0	0	0	6	0	0	0	0	0	0	0	0	0	0	0
776371a9e45bcc8df87c878c47d841da	0	0	0	0	0	0	0	0	0	0	5	0	0	0	0	0	0	0	0	0	0	0
ba43e3081b7c1e65e488aff62e41a06e	0	0	0	0	0	0	0	0	0	0	0	5	0	0	0	0	0	0	0	0	0	0
0d616afa99285f263ab933accadc8732	0	0	0	0	0	0	5	0	0	0	0	0	0	0	0	0	0	0	0	0	0	0
4773ecf954281d8cde5d34a8f6ce624c	0	0	0	0	0	0	0	0	0	0	0	0	0	0	0	0	5	0	0	0	0	0
ccece5d08e76ef2cf99fcd5cc18632b6	0	0	0	0	0	0	5	0	0	0	0	0	0	0	0	0	0	0	0	0	0	0
994fae36f9cf25f7c8d3353902e33187	0	0	0	0	0	0	0	0	0	0	0	0	0	0	0	0	5	0	0	0	0	0
f73c0f8d012a4043ffc495c0e668eea2	0	0	0	0	0	0	0	0	0	0	0	0	0	0	0	0	0	0	0	0	0	5
64a50774af5b4ea084d3db81a61dbfe1	0	0	0	0	0	0	5	0	0	0	0	0	0	0	0	0	0	0	0	0	0	0
30444e79c279b55cba855f248de6b563	0	0	0	0	0	0	0	0	0	0	0	0	5	0	0	0	0	0	0	0	0	0
936f032c788ff91c5f85fda9f2409340	0	0	0	0	0	0	0	0	0	0	0	0	0	0	0	0	0	0	0	2	3	0
bbaa6a73eaf9b0707e4ea08f02bc5066	0	0	0	0	0	5	0	0	0	0	0	0	0	0	0	0	0	0	0	0	0	0
be9d664bb7de21da27c2881036246439	0	0	0	0	0	0	0	0	0	0	0	0	0	0	0	0	0	0	5	0	0	0
b5ac2fd3feff81e156e9e3dbe1886c88	5	0	0	0	0	0	0	0	0	0	0	0	0	0	0	0	0	0	0	0	0	0
0b1754aa3efd0937ace6904c8078edcb	0	0	0	0	0	0	0	0	0	0	0	0	0	0	0	5	0	0	0	0	0	0
35591ab0225761f3cea5bc799af1a653	0	0	0	0	0	0	0	0	0	0	0	0	0	0	0	0	0	0	0	0	5	0
352fb6d6bc619c47242cfd45cf862ff3	0	0	0	0	0	0	0	0	5	0	0	0	0	0	0	0	0	0	0	0	0	0
3381f9fd286bb423429a9d782adcce9c	0	0	0	5	0	0	0	0	0	0	0	0	0	0	0	0	0	0	0	0	0	0
ab63d0cc8dbcdba498dfc004307fade0	0	0	0	0	5	0	0	0	0	0	0	0	0	0	0	0	0	0	0	0	0	0
f1fb8d01f837617291031fc6421db79a	5	0	0	0	0	0	0	0	0	0	0	0	0	0	0	0	0	0	0	0	0	0
2380d693e9cc462e5719c25e4ed44505	0	0	0	0	0	0	0	0	0	0	0	5	0	0	0	0	0	0	0	0	0	0
df7f285f0085b950baf481400331630a	0	0	0	0	0	0	0	0	0	0	0	5	0	0	0	0	0	0	0	0	0	0
dd4c9c506475de8d3846e88f91899d2d	0	0	0	0	0	0	0	0	0	0	0	0	0	0	0	0	0	0	0	5	0	0
dccd8f7a51cf9e8dbb788fbbe30201bf	0	0	0	0	0	0	0	0	0	0	0	0	0	5	0	0	0	0	0	0	0	0
35b66b50d23fdac4d680b271c80fe030	0	0	0	0	0	0	0	0	0	0	0	0	0	0	0	5	0	0	0	0	0	0
9a8c70fc0f44f094b8a91ee15c30a40f	5	0	0	0	0	0	0	0	0	0	0	0	0	0	0	0	0	0	0	0	0	0
9601eacb70f362ac9f8b2aff9eb8e24c	0	0	0	0	0	0	0	0	0	0	0	5	0	0	0	0	0	0	0	0	0	0
5a0bf0dac749ff3b26653118342686fb	0	0	0	0	0	0	0	0	0	0	0	5	0	0	0	0	0	0	0	0	0	0
190cbf36376a5d356c4205dd3031d4f6	0	0	0	0	0	0	5	0	0	0	0	0	0	0	0	0	0	0	0	0	0	0
b8ab0da23907fd97e741b2a0a2908e89	0	0	0	0	5	0	0	0	0	0	0	0	0	0	0	0	0	0	0	0	0	0
c01b337d34144de22c510214d705dfc6	0	0	0	0	0	0	0	0	0	0	0	0	0	0	0	0	0	0	5	0	0	0
171a06de8310eb48c45155125e04865c	0	0	0	0	0	5	0	0	0	0	0	0	0	0	0	0	0	0	0	0	0	0
ba5d34651a96e266c77d76f9716c49d6	0	0	5	0	0	0	0	0	0	0	0	0	0	0	0	0	0	0	0	0	0	0
e4e17cd7e9c850bf766cacc37ff3ad11	0	0	0	0	0	0	0	0	0	0	0	0	0	5	0	0	0	0	0	0	0	0
f23ae77e42e346d162feca89181bf1ba	0	0	0	0	0	0	0	0	0	0	0	0	0	0	0	0	0	0	0	0	0	5
ed84e9ac169257a94707b2e6100310e9	0	0	0	0	0	0	5	0	0	0	0	0	0	0	0	0	0	0	0	0	0	0
6f670a3407fbc0128495e5f34a0b9302	0	0	0	5	0	0	0	0	0	0	0	0	0	0	0	0	0	0	0	0	0	0
055beb04b66ce81fc4f5d6ff9184dd80	0	0	0	0	0	0	0	0	0	0	0	5	0	0	0	0	0	0	0	0	0	0
fc9632e57e283eb0b4556f31ce13cdb9	0	0	0	0	0	0	0	0	0	0	0	5	0	0	0	0	0	0	0	0	0	0
d6e227e7c7b2817a533188061c152ae0	0	0	0	0	0	0	0	0	0	0	0	5	0	0	0	0	0	0	0	0	0	0
c737dad99ee720cf82eeb078b583e429	0	0	0	0	5	0	0	0	0	0	0	0	0	0	0	0	0	0	0	0	0	0
f07ee083d8347075d82b56285c9b86c4	0	0	0	0	0	0	5	0	0	0	0	0	0	0	0	0	0	0	0	0	0	0
ce2a0e41c2be3cf63d0025f66c16b70e	0	0	0	0	0	5	0	0	0	0	0	0	0	0	0	0	0	0	0	0	0	0
70ed023baba3ad55d34cc0c03040c6b3	0	0	0	0	0	0	0	5	0	0	0	0	0	0	0	0	0	0	0	0	0	0
7ea0d10c5671e858fc9a44c50100f807	0	0	0	0	0	0	0	0	5	0	0	0	0	0	0	0	0	0	0	0	0	0
9675d279d1d3d4fbca3bf3b4e8890367	0	0	0	0	0	0	0	0	0	0	0	0	0	0	0	0	0	0	0	5	0	0
e656f4882b19a85e593c9571aa63b727	0	0	0	0	0	5	0	0	0	0	0	0	0	0	0	0	0	0	0	0	0	0
9bda6365c7f4d2366f906a30047e0f7e	5	0	0	0	0	0	0	0	0	0	0	0	0	0	0	0	0	0	0	0	0	0
78b84801c982b1348fb36eb9ec708df9	0	0	0	0	0	0	0	0	0	0	0	0	0	0	0	0	0	0	0	0	5	0
207df6c23a05435aec0de9fddc9836e5	0	0	0	0	0	0	0	0	0	0	0	0	0	0	0	0	0	0	0	0	0	5
22748f5cc661cfb9a312fad0309a3633	0	0	0	0	0	0	0	0	5	0	0	0	0	0	0	0	0	0	0	0	0	0
59b4e637a155cbeb5f639937a4c90d01	0	0	0	0	0	0	0	0	0	0	0	0	0	0	5	0	0	0	0	0	0	0
c39dad06c55d12719ed19c37e1b400c8	0	0	0	0	0	0	0	0	5	0	0	0	0	0	0	0	0	0	0	0	0	0
94e3a3164c1c607b51e7591afd333db5	0	0	0	0	0	0	0	5	0	0	0	0	0	0	0	0	0	0	0	0	0	0
9f357d0786b89b963a55dd2d0004cedc	0	0	0	0	0	0	5	0	0	0	0	0	0	0	0	0	0	0	0	0	0	0
5557b5ad985e01cd560854d8c2d0fe78	0	0	0	0	0	0	0	0	0	0	0	0	0	0	0	5	0	0	0	0	0	0
f000843b4c2da394e51087431d663931	0	0	0	0	0	0	0	0	5	0	0	0	0	0	0	0	0	0	0	0	0	0
c5faaee19e437c322ecf049802d3cc2a	0	0	0	0	0	5	0	0	0	0	0	0	0	0	0	0	0	0	0	0	0	0
e131075b3bfd8ffa89a4852fcbed6581	0	0	0	0	0	0	0	0	0	0	5	0	0	0	0	0	0	0	0	0	0	0
4f172de36683a7dc019d0bb2b4bf7da6	0	0	0	0	0	0	0	0	0	0	0	0	0	0	0	0	0	5	0	0	0	0
5c554d200d512a7aa2d35d40f8359147	0	0	0	0	0	5	0	0	0	0	0	0	0	0	0	0	0	0	0	0	0	0
7e89143d9d00773842216ea01c4dd323	0	0	0	0	0	5	0	0	0	0	0	0	0	0	0	0	0	0	0	0	0	0
71e698f99c9b7da3026d3e6d9a926ad8	0	0	0	0	0	0	0	0	0	0	0	0	0	0	0	0	0	0	0	0	5	0
01d81baaa78940fefacca8753000f4e4	0	0	0	0	0	0	0	0	3	0	0	0	2	0	0	0	0	0	0	0	0	0
a1f5973eeb86eae86cbd9f43ee972fa3	0	0	0	0	0	0	0	0	0	0	0	0	0	0	0	0	0	0	0	0	5	0
3e667171bec6023c06bbe78c1173cbdc	0	0	0	0	0	0	0	0	0	0	0	0	4	0	0	0	0	0	0	0	0	0
3161e8d3325b468fecb662dadfae1234	0	0	0	0	0	0	0	0	0	0	0	0	0	0	0	4	0	0	0	0	0	0
247f25a7cac8f753e0aafea7f2a6d57e	0	0	0	0	0	0	0	0	0	0	0	0	0	0	4	0	0	0	0	0	0	0
de7d192681ea45e9ad9e65389327d6db	0	0	0	0	0	0	0	0	0	4	0	0	0	0	0	0	0	0	0	0	0	0
3dab4ad2a08af46841c378513563c4e3	0	0	0	0	0	0	0	0	4	0	0	0	0	0	0	0	0	0	0	0	0	0
192b4fcee40b75ec2a97fada9f706b51	0	0	0	0	0	0	0	0	0	0	0	0	0	0	0	0	0	0	0	0	0	4
299d5991d405191ab68345239d85930d	0	0	0	0	4	0	0	0	0	0	0	0	0	0	0	0	0	0	0	0	0	0
9eb7f9201ec317a040178faff0e89ce1	0	0	0	0	0	0	0	0	0	0	0	0	0	4	0	0	0	0	0	0	0	0
89f5ffdbe8ff3d30ed6cf5a5e2eeb334	0	0	0	0	0	0	0	0	0	0	0	0	0	0	0	0	0	0	4	0	0	0
123045b022eaa17c6531ebd164012d1e	0	0	0	0	0	0	0	0	0	0	0	0	0	0	4	0	0	0	0	0	0	0
860210a89f2766c788ad804e51552a79	0	0	0	0	0	0	4	0	0	0	0	0	0	0	0	0	0	0	0	0	0	0
c27d47919fe7549990f67e2c0cda2400	0	0	0	0	0	0	4	0	0	0	0	0	0	0	0	0	0	0	0	0	0	0
a10e11011e269d16c5db66dfca8613e9	0	0	0	0	0	0	4	0	0	0	0	0	0	0	0	0	0	0	0	0	0	0
979e402e182aa1951b2f0d857c2c94ff	0	0	0	0	0	0	0	0	0	0	0	0	0	4	0	0	0	0	0	0	0	0
1d2d6a95e3dfc75110c01d3f958f7037	4	0	0	0	0	0	0	0	0	0	0	0	0	0	0	0	0	0	0	0	0	0
11f569fc3e275d21c64828a75f7c0b90	0	0	0	0	0	0	0	0	0	0	0	0	0	0	0	0	0	0	0	0	4	0
a6f9b8521ba91da0d23d990d3528f773	0	0	0	0	0	0	0	0	0	0	0	4	0	0	0	0	0	0	0	0	0	0
f0c52ea042071a9c9247711d73855c7b	0	0	0	0	4	0	0	0	0	0	0	0	0	0	0	0	0	0	0	0	0	0
eb98b1457d98fccbed91f5b8a350d7d5	0	0	0	0	0	0	4	0	0	0	0	0	0	0	0	0	0	0	0	0	0	0
6a783ff6efeec55848cbda8deead4d2e	0	0	0	0	0	0	0	0	0	0	0	0	0	0	0	0	0	0	0	0	4	0
dde6aaa87339d9843dd9384422f70853	0	0	0	0	4	0	0	0	0	0	0	0	0	0	0	0	0	0	0	0	0	0
e1cadd8beaf49f7c7d52d81391e26294	0	0	0	0	0	0	0	0	0	0	0	0	4	0	0	0	0	0	0	0	0	0
077194aef16c4832c38282d78e1d55c9	4	0	0	0	0	0	0	0	0	0	0	0	0	0	0	0	0	0	0	0	0	0
903b275b5cc333375fea7cc95df86cd6	0	0	0	0	0	0	0	0	0	0	0	0	0	0	0	0	0	0	0	4	0	0
1eeda76fa5818322a67944b2f08d582b	0	0	4	0	0	0	0	0	0	0	0	0	0	0	0	0	0	0	0	0	0	0
af607eb0e068023e60d8a35c7fa613f7	0	0	0	0	0	0	0	4	0	0	0	0	0	0	0	0	0	0	0	0	0	0
bb1aa13f5fa575adddc884b705441de3	0	0	0	0	0	0	0	4	0	0	0	0	0	0	0	0	0	0	0	0	0	0
0cad4c438c118f398522ac1c485c0725	0	0	0	4	0	0	0	0	0	0	0	0	0	0	0	0	0	0	0	0	0	0
459f8d94a4ce05dcaffc55954c1e6276	0	0	0	0	0	0	0	0	0	0	0	0	4	0	0	0	0	0	0	0	0	0
9b2d178e7e2ea69c95a2686c692e0683	0	0	0	0	0	0	0	0	0	0	0	0	4	0	0	0	0	0	0	0	0	0
70731725c3b390f293ef950c48071e6c	0	0	0	0	0	0	4	0	0	0	0	0	0	0	0	0	0	0	0	0	0	0
f63a7df4a89be66b96e70b738f0897b5	4	0	0	0	0	0	0	0	0	0	0	0	0	0	0	0	0	0	0	0	0	0
d6fbc030e13caf8ad22a0ea6ac388426	0	0	0	0	0	0	0	0	0	0	0	0	0	0	0	0	0	0	0	0	0	4
094ebf3cfdd660f1ea1af4311ffa83b6	4	0	0	0	0	0	0	0	0	0	0	0	0	0	0	0	0	0	0	0	0	0
6ef99fc79d42ce92a8ec7da33a9c3c77	0	0	0	4	0	0	0	0	0	0	0	0	0	0	0	0	0	0	0	0	0	0
84543130d954e1ddab4acdc9914ad26f	4	0	0	0	0	0	0	0	0	0	0	0	0	0	0	0	0	0	0	0	0	0
ba074ed4b81a2b9f7ccdea8022551e8e	0	0	0	0	0	0	0	0	0	0	4	0	0	0	0	0	0	0	0	0	0	0
9ab654a3b2376ce42e2e253717b7c1e2	0	0	0	0	0	0	0	0	0	0	0	0	0	0	0	0	0	0	0	4	0	0
eba53d22800d328dd4ac2717a2f18b34	0	0	0	0	0	0	0	0	0	0	0	0	0	4	0	0	0	0	0	0	0	0
47518b39a6b798cf4d8eed107fc26eae	0	0	0	0	0	0	4	0	0	0	0	0	0	0	0	0	0	0	0	0	0	0
7f305aca4286ff4b01a56e133d723d2b	0	0	0	0	0	4	0	0	0	0	0	0	0	0	0	0	0	0	0	0	0	0
29136b427cf2078d518222ec4676acdf	0	0	0	0	0	4	0	0	0	0	0	0	0	0	0	0	0	0	0	0	0	0
198f1567dc356784afbb6b67c5366200	4	0	0	0	0	0	0	0	0	0	0	0	0	0	0	0	0	0	0	0	0	0
bce586fe7a30d84d5527d061afdca6a1	0	0	0	0	4	0	0	0	0	0	0	0	0	0	0	0	0	0	0	0	0	0
08c8830ef4b8e7e3dce939428454cf72	0	0	0	0	4	0	0	0	0	0	0	0	0	0	0	0	0	0	0	0	0	0
b7d770f7fa9b6545c9cf5b4640ad21f5	0	0	0	0	0	0	0	4	0	0	0	0	0	0	0	0	0	0	0	0	0	0
9fe98bffcac7021ddb204fdd5f2e00d3	0	0	0	0	0	0	0	0	4	0	0	0	0	0	0	0	0	0	0	0	0	0
f5ab52dd81f8a71fe7241560b7ffeaec	4	0	0	0	0	0	0	0	0	0	0	0	0	0	0	0	0	0	0	0	0	0
a2d5c53ab06cfcd9fff347c67c51bdb3	0	0	0	0	0	0	0	0	0	0	0	0	0	0	0	4	0	0	0	0	0	0
45e64a0dbe6c14a40530c360e5a383b1	0	0	0	0	0	0	0	0	0	0	0	0	0	0	0	0	0	0	0	0	0	4
12a76e819745eda25aa70eb4486fab70	0	0	0	0	0	0	0	0	0	0	0	0	4	0	0	0	0	0	0	0	0	0
fcca1d243d66bec39473b2b4390a8f35	0	0	0	0	0	0	0	0	0	0	4	0	0	0	0	0	0	0	0	0	0	0
0449f8a3f95e1207341c0e156bf7b710	0	0	0	0	0	0	0	0	0	0	0	0	0	0	0	0	4	0	0	0	0	0
ca5a2eb5358d7ffb2c176a1b13883f46	0	0	0	0	0	0	0	4	0	0	0	0	0	0	0	0	0	0	0	0	0	0
ec40c5a13c296266bea3b83d630dd9a5	0	0	0	0	0	0	0	0	0	0	0	4	0	0	0	0	0	0	0	0	0	0
cc94a7120ecf3fbf290aa770282e2109	4	0	0	0	0	0	0	0	0	0	0	0	0	0	0	0	0	0	0	0	0	0
ad6dfd8da6f9085a115f6ac56e34a8d0	0	0	0	0	0	0	0	0	0	0	0	0	0	0	0	0	0	0	0	0	0	4
55e0eccdc0b7d9284e35b92fef976602	0	0	0	0	0	0	4	0	0	0	0	0	0	0	0	0	0	0	0	0	0	0
782dd02399cfce49c7131e86c7e90a07	0	0	0	0	0	0	0	0	0	0	0	4	0	0	0	0	0	0	0	0	0	0
80d070f8bd9afd012df94fa0959a953e	0	0	0	4	0	0	0	0	0	0	0	0	0	0	0	0	0	0	0	0	0	0
d17e23de07d13107b3b49d9749d5259d	0	0	0	0	0	0	0	0	0	0	0	4	0	0	0	0	0	0	0	0	0	0
023e2208b557078365d66009155cebba	0	0	0	0	0	0	0	0	0	0	4	0	0	0	0	0	0	0	0	0	0	0
8f07676cb0dc71d5d511b3c151e22b84	0	0	0	0	0	0	0	0	0	0	0	0	4	0	0	0	0	0	0	0	0	0
c07e5bc0cf0c8a647d9f1b54c0c8530e	0	0	0	4	0	0	0	0	0	0	0	0	0	0	0	0	0	0	0	0	0	0
043c9d148859fa82da93971688bbcffa	0	0	0	0	0	0	0	0	0	0	0	0	0	0	0	4	0	0	0	0	0	0
7733759b941acbe654892ee92929ec32	0	0	0	0	0	0	0	0	0	0	4	0	0	0	0	0	0	0	0	0	0	0
5779a0c8068cfcab1b25a2aae1d7c1b3	0	0	0	0	0	0	4	0	0	0	0	0	0	0	0	0	0	0	0	0	0	0
5e7689c593943a09c351c87bc9a1f297	0	0	0	0	0	0	0	0	0	0	0	0	4	0	0	0	0	0	0	0	0	0
7324c0120f36aa2fc2f2261ca140eee2	0	0	0	0	0	0	0	0	0	0	0	0	3	0	0	0	0	0	0	0	0	0
988bc58647aa96cd28ce8e1dee4d0d0e	0	0	0	0	0	0	0	0	0	0	0	0	0	0	3	0	0	0	0	0	0	0
036137b09563d3213a0457a75a0c58a9	0	0	0	0	0	0	0	0	0	0	0	0	0	0	0	0	3	0	0	0	0	0
8e29e8035756ca98d50bc6609d827655	0	0	0	0	0	0	0	0	0	3	0	0	0	0	0	0	0	0	0	0	0	0
b23ca42f91050cad1781bc2e928681f1	0	0	0	0	0	0	0	0	0	0	0	0	3	0	0	0	0	0	0	0	0	0
6d6d4620ed6dcd2172e0d2ff70c5f8cb	0	0	0	0	0	0	0	0	0	0	0	0	3	0	0	0	0	0	0	0	0	0
aa48e502ad824e9ae168f9a1e954c31d	0	0	0	0	0	0	0	0	0	0	0	0	0	0	0	0	0	0	0	0	0	3
0eed86d3e12a8fb005536877b07a5576	0	0	0	0	0	0	3	0	0	0	0	0	0	0	0	0	0	0	0	0	0	0
6edef912c31d7f86d724b07dfe68fce5	0	0	0	0	0	0	0	0	0	0	0	0	0	3	0	0	0	0	0	0	0	0
474f53ba8f35e507aceaeb31bc6d2857	0	0	0	0	0	3	0	0	0	0	0	0	0	0	0	0	0	0	0	0	0	0
a57be93c087f90956b9dd1d9d3cafada	0	0	0	0	3	0	0	0	0	0	0	0	0	0	0	0	0	0	0	0	0	0
aad922926dd6784ad2f845c4f55cdbb6	0	0	0	0	0	0	0	0	0	0	0	0	0	0	0	0	3	0	0	0	0	0
88b61652cf139d7831f913cbbe71f86a	0	0	0	0	0	0	0	0	0	0	0	0	0	0	0	0	0	0	0	3	0	0
58d3af1c8c6dad585af75283509daaaf	0	0	0	0	0	0	0	0	0	0	0	3	0	0	0	0	0	0	0	0	0	0
8233a98acf1145d9814529977ccf9d22	0	0	0	0	0	0	0	0	0	0	0	0	3	0	0	0	0	0	0	0	0	0
9d2cf325addc4efb5655e5b7939e6bc0	0	0	0	0	0	0	0	0	0	0	0	0	3	0	0	0	0	0	0	0	0	0
bc0df2876e442704c8959e8ac13e7ff6	0	0	0	0	0	0	0	0	0	0	0	3	0	0	0	0	0	0	0	0	0	0
454099d3fb27f11500d83fc4e784a53e	0	0	3	0	0	0	0	0	0	0	0	0	0	0	0	0	0	0	0	0	0	0
6c47cc73ffff753dc69939b7c2956d45	0	0	0	0	0	0	0	3	0	0	0	0	0	0	0	0	0	0	0	0	0	0
315ec3dc226148f78c908f4f15e8a2c0	0	0	0	0	0	0	0	0	0	0	0	3	0	0	0	0	0	0	0	0	0	0
a3d416365a8694ff75f3e29820770c00	0	0	0	0	0	0	0	0	0	0	0	3	0	0	0	0	0	0	0	0	0	0
82975051c1db3126230cfca272153991	0	0	3	0	0	0	0	0	0	0	0	0	0	0	0	0	0	0	0	0	0	0
7210f895524792eaaacd1ce3f9cda71c	0	0	3	0	0	0	0	0	0	0	0	0	0	0	0	0	0	0	0	0	0	0
b9a4dfc5d221cf41095d8b53ff19595b	0	0	3	0	0	0	0	0	0	0	0	0	0	0	0	0	0	0	0	0	0	0
655e89e9e38a86570121f892fffefee7	0	0	0	0	0	0	0	3	0	0	0	0	0	0	0	0	0	0	0	0	0	0
a9e1507403604441de951825cfd81705	0	0	0	0	0	0	0	0	3	0	0	0	0	0	0	0	0	0	0	0	0	0
77510d7eec01e1b2fa277b16594cafaa	0	0	0	0	0	0	3	0	0	0	0	0	0	0	0	0	0	0	0	0	0	0
51c131184d1ff883c3343e18c01bf4b5	0	0	0	0	0	0	0	0	0	0	0	0	3	0	0	0	0	0	0	0	0	0
1d94196ae80a7aa0b1ded32377f5c67f	0	0	0	0	0	0	0	0	0	0	0	0	0	0	3	0	0	0	0	0	0	0
7947a08cd7d27ce11f82b2346a51c4bf	0	0	0	0	0	0	0	0	0	0	0	3	0	0	0	0	0	0	0	0	0	0
7aba29add77e732e8fbe71ec42c2cb4d	0	0	0	0	0	0	0	0	0	3	0	0	0	0	0	0	0	0	0	0	0	0
fec327da11f0b6f71ed4f3af909d51aa	0	0	0	0	0	0	0	0	0	0	0	0	0	0	0	0	0	0	0	3	0	0
37a37b6e4f2dc1baf982cc8900f88165	0	0	0	0	3	0	0	0	0	0	0	0	0	0	0	0	0	0	0	0	0	0
64341cc67fb3ae339b6d643e0d399be7	0	0	0	0	0	0	0	0	0	0	0	0	0	0	0	0	3	0	0	0	0	0
a8b210669f23b8cf1cf58091590084b0	0	0	0	0	0	0	0	0	0	3	0	0	0	0	0	0	0	0	0	0	0	0
763fe9d481a1f7ac83a201edfd38acd0	0	0	0	0	0	0	0	0	0	0	0	3	0	0	0	0	0	0	0	0	0	0
d7c68a782d306c0455707abfbc56dc85	3	0	0	0	0	0	0	0	0	0	0	0	0	0	0	0	0	0	0	0	0	0
cf121c7bf3070a0b47e42027321d4128	0	0	0	3	0	0	0	0	0	0	0	0	0	0	0	0	0	0	0	0	0	0
34285c755b6dc2506d5d0bbcf2c439aa	0	0	0	0	0	3	0	0	0	0	0	0	0	0	0	0	0	0	0	0	0	0
d62e11082ac320798e0b0cc11a31c7cc	0	0	0	0	0	0	0	0	0	0	0	3	0	0	0	0	0	0	0	0	0	0
7ed9e64e405674ce10fb230c80c82b56	3	0	0	0	0	0	0	0	0	0	0	0	0	0	0	0	0	0	0	0	0	0
d924deff5308a552830e253e707e2284	0	0	0	0	0	0	0	0	3	0	0	0	0	0	0	0	0	0	0	0	0	0
049f7af0d69d4c3e4536434a0687613c	0	0	0	0	0	0	0	0	0	0	0	3	0	0	0	0	0	0	0	0	0	0
7de105b5940066df73e3be111e6d9686	0	0	0	0	3	0	0	0	0	0	0	0	0	0	0	0	0	0	0	0	0	0
84ca358adc30e8a7af7c5854ba60ee1e	0	0	3	0	0	0	0	0	0	0	0	0	0	0	0	0	0	0	0	0	0	0
c853fec80b3e71d971eff763f19261dc	0	0	0	0	0	3	0	0	0	0	0	0	0	0	0	0	0	0	0	0	0	0
6e9d5dc528de04dc3d06962b8b047ac6	0	0	0	0	0	0	0	0	0	0	0	0	0	0	0	0	0	0	0	0	3	0
28def534b258d736348c416ad2ce3e68	0	0	0	0	0	0	0	0	0	0	0	0	0	0	0	0	0	0	0	0	3	0
0767aac61c8d12259b1314d6bc87476b	0	0	0	0	0	3	0	0	0	0	0	0	0	0	0	0	0	0	0	0	0	0
3bcb7bf1cfa03dc4dbb7a205ce61a965	0	0	0	0	0	0	0	0	0	0	0	0	0	0	0	0	0	0	0	3	0	0
5c11d211ba08054eb8176c88d567ffc5	0	0	0	0	0	0	0	0	3	0	0	0	0	0	0	0	0	0	0	0	0	0
1bf48c138737932eff51871852d7cba8	0	0	0	0	0	0	0	3	0	0	0	0	0	0	0	0	0	0	0	0	0	0
22cec156a4de0fe2b8f14c2e7640f907	0	0	0	0	0	0	0	0	0	0	0	0	3	0	0	0	0	0	0	0	0	0
5063ba2709fc8ec6e79f48eb17c28a02	0	0	0	0	0	0	3	0	0	0	0	0	0	0	0	0	0	0	0	0	0	0
4eab8f95b894481b10551ad63c500c2a	0	0	3	0	0	0	0	0	0	0	0	0	0	0	0	0	0	0	0	0	0	0
725d2e1ff2007ca9a5ae59411adbd382	3	0	0	0	0	0	0	0	0	0	0	0	0	0	0	0	0	0	0	0	0	0
510eb0a525002a7414f7079513897946	0	0	0	0	0	0	0	0	3	0	0	0	0	0	0	0	0	0	0	0	0	0
9567443dab71cf61d76c0b937e65b390	0	0	0	0	0	0	0	0	0	0	0	3	0	0	0	0	0	0	0	0	0	0
e7fa7c2193a4973f3fc72c4f7a184daf	0	0	0	0	0	0	0	0	3	0	0	0	0	0	0	0	0	0	0	0	0	0
d3b40af80aea9bb2f7a704f33a8039c7	0	0	0	0	0	0	0	3	0	0	0	0	0	0	0	0	0	0	0	0	0	0
1a45b70992b13960079ab4212aa0c4f2	0	0	0	0	0	0	0	0	0	0	0	0	0	0	0	0	3	0	0	0	0	0
7b50597d0bd42d10a0076a91b3e02bae	0	0	0	0	0	0	0	0	0	0	0	0	3	0	0	0	0	0	0	0	0	0
58a997fc8088b8ea276d61bbcdd0833d	3	0	0	0	0	0	0	0	0	0	0	0	0	0	0	0	0	0	0	0	0	0
ae39f8b3f734bd6bad0becaf2595f870	0	0	0	0	0	0	3	0	0	0	0	0	0	0	0	0	0	0	0	0	0	0
9325d3cd246e0c3d726a0aa3cd97de84	0	0	0	0	0	0	0	0	0	0	0	0	0	0	0	3	0	0	0	0	0	0
5d7dbf5e9d2781acf7f5c89ba4efd8a1	0	0	0	0	0	3	0	0	0	0	0	0	0	0	0	0	0	0	0	0	0	0
d952848c4e173e384a074e1ca3901ba6	0	0	0	0	0	0	0	0	0	0	0	0	3	0	0	0	0	0	0	0	0	0
91bec39cf67d1cd7c227636ad479782c	0	0	0	0	0	0	0	0	0	0	0	0	0	0	0	0	0	0	0	2	0	0
fc0c55db04a3550ef89018b01fbf3672	0	0	0	0	0	0	0	0	0	0	0	0	0	0	0	0	0	0	0	2	0	0
b78b59202fe472b2cf9f3fbfbfca63c1	0	0	0	0	2	0	0	0	0	0	0	0	0	0	0	0	0	0	0	0	0	0
e764eb822b042c98e99e17342295d6ae	0	0	0	0	0	0	2	0	0	0	0	0	0	0	0	0	0	0	0	0	0	0
bce4930356d65ecfb429b84b1019d434	0	0	0	0	0	0	0	0	0	0	2	0	0	0	0	0	0	0	0	0	0	0
99d2972223b0c7418ac856ba491a0d18	0	0	0	0	0	0	0	0	0	0	0	0	0	0	0	0	0	0	0	0	0	2
79ce6f2889d7e1c8286479ad2455c838	0	0	0	0	0	0	0	2	0	0	0	0	0	0	0	0	0	0	0	0	0	0
05ffb85a87eb42f6a8b9f8942194afc3	0	0	0	0	0	0	0	0	0	0	0	0	0	0	0	0	0	0	2	0	0	0
6b52f4d86121071e02e9dd9b0537d9fe	0	0	0	0	0	0	0	0	0	0	0	0	0	0	0	0	0	0	0	0	0	2
d62baa024b4a8b84ef6324f7853eab5e	0	0	0	0	0	0	0	0	0	0	0	2	0	0	0	0	0	0	0	0	0	0
1d261b8273e65d85bc87aef9b69a28e1	0	0	0	0	0	0	0	0	0	0	0	2	0	0	0	0	0	0	0	0	0	0
f19be614586f99aff4c6f1b4e8526f6f	0	0	0	0	0	0	0	0	0	2	0	0	0	0	0	0	0	0	0	0	0	0
5d5bf1eac39204b37ab5eb934f55926a	0	0	0	0	0	0	0	2	0	0	0	0	0	0	0	0	0	0	0	0	0	0
7d2d4df8f1ebaea705e8878970f3ea37	0	0	0	0	0	0	0	0	0	0	0	2	0	0	0	0	0	0	0	0	0	0
a76d143a6adaa49702be53e3e9519bca	0	0	0	0	0	0	0	2	0	0	0	0	0	0	0	0	0	0	0	0	0	0
64d6b5450a247adf9746c288e42768cf	0	0	0	0	0	0	0	2	0	0	0	0	0	0	0	0	0	0	0	0	0	0
eb20eb020cffa7b2db3e5b5245a84db0	0	0	0	0	0	0	0	0	0	2	0	0	0	0	0	0	0	0	0	0	0	0
6009214b12646fae1442cc6eb536afcd	0	0	0	0	0	0	0	2	0	0	0	0	0	0	0	0	0	0	0	0	0	0
a70414631c79aea6472bba16a437712a	0	0	2	0	0	0	0	0	0	0	0	0	0	0	0	0	0	0	0	0	0	0
f4f6fd59c465d1908f58644509669717	0	0	0	0	0	0	0	2	0	0	0	0	0	0	0	0	0	0	0	0	0	0
dea353a8850ed93a7c769845365fd9eb	0	0	0	0	0	0	0	2	0	0	0	0	0	0	0	0	0	0	0	0	0	0
ff6ce9ab522aa65ceffd5831c6ac6834	0	0	0	0	0	0	0	0	0	0	0	0	2	0	0	0	0	0	0	0	0	0
dd44e5bdf5f205737161f1e4b0ebf2f1	2	0	0	0	0	0	0	0	0	0	0	0	0	0	0	0	0	0	0	0	0	0
8a50aa7515e8f082dbe32879ce4ce9f5	0	0	0	0	2	0	0	0	0	0	0	0	0	0	0	0	0	0	0	0	0	0
78d43afa33d293a56c208d84c29afa63	0	0	0	0	0	0	0	0	0	0	0	0	0	0	0	2	0	0	0	0	0	0
d6fa8154bd9aafa62e7741aef05495cd	0	0	0	0	0	0	2	0	0	0	0	0	0	0	0	0	0	0	0	0	0	0
6fe0efeea7e486039672321bbc152ac4	0	0	0	0	2	0	0	0	0	0	0	0	0	0	0	0	0	0	0	0	0	0
a717dd643068d03bdfe730e9cd39fa8f	0	0	0	0	0	0	0	2	0	0	0	0	0	0	0	0	0	0	0	0	0	0
68c1a03bc3461ebdf63e33e6172cf0ea	0	0	0	0	0	2	0	0	0	0	0	0	0	0	0	0	0	0	0	0	0	0
7bf3b0df654f2b5933f03b0445c02308	0	0	0	0	0	0	0	0	0	0	0	0	2	0	0	0	0	0	0	0	0	0
8824328c658197c9bc0b2f992e74055f	0	0	2	0	0	0	0	0	0	0	0	0	0	0	0	0	0	0	0	0	0	0
809a272ce852eb7ca3d63216ef20ab50	0	0	0	0	0	0	0	0	0	0	0	2	0	0	0	0	0	0	0	0	0	0
3e329abfa6e781ca4b71b5f034e77aa8	0	0	0	2	0	0	0	0	0	0	0	0	0	0	0	0	0	0	0	0	0	0
114fac59b12993b00c81845f32caab8c	0	0	0	0	0	0	0	0	0	0	0	0	2	0	0	0	0	0	0	0	0	0
bb8db60a783a7f0a054425ccf1ffb765	0	0	0	0	0	0	0	0	2	0	0	0	0	0	0	0	0	0	0	0	0	0
d2307b2ae60651c65aa00113f1a46a3f	0	0	0	0	0	0	0	0	0	0	0	0	0	0	0	0	0	0	0	0	0	2
445732ecec8f715babc362c2359ea432	0	0	0	0	0	0	0	0	0	0	0	0	0	0	2	0	0	0	0	0	0	0
ad77c21e8e3ded4175b864a015cfceaa	0	0	0	0	0	0	0	0	0	0	0	0	0	0	0	2	0	0	0	0	0	0
53498139724ffff4aa932b8014fb6075	0	0	0	0	0	2	0	0	0	0	0	0	0	0	0	0	0	0	0	0	0	0
f2e711a01046349ac007c905d1f90b13	0	0	0	0	0	0	2	0	0	0	0	0	0	0	0	0	0	0	0	0	0	0
3ad44d9af36eb9cee3ddf43be5068966	2	0	0	0	0	0	0	0	0	0	0	0	0	0	0	0	0	0	0	0	0	0
fa6e2687db0485e3bddcd6bbf28ca275	0	0	0	0	0	0	0	0	0	0	0	0	0	0	2	0	0	0	0	0	0	0
42b1e044b4c46f28e742742ef23378f7	2	0	0	0	0	0	0	0	0	0	0	0	0	0	0	0	0	0	0	0	0	0
955fb0f1261cd272199f0ecd97791e5e	0	0	0	0	0	0	0	0	0	0	0	2	0	0	0	0	0	0	0	0	0	0
71124030b044649550b97316ff400dfa	2	0	0	0	0	0	0	0	0	0	0	0	0	0	0	0	0	0	0	0	0	0
0a0711f37a26c662b6d90b1524b1e053	0	0	0	0	2	0	0	0	0	0	0	0	0	0	0	0	0	0	0	0	0	0
f8c7d2a6c7bfe0f654a60dae7e84edab	0	0	0	0	0	0	2	0	0	0	0	0	0	0	0	0	0	0	0	0	0	0
48152d1ecf0132fb7028b6db75afbab1	0	0	0	0	0	0	0	0	0	0	0	0	0	0	0	1	0	0	0	0	0	0
328908a71a9ce49e5bac23b3e8ded1d8	0	0	0	0	0	0	0	0	0	0	0	1	0	0	0	0	0	0	0	0	0	0
66c0faeadff630654bcf9e65ad32eaf3	1	0	0	0	0	0	0	0	0	0	0	0	0	0	0	0	0	0	0	0	0	0
00b124f85784b6a6aaec34666795083f	1	0	0	0	0	0	0	0	0	0	0	0	0	0	0	0	0	0	0	0	0	0
c12565bb22744c25cf4f9f14943d3f15	0	0	0	0	0	0	1	0	0	0	0	0	0	0	0	0	0	0	0	0	0	0
faa0a4b80d288dd13c10d5eb1a244ed6	0	0	0	0	0	0	0	0	0	0	0	0	0	0	0	0	0	0	0	1	0	0
aeb4b855954424270443f3eee63a5e91	0	0	0	0	0	0	0	0	0	0	0	0	0	0	0	0	0	0	0	1	0	0
3bed63ba5ac6dbcf23a9809c16932b2c	0	0	0	0	0	0	0	0	0	0	0	0	0	0	0	0	0	0	0	1	0	0
322cb66da21153077f29d64bce2ae9a7	0	0	0	0	1	0	0	0	0	0	0	0	0	0	0	0	0	0	0	0	0	0
94ea6133d401592982c23ace8fc75ed7	0	0	0	0	0	0	0	0	0	0	0	1	0	0	0	0	0	0	0	0	0	0
d873c35ec8a3392fdbb9d9453482498b	0	0	0	0	0	0	0	0	0	0	0	0	0	1	0	0	0	0	0	0	0	0
4fc6e4577e644013b4f6dafd826bf0cf	0	0	0	0	0	0	0	0	0	0	0	0	0	0	0	0	0	0	0	0	0	1
737eb6bc80a38bce929160d59544746b	0	0	0	0	0	0	0	0	0	0	0	0	0	0	0	0	0	1	0	0	0	0
4a4adb99be0388e840cbf29718a76ab3	0	0	0	0	0	0	0	0	0	0	0	0	0	0	0	0	0	0	0	0	0	1
57f01fad6f52c001bb72847556a21670	0	0	0	0	0	0	0	0	1	0	0	0	0	0	0	0	0	0	0	0	0	0
e993b74bda19accb45f3ce672b6d395d	0	0	0	0	0	1	0	0	0	0	0	0	0	0	0	0	0	0	0	0	0	0
caa9fa384c3cc6d35684a77452f645b9	0	0	0	0	0	0	0	0	0	0	0	0	1	0	0	0	0	0	0	0	0	0
5441a6e1eef4f33f86eab6407a968f08	0	0	0	0	1	0	0	0	0	0	0	0	0	0	0	0	0	0	0	0	0	0
