"asv","Genus","transform_a","transform_b","importance_a","importance_b","diff","abs_diff","comparison"
"2d9a9d6012e671d8135cb2df734d9edd","Gemmatimonas","clr_1","clr_0.5",0.00527220655258165,0.00368037348671752,0.00159183306586413,0.00159183306586413,"pc = 1 − pc = 0.5"
"dc9aa892ff2214c4219de36f009f5192","Candidatus Nitrosoarchaeum","clr_1","clr_0.5",0.00373054158916596,0.00362601458361005,0.000104527005555905,0.000104527005555905,"pc = 1 − pc = 0.5"
"b7a6de9f78e6c96910566ca3f2778318","Armatimonadaceae Family","clr_1","clr_0.5",0.00342483534100186,0.00266344726967544,0.000761388071326425,0.000761388071326425,"pc = 1 − pc = 0.5"
"ce7deedd0f541b5286425938fcd6e413","Oligoflexaceae Family","clr_1","clr_0.5",0.00295156627988451,0.00299542035197691,-4.38540720923974e-05,4.38540720923974e-05,"pc = 1 − pc = 0.5"
"9e36c8c025b5170a2b5af14dc13bf3bf","Eremiobacteria Class","clr_1","clr_0.5",0.00282706547971417,0.00270195322750143,0.000125112252212737,0.000125112252212737,"pc = 1 − pc = 0.5"
"6c561c59c84d61ce5f4036074028dbca","Bryobacter","clr_1","clr_0.5",0.00281467373215777,0.00303608157337211,-0.00022140784121434,0.00022140784121434,"pc = 1 − pc = 0.5"
"afc8be1bf12a273aee66a9cf23603a63","Acetobacteraceae Family","clr_1","clr_0.5",0.00280748313660368,0.00259510102542854,0.000212382111175135,0.000212382111175135,"pc = 1 − pc = 0.5"
"c4bfdac27a83e2361cd70c4f37cbeb51","Paludibaculum","clr_1","clr_0.5",0.0025896154045607,0.0029958661944584,-0.000406250789897701,0.000406250789897701,"pc = 1 − pc = 0.5"
"61c901297973162caaee28a638a3d9d9","Solirubrobacteraceae Family","clr_1","clr_0.5",0.00255238500547032,0.00129149001654455,0.00126089498892577,0.00126089498892577,"pc = 1 − pc = 0.5"
"29d0afa3094fe186f16549507e5d86f3","Haliscomenobacter","clr_1","clr_0.5",0.0025108514719462,0.00264836823995351,-0.000137516768007311,0.000137516768007311,"pc = 1 − pc = 0.5"
"6797a25a8dfdb4774d859b8844087411","Rhizobacter","clr_1","clr_0.5",0.00249551395257856,0.00249551395257856,0,0,"pc = 1 − pc = 0.5"
"7a2f122fddae43a0010e633c008bc09b","Blfdi19 Order","clr_1","clr_0.5",0.00246343349449487,0.00258543166421712,-0.000121998169722241,0.000121998169722241,"pc = 1 − pc = 0.5"
"6fa14f70b44f6de870d45c0e905c45fe","Fimbriiglobus","clr_1","clr_0.5",0.00245206786763457,0.00261580834000883,-0.000163740472374262,0.000163740472374262,"pc = 1 − pc = 0.5"
"de12a9a4b8be3995816194f3492ff412","Singulisphaera","clr_1","clr_0.5",0.00243197128949588,0.00257642238348172,-0.000144451093985834,0.000144451093985834,"pc = 1 − pc = 0.5"
"2a4e8c5c2d9ffd70f271583b796168df","Dolichospermum","clr_1","clr_0.5",0.00241208110696255,0.00259487656948129,-0.000182795462518745,0.000182795462518745,"pc = 1 − pc = 0.5"
"2e398b810872de4049aebe234dc5b5d7","Comamonadaceae Family","clr_1","clr_0.5",0.00239776553182019,0.00159523248649805,0.000802533045322141,0.000802533045322141,"pc = 1 − pc = 0.5"
"649f026cd615015b1c0f8e760d309122","Luteimonas","clr_1","clr_0.5",0.00237651703124888,0.0020867586543469,0.000289758376901984,0.000289758376901984,"pc = 1 − pc = 0.5"
"37c9c05391818c7a6ffa38262321f5fc","CL500-29 marine group","clr_1","clr_0.5",0.00237208850110507,0.00262081494112866,-0.000248726440023592,0.000248726440023592,"pc = 1 − pc = 0.5"
"cdc9eb301c1347f5753343884d1a5b41","mle1-27 Order","clr_1","clr_0.5",0.00233072519327482,0.00253614030764699,-0.000205415114372172,0.000205415114372172,"pc = 1 − pc = 0.5"
"66206d59214d8cc4ecb65a71e9350c9c","Phreatobacter","clr_1","clr_0.5",0.00231905154407329,0.00256820830131958,-0.000249156757246289,0.000249156757246289,"pc = 1 − pc = 0.5"
"1ba1c6fba5cf7d1a4c6e3caef9e4c813","TRA3-20 Family","clr_1","clr_0.5",0.00231536561767373,0.00256030553428675,-0.000244939916613024,0.000244939916613024,"pc = 1 − pc = 0.5"
"33e5681d81c11baedc5f46c7b394484c","Midichloriaceae Family","clr_1","clr_0.5",0.00228889908870445,0.00228889908870445,0,0,"pc = 1 − pc = 0.5"
"fb437033e226e6cda5fe9c3b74ef453f","Rhodovarius","clr_1","clr_0.5",0.00225823065835833,0.0021413238780895,0.000116906780268824,0.000116906780268824,"pc = 1 − pc = 0.5"
"179e2e4ad12d2a505f12bf7110a80cde","Sphingomonadaceae Family","clr_1","clr_0.5",0.0022376240626747,0.00227688759078492,-3.92635281102178e-05,3.92635281102178e-05,"pc = 1 − pc = 0.5"
"b44b7ef824cadcd24ea6fea45051a73e","Fimbriimonadaceae Family","clr_1","clr_0.5",0.00223708877387442,0.00218527228615597,5.1816487718453e-05,5.1816487718453e-05,"pc = 1 − pc = 0.5"
"9ed3e1edc621c9a94608480eb8b4351b","Pseudanabaena","clr_1","clr_0.5",0.00219987590366902,0.00219674596816331,3.12993550571385e-06,3.12993550571385e-06,"pc = 1 − pc = 0.5"
"9a7f96749fc3614a624e31996bd7b4d4","Vermiphilaceae Family","clr_1","clr_0.5",0.00215141463757085,0.00205972654220562,9.16880953652304e-05,9.16880953652304e-05,"pc = 1 − pc = 0.5"
"6815f1f2c2d38299f363940f8e312c3c","Deinococcaceae Family","clr_1","clr_0.5",0.0020936597956668,0.00290994884170493,-0.000816289046038129,0.000816289046038129,"pc = 1 − pc = 0.5"
"51a5955ebe58e2c36e26f6cfa32cbe22","Rhizobacter","clr_1","clr_0.5",0.00209318287811054,0.00220511812052183,-0.00011193524241129,0.00011193524241129,"pc = 1 − pc = 0.5"
"396cc69217c9a6fb253a45860cafee90","Fimbriiglobus","clr_1","clr_0.5",0.00209082821665129,0.00209082821665129,0,0,"pc = 1 − pc = 0.5"
"2bba1f8c49fb19b800398943a216a572","Bryobacter","clr_1","clr_0.5",0.0020714415269797,0.00222691102258206,-0.000155469495602357,0.000155469495602357,"pc = 1 − pc = 0.5"
"01e7f9814849bf1e4a5ce63fb0d4b61a","Shackletoniella","clr_1","clr_0.5",0.00200610537573047,0.0019906291920455,1.54761836849734e-05,1.54761836849734e-05,"pc = 1 − pc = 0.5"
"47c12b61c90c5033a1bb474f6c7ae154","LD29","clr_1","clr_0.5",0.00200121627129233,0.00187566649619212,0.00012554977510021,0.00012554977510021,"pc = 1 − pc = 0.5"
"67af8ea66a8349d04cd4bda199abe5da","Fimbriiglobus","clr_1","clr_0.5",0.00199798065074277,0.00215602483291624,-0.000158044182173479,0.000158044182173479,"pc = 1 − pc = 0.5"
"ec0f2c0dafb364dfe9e9044a2db5f8fc","IMCC26207","clr_1","clr_0.5",0.00198024496308403,0.00179564858445108,0.000184596378632954,0.000184596378632954,"pc = 1 − pc = 0.5"
"6fc0afa4ca20c38dd455d90b8d8099ab","Hirschia","clr_1","clr_0.5",0.00195895843645226,0.00179233113087633,0.000166627305575926,0.000166627305575926,"pc = 1 − pc = 0.5"
"27ec05c431a025fda07b2a8e37f2bf93","Fimbriiglobus","clr_1","clr_0.5",0.00191509896744031,0.0023568518743288,-0.000441752906888493,0.000441752906888493,"pc = 1 − pc = 0.5"
"d4531e60bc6de54c5eb09e54d2264553","Pirellula","clr_1","clr_0.5",0.00188025167780313,0.0016684592317949,0.000211792446008224,0.000211792446008224,"pc = 1 − pc = 0.5"
"7303c7950d30d98f6084c7e1e4c54ea1","Nodosilinea","clr_1","clr_0.5",0.00183950524843622,0.00150772575499103,0.000331779493445194,0.000331779493445194,"pc = 1 − pc = 0.5"
"79cb0502666fb336451226c33970ec67","Chitinophagaceae Family","clr_1","clr_0.5",0.0018155208994118,0.00172727570536168,8.82451940501226e-05,8.82451940501226e-05,"pc = 1 − pc = 0.5"
"7402c6fd98e177d4694261a9dd23eac6","Candidatus Berkiella","clr_1","clr_0.5",0.00181529974538216,0.00186347056690979,-4.81708215276289e-05,4.81708215276289e-05,"pc = 1 − pc = 0.5"
"6ea9472deca150f97a7bcfe87126d9b9","Phreatobacter","clr_1","clr_0.5",0.00180218079505724,0.00176909999292559,3.3080802131653e-05,3.3080802131653e-05,"pc = 1 − pc = 0.5"
"768d500dec54c80d5ef769902dadd792","Fimbriiglobus","clr_1","clr_0.5",0.00177676852715856,0.00164708219689729,0.000129686330261276,0.000129686330261276,"pc = 1 − pc = 0.5"
"c817f85fb612001af524979afb37eaeb","Comamonadaceae Family","clr_1","clr_0.5",0.00177490181513005,0.00157369758785492,0.000201204227275127,0.000201204227275127,"pc = 1 − pc = 0.5"
"3505278bbef674c198e14875912fa8e5","Nocardioides","clr_1","clr_0.5",0.0017708612945807,0.00178663779679311,-1.57765022124089e-05,1.57765022124089e-05,"pc = 1 − pc = 0.5"
"89c76625e45ab0499f29cc2dc2beb69c","SL56 marine group Class","clr_1","clr_0.5",0.00176236642056662,0.00166354736706505,9.88190535015684e-05,9.88190535015684e-05,"pc = 1 − pc = 0.5"
"7017030b94462f54ca0141f11f705833","Dankookia","clr_1","clr_0.5",0.00176159590991452,0.00168888395825111,7.27119516634104e-05,7.27119516634104e-05,"pc = 1 − pc = 0.5"
"65d43491988bfe557da4d86a5ba25dae","Staphylococcus","clr_1","clr_0.5",0.00175922537936404,0.00178350701121169,-2.42816318476507e-05,2.42816318476507e-05,"pc = 1 − pc = 0.5"
"7edb4e0c95b9fecd08046d75a5195d5c","SM1A02","clr_1","clr_0.5",0.00175902456829796,0.00183730180448677,-7.82772361888101e-05,7.82772361888101e-05,"pc = 1 − pc = 0.5"
"3c47a5b25bdba36dd7911384b66f1371","Armatimonadaceae Family","clr_1","clr_0.5",0.001743054332703,0.000479936047025684,0.00126311828567731,0.00126311828567731,"pc = 1 − pc = 0.5"
"b701af8d98ca714dab16ab6724bb631a","Galbitalea","clr_1","clr_0.5",0.00173512740970318,0.00164382348540642,9.13039242967525e-05,9.13039242967525e-05,"pc = 1 − pc = 0.5"
"5fb691caf53996697fc5745ffa6620ae","Lacibacter","clr_1","clr_0.5",0.00171089047760626,0.00178607210310547,-7.51816254992033e-05,7.51816254992033e-05,"pc = 1 − pc = 0.5"
"cad8cc3e7647d51e614b099398538e4d","Saprospiraceae Family","clr_1","clr_0.5",0.00169752208468653,0.00171814837986463,-2.06262951781026e-05,2.06262951781026e-05,"pc = 1 − pc = 0.5"
"27dd7e35cd564c093c78eb0ccb36c808","Chthoniobacter","clr_1","clr_0.5",0.00169717221840118,0.00148092426732668,0.000216247951074507,0.000216247951074507,"pc = 1 − pc = 0.5"
"a6dd65fc8a794034ff7ebcd21aa0627d","Undibacterium","clr_1","clr_0.5",0.00168785063094648,0.00172262814524415,-3.47775142976686e-05,3.47775142976686e-05,"pc = 1 − pc = 0.5"
"750dab93d926d40d7cd439faa6640f33","Haliscomenobacter","clr_1","clr_0.5",0.00165843874466658,0.00139481838846725,0.000263620356199328,0.000263620356199328,"pc = 1 − pc = 0.5"
"396bbebd81d93d6c824d49cc652eb76a","Flavipsychrobacter","clr_1","clr_0.5",0.00165522589395751,0.00163743179662607,1.77940973314411e-05,1.77940973314411e-05,"pc = 1 − pc = 0.5"
"8c45d6dd71022de8cedfa07abbd65788","Tundrisphaera","clr_1","clr_0.5",0.0016406832336973,0.00146385432431241,0.000176828909384882,0.000176828909384882,"pc = 1 − pc = 0.5"
"34ec42044c0d886b375a356f164f6bd3","Methylorosula","clr_1","clr_0.5",0.00163110686928239,0.00157505909324755,5.60477760348423e-05,5.60477760348423e-05,"pc = 1 − pc = 0.5"
"1a131635c7cef07af21b4ec48465d88d","Parablastomonas","clr_1","clr_0.5",0.00162324096278408,0.00155344359096013,6.97973718239507e-05,6.97973718239507e-05,"pc = 1 − pc = 0.5"
"6d766f67b6bd03ae7d1de4c4fc15b47f","SM2D12 Family","clr_1","clr_0.5",0.00160802047441866,0.001594691786478,1.33286879406556e-05,1.33286879406556e-05,"pc = 1 − pc = 0.5"
"133a40be8ba8eb0e124c31585039a7e7","Saprospiraceae Family","clr_1","clr_0.5",0.00158149532744651,0.00148191852039586,9.95768070506504e-05,9.95768070506504e-05,"pc = 1 − pc = 0.5"
"5fa97937c087ce34a2c5ae09d617b9b1","Pedosphaeraceae Family","clr_1","clr_0.5",0.00155393275416362,0.00159843580914609,-4.45030549824669e-05,4.45030549824669e-05,"pc = 1 − pc = 0.5"
"ec1d103f66d06bf61cf3cf6d9bcf8e52","OM190 Class","clr_1","clr_0.5",0.00151405937846754,0.00120499430030292,0.00030906507816462,0.00030906507816462,"pc = 1 − pc = 0.5"
"15186d19694f00776956343942b4f186","Gloeobacter","clr_1","clr_0.5",0.00146492716216096,0.00158691813279763,-0.000121990970636673,0.000121990970636673,"pc = 1 − pc = 0.5"
"53e8389028f3821f782fbf4186e1ef22","SM1A02","clr_1","clr_0.5",0.00144365325038621,0.00191260704095145,-0.000468953790565235,0.000468953790565235,"pc = 1 − pc = 0.5"
"e54514f112c0d2e2cf9be32de76bd74d","Isosphaeraceae Family","clr_1","clr_0.5",0.0013903697830033,0.00130755282369705,8.28169593062541e-05,8.28169593062541e-05,"pc = 1 − pc = 0.5"
"0de2768e56408332050e94db50b132bc","Ilumatobacteraceae Family","clr_1","clr_0.5",0.00138395338817945,0.00145246427621312,-6.85108880336671e-05,6.85108880336671e-05,"pc = 1 − pc = 0.5"
"fd4df754d86be49bd629a82ee124ae11","Comamonadaceae Family","clr_1","clr_0.5",0.0013559006956376,0.0013559006956376,0,0,"pc = 1 − pc = 0.5"
"c4e72b68a0138eb7ed4ec9390f496838","Luteolibacter","clr_1","clr_0.5",0.00134304503085636,0.00145034604798852,-0.000107301017132163,0.000107301017132163,"pc = 1 − pc = 0.5"
"508e4d4db7e2c0220a19fafa294e0670","Methylotenera","clr_1","clr_0.5",0.00132613185319276,0.00112424588461381,0.000201885968578952,0.000201885968578952,"pc = 1 − pc = 0.5"
"c1c1dfe0cd247065dcc7160055106657","Rhodospirillales Order","clr_1","clr_0.5",0.00131050968392253,0.00159131289179181,-0.000280803207869289,0.000280803207869289,"pc = 1 − pc = 0.5"
"ee2d56600bef5d134884d0354366d6e8","Paracaedibacteraceae Family","clr_1","clr_0.5",0.00127811605605603,0.00128009430745425,-1.97825139822529e-06,1.97825139822529e-06,"pc = 1 − pc = 0.5"
"3067f2c7606dcdd91e7f2803033e82b7","Silvanigrellaceae Family","clr_1","clr_0.5",0.00126635146366626,0.00156704522914624,-0.000300693765479979,0.000300693765479979,"pc = 1 − pc = 0.5"
"42c734e954e79fffc18510aabe34471b","OM27 clade","clr_1","clr_0.5",0.00123937967971885,0.00123937967971885,0,0,"pc = 1 − pc = 0.5"
"e0bf3607d3a5ccbac1a50f826a8e1d70","Pirellulaceae Family","clr_1","clr_0.5",0.00120512657390397,0.00124551029666671,-4.03837227627415e-05,4.03837227627415e-05,"pc = 1 − pc = 0.5"
"06d00f760cc0e151c5d5e991c9034e10","SH3-11","clr_1","clr_0.5",0.00117155315177255,0.000949907566883756,0.000221645584888795,0.000221645584888795,"pc = 1 − pc = 0.5"
"56d37d5bf0c2169e087e1488886eefde","Oxalobacteraceae Family","clr_1","clr_0.5",0.00115575348583581,0.00115575348583581,0,0,"pc = 1 − pc = 0.5"
"34b262693d693a0cbf5d81d87ea6cdc3","Zavarziniales Order","clr_1","clr_0.5",0.00115133954886344,0.00111602712673815,3.53124221252872e-05,3.53124221252872e-05,"pc = 1 − pc = 0.5"
"2593ef9eab12897237f8371e3a856adb","SM1A02","clr_1","clr_0.5",0.00114069316193374,0.00118174993404711,-4.10567721133683e-05,4.10567721133683e-05,"pc = 1 − pc = 0.5"
"3078d0e997dde104f7d25c0dd9473003","Sandarakinorhabdus","clr_1","clr_0.5",0.00113828366513286,0.00120456867507407,-6.62850099412127e-05,6.62850099412127e-05,"pc = 1 − pc = 0.5"
"f68c45909b99408dc34d145a2e374c45","alphaI cluster","clr_1","clr_0.5",0.00110805699219582,0.0008614081145268,0.000246648877669017,0.000246648877669017,"pc = 1 − pc = 0.5"
"df824eff77d1e1a62e26119a49a422de","Comamonadaceae Family","clr_1","clr_0.5",0.0011072895573451,0.00112661372413949,-1.93241667943824e-05,1.93241667943824e-05,"pc = 1 − pc = 0.5"
"e82d519024df8980ba749ba0e7e8dbf1","Ferruginibacter","clr_1","clr_0.5",0.00110724997974186,0.00125073145204515,-0.000143481472303291,0.000143481472303291,"pc = 1 − pc = 0.5"
"978c384ac0e388f780c925653b029d19","Haliangiaceae Family","clr_1","clr_0.5",0.00110021244085607,0.00186749100913848,-0.000767278568282407,0.000767278568282407,"pc = 1 − pc = 0.5"
"6c5c4773cec3a677b8e92501f98b3388","Pirellula","clr_1","clr_0.5",0.00108146393273264,0.00108146393273264,0,0,"pc = 1 − pc = 0.5"
"328990122454db415c3696781e42778f","Phormidesmis","clr_1","clr_0.5",0.00105538616278933,0.00105538616278933,0,0,"pc = 1 − pc = 0.5"
"254cd54eaf0e7301dc9d0c9e2dc53710","Nodosilineaceae Family","clr_1","clr_0.5",0.00105262748028794,0.00105262748028794,0,0,"pc = 1 − pc = 0.5"
"9af3467db68cf6063627304cecd46a65","Pseudomonas","clr_1","clr_0.5",0.00103395792998618,0.00100851922587757,2.54387041086148e-05,2.54387041086148e-05,"pc = 1 − pc = 0.5"
"63f6feb8129502afd0ea246b2fec0692","Rickettsiellaceae Family","clr_1","clr_0.5",0.00102870161210212,0.00107009502433212,-4.13934122299963e-05,4.13934122299963e-05,"pc = 1 − pc = 0.5"
"7334cc4e674b5e9d56db1a9081437f8f","Hyphomicrobium","clr_1","clr_0.5",0.00102695521574736,0.00091106795294543,0.000115887262801934,0.000115887262801934,"pc = 1 − pc = 0.5"
"fb9358e4192b4e3fb1a6210327ee6ff2","Parablastomonas","clr_1","clr_0.5",0.00102493451876303,0.00142347402501262,-0.000398539506249588,0.000398539506249588,"pc = 1 − pc = 0.5"
"c27c683380e07dda90941851518bf036","Babeliales Order","clr_1","clr_0.5",0.000998671576805641,0.000937728518448243,6.09430583573982e-05,6.09430583573982e-05,"pc = 1 − pc = 0.5"
"0a4893b9a6062b1e61e27c920e0e38ca","Comamonadaceae Family","clr_1","clr_0.5",0.000996687483721047,0.000996687483721047,0,0,"pc = 1 − pc = 0.5"
"5f168ff910ef1f6dce37cfa68e82e8d0","Polymorphobacter","clr_1","clr_0.5",0.000948425471941314,0.00119626977655925,-0.000247844304617932,0.000247844304617932,"pc = 1 − pc = 0.5"
"8d4b51998b3310a1e96483dae8166a38","Candidatus Ovatusbacter","clr_1","clr_0.5",0.000932831116985767,0.000980487159144963,-4.76560421591959e-05,4.76560421591959e-05,"pc = 1 − pc = 0.5"
"d922e28fdfb36aa671e51df99219225a","Leptothrix","clr_1","clr_0.5",0.000922471676454501,0.00088830526147113,3.41664149833716e-05,3.41664149833716e-05,"pc = 1 − pc = 0.5"
"9cdde29fca3a13e2e0f5d96088860c87","Nostoc","clr_1","clr_0.5",0.000912077294829757,0.000856702845362776,5.53744494669814e-05,5.53744494669814e-05,"pc = 1 − pc = 0.5"
"bb286c96101b73e1bb46d5ff9b9da229","Polyangium","clr_1","clr_0.5",0.000911674790703488,0.000894556799206414,1.71179914970744e-05,1.71179914970744e-05,"pc = 1 − pc = 0.5"
"f4a774667177b16cb72b2efba954744e","Pirellulaceae Family","clr_1","clr_0.5",0.000909383440985224,0.000909383440985224,0,0,"pc = 1 − pc = 0.5"
"a2196497d13e4a3bd4ed23e2d2fe702c","Flavobacterium","clr_1","clr_0.5",0.000899368255301976,0.00103219641063285,-0.000132828155330875,0.000132828155330875,"pc = 1 − pc = 0.5"
"9f391663c5a41de8935c4443d7625a3d","Rhodospirillales Order","clr_1","clr_0.5",0.000897129611480213,0.000742280677322511,0.000154848934157702,0.000154848934157702,"pc = 1 − pc = 0.5"
"556c3d1034e2eec13db898aa075da658","Candidatus Jidaibacter","clr_1","clr_0.5",0.000855199014324213,0.000742433692838786,0.000112765321485427,0.000112765321485427,"pc = 1 − pc = 0.5"
"170da4a26ca000e2245c8b471ff2fa71","NS9 marine group Family","clr_1","clr_0.5",0.000851729635365176,0.00097624644204587,-0.000124516806680695,0.000124516806680695,"pc = 1 − pc = 0.5"
"2563ceb7d15a84f5d59f225adc9b06a5","Rickettsiales Order","clr_1","clr_0.5",0.000831574080500083,0.000964661510452747,-0.000133087429952664,0.000133087429952664,"pc = 1 − pc = 0.5"
"1e6c51b99d65fb93d42ad3ff651b5763","SM2D12 Family","clr_1","clr_0.5",0.000809083279119015,0.000775102267620086,3.39810114989284e-05,3.39810114989284e-05,"pc = 1 − pc = 0.5"
"360106ff8200f47dee77f0f2e1d9f359","Hymenobacter","clr_1","clr_0.5",0.000807217030823434,0.000905303686215517,-9.80866553920833e-05,9.80866553920833e-05,"pc = 1 − pc = 0.5"
"c1cc6b184d817c58b7c081b5665904cb","Regnicoccus","clr_1","clr_0.5",0.000797470964586657,0.000914120765218015,-0.000116649800631357,0.000116649800631357,"pc = 1 − pc = 0.5"
"1e046bb4b737284bdbae0d7b21a6ddbe","Fibrisoma","clr_1","clr_0.5",0.000777084212169545,0.00120250110070875,-0.000425416888539205,0.000425416888539205,"pc = 1 − pc = 0.5"
"27802da899201a0ce58d65877a284e0f","Anthocerotibacter","clr_1","clr_0.5",0.000776074539675692,0.000806481516422435,-3.04069767467427e-05,3.04069767467427e-05,"pc = 1 − pc = 0.5"
"35e1bbfd3ea58cec02a0fedead1ce5ce","Stenomitos","clr_1","clr_0.5",0.000772508615080005,0.000846518358938334,-7.40097438583297e-05,7.40097438583297e-05,"pc = 1 − pc = 0.5"
"ff98ab846c8f29e5e5f5cce385b28a7b","R7C24 Order","clr_1","clr_0.5",0.000771228593253635,0.000771228593253635,0,0,"pc = 1 − pc = 0.5"
"5c63b3749641851b368c8a181ddf1180","Xanthobacteraceae Family","clr_1","clr_0.5",0.000733299496621098,0.000748272030675123,-1.49725340540248e-05,1.49725340540248e-05,"pc = 1 − pc = 0.5"
"3e125655918e305a3842a79b6972775f","Rhodovarius","clr_1","clr_0.5",0.000706415240337931,0.000794681839436938,-8.82665990990068e-05,8.82665990990068e-05,"pc = 1 − pc = 0.5"
"eb22cc76d6af9469a959a2c983ee518c","Pirellula","clr_1","clr_0.5",0.000702246704895502,0.000697433890178556,4.81281471694601e-06,4.81281471694601e-06,"pc = 1 − pc = 0.5"
"4101b9eb70afe9a3ed1fb4c9eeaa28c6","Fimbriiglobus","clr_1","clr_0.5",0.000697686700166158,0.000733801072779315,-3.61143726131575e-05,3.61143726131575e-05,"pc = 1 − pc = 0.5"
"c91235968ea14ce60ae7e2fa8b3aadb4","Latescibacterota Phylum","clr_1","clr_0.5",0.000668505343470262,0.000947307694310811,-0.000278802350840549,0.000278802350840549,"pc = 1 − pc = 0.5"
"fc24096138e3cf0b2775bd2b8e01b5b2","Deinococcus","clr_1","clr_0.5",0.000662545383800594,0.000702302994551189,-3.97576107505951e-05,3.97576107505951e-05,"pc = 1 − pc = 0.5"
"f9d1c92972df498000feb91016c4bcaa","Fimbriimonadaceae Family","clr_1","clr_0.5",0.000650739939156825,0.00067181751785613,-2.10775786993057e-05,2.10775786993057e-05,"pc = 1 − pc = 0.5"
"9b4645c464d957064aed5e31e37b75f9","Comamonadaceae Family","clr_1","clr_0.5",0.000624688125478841,0.000540557519339948,8.41306061388926e-05,8.41306061388926e-05,"pc = 1 − pc = 0.5"
"76a12bde0263c31c5275292cb5b1d6f2","Roseococcus","clr_1","clr_0.5",0.000621838161752679,0.000592473527390731,2.93646343619471e-05,2.93646343619471e-05,"pc = 1 − pc = 0.5"
"46dbf5f9971edaaf1b5f61b49edcf2cf","Leptolyngbyaceae Family","clr_1","clr_0.5",0.000609766704714853,0.000622157741828262,-1.23910371134091e-05,1.23910371134091e-05,"pc = 1 − pc = 0.5"
"481de4037ed3f3bcf51b47e548dcbd9e","Novosphingobium","clr_1","clr_0.5",0.000598739162905964,0.000598739162905964,0,0,"pc = 1 − pc = 0.5"
"de2f81775998c151256d2a2b1ebaeee0","Rhodospirillales Order","clr_1","clr_0.5",0.000558409683820312,0.000558409683820312,0,0,"pc = 1 − pc = 0.5"
"bcba47620c299fd34809f143e3d26dff","Sphingomonas","clr_1","clr_0.5",0.000553554365898035,0.000517434755461166,3.61196104368696e-05,3.61196104368696e-05,"pc = 1 − pc = 0.5"
"5750c52ff8a6d630568878d3c75f5719","Rhodovastum","clr_1","clr_0.5",0.000547339759654808,0.000527384493483396,1.99552661714121e-05,1.99552661714121e-05,"pc = 1 − pc = 0.5"
"2f0427c95f58bc8b33730d6bebc06828","SWB02","clr_1","clr_0.5",0.000533332440646104,0.000533332440646104,0,0,"pc = 1 − pc = 0.5"
"906a6d27477dd504345835ee5273a72c","Pirellula","clr_1","clr_0.5",0.000530205719514101,0.00061190680160042,-8.17010820863189e-05,8.17010820863189e-05,"pc = 1 − pc = 0.5"
"27bbab26402d4eec931227b41a8046a5","SM2D12 Family","clr_1","clr_0.5",0.00053015356323906,0.000630557527248476,-0.000100403964009416,0.000100403964009416,"pc = 1 − pc = 0.5"
"53835d1295531799bc64c8fd9b406ac2","Leptothrix","clr_1","clr_0.5",0.00052903756337588,0.000547567483466629,-1.8529920090749e-05,1.8529920090749e-05,"pc = 1 − pc = 0.5"
"102fc16adc262f00c457357b35540be5","Rubinisphaeraceae Family","clr_1","clr_0.5",0.000519870443399954,0.000546617834759644,-2.67473913596895e-05,2.67473913596895e-05,"pc = 1 − pc = 0.5"
"92b48d9d2ebf3f4b0d153805997488d7","Rhodospirillales Order","clr_1","clr_0.5",0.000516606261614209,0.000563253555273487,-4.66472936592783e-05,4.66472936592783e-05,"pc = 1 − pc = 0.5"
"92886da043b3cfb88c385fc9b72752d5","Panacibacter","clr_1","clr_0.5",0.000511314378554437,0.000541023666469297,-2.970928791486e-05,2.970928791486e-05,"pc = 1 − pc = 0.5"
"134bdbaec661c28d109690d78b59214b","Saprospiraceae Family","clr_1","clr_0.5",0.000505178910511188,0.000505178910511188,0,0,"pc = 1 − pc = 0.5"
"092110610de5665acc86a85cfa7a1192","Polaromonas","clr_1","clr_0.5",0.000489298280905563,0.000424916188756274,6.43820921492897e-05,6.43820921492897e-05,"pc = 1 − pc = 0.5"
"54658c5cabc3c6c07f1e6556120cc99c","Rhizobacter","clr_1","clr_0.5",0.000474340662520491,0.000474340662520491,0,0,"pc = 1 − pc = 0.5"
"500fb8b8ee8585ac51166621f12ba6c1","Spirosomataceae Family","clr_1","clr_0.5",0.000452122201207757,0.000423263376915277,2.88588242924797e-05,2.88588242924797e-05,"pc = 1 − pc = 0.5"
"51b9a2e379c2555a3774ef13e9aac08d","alphaI cluster","clr_1","clr_0.5",0.000447425718574942,0.000486924197333368,-3.94984787584253e-05,3.94984787584253e-05,"pc = 1 − pc = 0.5"
"69e49e83ce1d7c260ab365773d82ed94","Phreatobacter","clr_1","clr_0.5",0.000438450262509841,0.000505077974127689,-6.66277116178479e-05,6.66277116178479e-05,"pc = 1 − pc = 0.5"
"60c62612dc5338eb921aa2f7d765ae55","Cephaloticoccus","clr_1","clr_0.5",0.000428160710145765,0.000433276716495032,-5.11600634926714e-06,5.11600634926714e-06,"pc = 1 − pc = 0.5"
"129ef8665d470f7e31e3ddbdb6dd47b4","Oculatellaceae Family","clr_1","clr_0.5",0.000426111585921285,0.000398516071013123,2.75955149081622e-05,2.75955149081622e-05,"pc = 1 − pc = 0.5"
"56483f8000e7a15a0ef8932e02cff7c4","Micavibrionales Order","clr_1","clr_0.5",0.000410788219069836,0.000410788219069836,0,0,"pc = 1 − pc = 0.5"
"26915c3209ae35ef27dd02617e8d7d91","Sphingorhabdus","clr_1","clr_0.5",0.000408738151110442,0.00038373379180293,2.50043593075123e-05,2.50043593075123e-05,"pc = 1 − pc = 0.5"
"b20a5bb96396ea08495298fc1a90c26b","Parablastomonas","clr_1","clr_0.5",0.00040620142410497,0.00040620142410497,0,0,"pc = 1 − pc = 0.5"
"d7df8a68ccfac5afb8ff817e0f532385","Pedosphaeraceae Family","clr_1","clr_0.5",0.000380685673122904,0.00033382644960454,4.68592235183643e-05,4.68592235183643e-05,"pc = 1 − pc = 0.5"
"cf42bf36050435362713d9a47b22f948","Parvibium","clr_1","clr_0.5",0.000360542682541942,0.000360542682541942,0,0,"pc = 1 − pc = 0.5"
"dc17a99d06059905b9fe7239b0b6072a","Gemmataceae Family","clr_1","clr_0.5",0.000351314975029001,0.000349526882390233,1.78809263876782e-06,1.78809263876782e-06,"pc = 1 − pc = 0.5"
"d74e073ecdeaccac7fc62dae8c532684","Acetobacteraceae Family","clr_1","clr_0.5",0.000338821533529048,0.000306630487454403,3.21910460746448e-05,3.21910460746448e-05,"pc = 1 − pc = 0.5"
"544ad0fe7ff864b6f888b8cde90ed6cc","Leptothrix","clr_1","clr_0.5",0.000321091334258897,0.000234577256538035,8.65140777208619e-05,8.65140777208619e-05,"pc = 1 − pc = 0.5"
"edb114398ced5bf958f4f404493a6642","Haliscomenobacter","clr_1","clr_0.5",0.000316419278957325,0.000250118254814024,6.63010241433018e-05,6.63010241433018e-05,"pc = 1 − pc = 0.5"
"5da845af2892f5c8fd8161364c7b4997","Sandarakinorhabdus","clr_1","clr_0.5",0.000307449520169723,0.000274747426392761,3.27020937769615e-05,3.27020937769615e-05,"pc = 1 − pc = 0.5"
"a4d78f7aef21dccbf726791e103fc440","Comamonadaceae Family","clr_1","clr_0.5",0.000306550786373792,0.000361471128993775,-5.49203426199825e-05,5.49203426199825e-05,"pc = 1 − pc = 0.5"
"8f0fb68673a8b3c26f3fd210e29b7916","Clostridium","clr_1","clr_0.5",0.000305020448167246,0.000305020448167246,0,0,"pc = 1 − pc = 0.5"
"84e1f74b7363f0321d0df8986283c5fa","Nannocystis","clr_1","clr_0.5",0.000302124666243137,0.000302124666243137,0,0,"pc = 1 − pc = 0.5"
"bb7f85879d3368b4cb7312e19bddcd5c","Candidatus Paracaedibacter","clr_1","clr_0.5",0.000300046226020344,0.000300046226020344,0,0,"pc = 1 − pc = 0.5"
"71ea54160cc86ce702cedff2acd9c71b","Microscillaceae Family","clr_1","clr_0.5",0.000293983679123886,0.000250506259994018,4.34774191298682e-05,4.34774191298682e-05,"pc = 1 − pc = 0.5"
"58233cde931d4317c4aec4e9d3ad14f3","FukuN18 freshwater group","clr_1","clr_0.5",0.00028938124781294,0.000422389849800541,-0.000133008601987602,0.000133008601987602,"pc = 1 − pc = 0.5"
"23a4b6bc2c58466eb2b87814a8ebbbf7","Comamonadaceae Family","clr_1","clr_0.5",0.000285799161093577,0.000416231553378177,-0.0001304323922846,0.0001304323922846,"pc = 1 − pc = 0.5"
"1a44b9628088d4f47816066198670b8e","SM2D12 Family","clr_1","clr_0.5",0.000279070859782995,0.000279070859782995,0,0,"pc = 1 − pc = 0.5"
"e8d79105228061b51c142e647eec6c36","Candidatus Captivus","clr_1","clr_0.5",0.000275507148251861,0.0002624707739323,1.30363743195609e-05,1.30363743195609e-05,"pc = 1 − pc = 0.5"
"794fea1efb1825bf0a088dd1c923bca0","Candidatus Amoebophilus","clr_1","clr_0.5",0.000272953337187289,0.000435259193618641,-0.000162305856431351,0.000162305856431351,"pc = 1 − pc = 0.5"
"8d86c76119abb8cee5563d24dfd5019c","Sphingomonadaceae Family","clr_1","clr_0.5",0.000271962729483302,0.000271962729483302,0,0,"pc = 1 − pc = 0.5"
"9b3becce3e5841cf9cd818eda34e6f49","NS9 marine group Family","clr_1","clr_0.5",0.000264744190574492,0.000191667629563571,7.30765610109214e-05,7.30765610109214e-05,"pc = 1 − pc = 0.5"
"59a4106242bad7608ed5334a3e3ad618","Aphanizomenon","clr_1","clr_0.5",0.000261725705883118,0.000361323030436399,-9.95973245532805e-05,9.95973245532805e-05,"pc = 1 − pc = 0.5"
"37bdabb058fbb4b5d00262bdfa49bff6","Phenylobacterium","clr_1","clr_0.5",0.000260324209355916,0.000260324209355916,0,0,"pc = 1 − pc = 0.5"
"dfa55444de9e265475ced8f630cda4a2","Aurantisolimonas","clr_1","clr_0.5",0.000257053484373211,0.000257053484373211,0,0,"pc = 1 − pc = 0.5"
"8afb445ed3cdc963718ea8a09d66617b","Fimbriimonadaceae Family","clr_1","clr_0.5",0.000254678425597319,0.000532814360580949,-0.000278135934983629,0.000278135934983629,"pc = 1 − pc = 0.5"
"ad9cc38b5ccf51413138567ba4f60b42","Babeliales Order","clr_1","clr_0.5",0.000241415552150627,0.000354232714335775,-0.000112817162185148,0.000112817162185148,"pc = 1 − pc = 0.5"
"73ab6d6608a93a7bc935f8048997c6fc","Rhodospirillales Order","clr_1","clr_0.5",0.000240368819235938,0.0003002391646675,-5.98703454315617e-05,5.98703454315617e-05,"pc = 1 − pc = 0.5"
"38f0c358f69c2812f607221459e7dd9e","Microscillaceae Family","clr_1","clr_0.5",0.000234056082560752,-1.71959760248148e-06,0.000235775680163233,0.000235775680163233,"pc = 1 − pc = 0.5"
"4c06bb79b0e22b616bf426c36315a839","Sumerlaea","clr_1","clr_0.5",0.000231673781026794,0.000231673781026794,0,0,"pc = 1 − pc = 0.5"
"d68f525366c1dfdc0984a90b89867e95","Longivirga","clr_1","clr_0.5",0.000228324433769591,0.000113720650621149,0.000114603783148442,0.000114603783148442,"pc = 1 − pc = 0.5"
"8bb2644d07ddab844c3ce80e74d8bba2","Pedosphaeraceae Family","clr_1","clr_0.5",0.000223400775359331,0.000542618002728137,-0.000319217227368806,0.000319217227368806,"pc = 1 − pc = 0.5"
"fd114ad6491bbfce6cc14cfaba316b67","Hyphomicrobiaceae Family","clr_1","clr_0.5",0.000216729935699276,0.000216729935699276,0,0,"pc = 1 − pc = 0.5"
"3a6e99903dd0d336c713866f52bd4244","Saprospiraceae Family","clr_1","clr_0.5",0.000197294930304636,0.000197294930304636,0,0,"pc = 1 − pc = 0.5"
"f505befbe1ca7e2f81e475fa9e2fcc98","Caulobacter","clr_1","clr_0.5",0.000194247464962258,0.000178394296023684,1.5853168938574e-05,1.5853168938574e-05,"pc = 1 − pc = 0.5"
"f672aa3aea2d03f0b297739022e9b716","Comamonadaceae Family","clr_1","clr_0.5",0.000191271718477957,0.000191271718477957,0,0,"pc = 1 − pc = 0.5"
"44a35eb59d737efb374c824f37927592","Phaselicystis","clr_1","clr_0.5",0.000181684268993856,0.000172236164430768,9.44810456308769e-06,9.44810456308769e-06,"pc = 1 − pc = 0.5"
"ebb58c2ffbbb54748fa6385f9d3224df","Sphingomonadaceae Family","clr_1","clr_0.5",0.000180757415195959,0.000283092017901612,-0.000102334602705653,0.000102334602705653,"pc = 1 − pc = 0.5"
"eddfa9460b8fe2df12344f6da501b116","Rhizobacter","clr_1","clr_0.5",0.000176071397094682,-6.33521618669589e-05,0.000239423558961641,0.000239423558961641,"pc = 1 − pc = 0.5"
"0d9a85a8f16a66d5dc0e5eacea0c4d39","Candidatus Paracaedibacter","clr_1","clr_0.5",0.000160047443618684,0.000160047443618684,0,0,"pc = 1 − pc = 0.5"
"7f60fc3cb896896f7bdb1eca264a3682","CL500-3","clr_1","clr_0.5",0.000151631561231058,0.000136954953677991,1.46766075530671e-05,1.46766075530671e-05,"pc = 1 − pc = 0.5"
"214496ebb8360b204e3f3a03d8641287","P3OB-42","clr_1","clr_0.5",0.000148306484543366,0.000298905402361444,-0.000150598917818078,0.000150598917818078,"pc = 1 − pc = 0.5"
"0d7eacfd4c0aa8f5967e44aebcfea42f","Gemmata","clr_1","clr_0.5",0.0001363519081972,0.0001363519081972,0,0,"pc = 1 − pc = 0.5"
"9cde2373849523d28439507aa5411277","Haliscomenobacter","clr_1","clr_0.5",0.000131580444367915,0.000131580444367915,0,0,"pc = 1 − pc = 0.5"
"352dde756d6eb85c2bcf05904b621f64","Emticicia","clr_1","clr_0.5",0.00012821135444685,0.00012821135444685,0,0,"pc = 1 − pc = 0.5"
"55fba7b4dd6e9303c85c5a54e0251df2","Pirellulaceae Family","clr_1","clr_0.5",0.000127006255094357,0.000248829791028855,-0.000121823535934498,0.000121823535934498,"pc = 1 − pc = 0.5"
"1b2727d9a46ce2983121fa1070af2580","Fimbriimonadaceae Family","clr_1","clr_0.5",0.000123636467758598,5.84554365189273e-05,6.51810312396704e-05,6.51810312396704e-05,"pc = 1 − pc = 0.5"
"0c3800224e14775f2abb6f91ff7450cf","Fimbriiglobus","clr_1","clr_0.5",0.000120223346320667,5.79343764750744e-05,6.22889698455927e-05,6.22889698455927e-05,"pc = 1 − pc = 0.5"
"2bd79804ec25f3151f8ec3f31c842dd0","Rhodovarius","clr_1","clr_0.5",0.000119397722997171,0.000119327577293841,7.01457033293025e-08,7.01457033293025e-08,"pc = 1 − pc = 0.5"
"51af2c92d5b41fee1ef860eb59eee9d7","Vulcanococcus","clr_1","clr_0.5",0.000111850793501992,0.000111850793501992,0,0,"pc = 1 − pc = 0.5"
"cec149633e0b0da85f255e25176e291b","BD1-7 clade","clr_1","clr_0.5",0.000111259546802048,0.000111259546802048,0,0,"pc = 1 − pc = 0.5"
"482f65b152c5702150de2b27ea2c9521","Endobacter","clr_1","clr_0.5",0.000106220236147866,6.43437976906264e-05,4.187643845724e-05,4.187643845724e-05,"pc = 1 − pc = 0.5"
"dd0a8be594bd6d7f08121de2aa5df471","Anagnostidinema","clr_1","clr_0.5",0.000106052858024548,0.000111163112236464,-5.11025421191647e-06,5.11025421191647e-06,"pc = 1 − pc = 0.5"
"e8724520788bb38a7f9d22c91318f016","Rhizobacter","clr_1","clr_0.5",0.000104174516516968,9.13548858964042e-05,1.28196306205633e-05,1.28196306205633e-05,"pc = 1 − pc = 0.5"
"3c0cdd40fd8071ed3f6adecf11b9c773","cvE6 Family","clr_1","clr_0.5",0.000103074097669229,0.000178015676385969,-7.49415787167404e-05,7.49415787167404e-05,"pc = 1 − pc = 0.5"
"ea4317d7222c2b5526d500d503663459","Aphanizomenonaceae Family","clr_1","clr_0.5",0.000103012989796745,0.000103012989796745,0,0,"pc = 1 − pc = 0.5"
"e78c94e8f7c6c1433223d448ac441301","Gemmataceae Family","clr_1","clr_0.5",0.000101438281680845,0.000101438281680845,0,0,"pc = 1 − pc = 0.5"
"3fd07b98dedfbc282868e5061f99eb3e","Bryobacter","clr_1","clr_0.5",9.85173545548665e-05,0.000168999573787273,-7.04822192324067e-05,7.04822192324067e-05,"pc = 1 − pc = 0.5"
"19f9f30d5492ed1f3f968da3d20389b1","Gemmataceae Family","clr_1","clr_0.5",9.61217087894368e-05,9.61217087894368e-05,0,0,"pc = 1 − pc = 0.5"
"2e63a346769e0a62350ceaec77aece4d","RS25G","clr_1","clr_0.5",8.82492263818719e-05,0.000134546247028887,-4.62970206470153e-05,4.62970206470153e-05,"pc = 1 − pc = 0.5"
"ceec694515496f505e8a0495faadf135","Gemmata","clr_1","clr_0.5",8.6697066081702e-05,8.6697066081702e-05,0,0,"pc = 1 − pc = 0.5"
"f9431bfa2ecf5582f3368530f500f360","Cephaloticoccus","clr_1","clr_0.5",8.47847818243047e-05,8.47847818243047e-05,0,0,"pc = 1 − pc = 0.5"
"32181b006051d0c53a829c211710b508","AAP99","clr_1","clr_0.5",8.13394657045695e-05,2.79088894469008e-05,5.34305762576686e-05,5.34305762576686e-05,"pc = 1 − pc = 0.5"
"ab4793724d4650358e1d40f5cb713049","Pseudanabaena","clr_1","clr_0.5",8.09979895525297e-05,0.000110512111489648,-2.95141219371185e-05,2.95141219371185e-05,"pc = 1 − pc = 0.5"
"6744ece1fbad79599edb11f29b59a918","Haliscomenobacter","clr_1","clr_0.5",7.35649186836067e-05,4.47746142512873e-05,2.87903044323194e-05,2.87903044323194e-05,"pc = 1 − pc = 0.5"
"2ca2d98e0489dc0314d8c79541be9115","Emticicia","clr_1","clr_0.5",7.07926093151238e-05,8.0430528334382e-05,-9.63791901925817e-06,9.63791901925817e-06,"pc = 1 − pc = 0.5"
"f4141d8bac0c1aa1a889524533e7c9d9","Aquabacterium","clr_1","clr_0.5",6.83225981820924e-05,9.5046996674666e-05,-2.67243984925736e-05,2.67243984925736e-05,"pc = 1 − pc = 0.5"
"0ea1dc2365236a4157aaae6a095fdfdd","Fibrella","clr_1","clr_0.5",6.56065278859979e-05,6.73626187189041e-05,-1.75609083290621e-06,1.75609083290621e-06,"pc = 1 − pc = 0.5"
"0a773ec23d772b90f5c06258c6a4c659","Candidatus Nitrosoarchaeum","clr_1","clr_0.5",6.31916035146e-05,7.32044595462678e-05,-1.00128560316678e-05,1.00128560316678e-05,"pc = 1 − pc = 0.5"
"2d2cfe3970153f65df6fb6d1a6da95cf","Chitinophagaceae Family","clr_1","clr_0.5",5.64351814821741e-05,-2.16789164729425e-05,7.81140979551166e-05,7.81140979551166e-05,"pc = 1 − pc = 0.5"
"9b596b9eb067d0ee46fb12b98a26ca77","Pseudanabaena","clr_1","clr_0.5",5.53782446320042e-05,3.9567462152843e-05,1.58107824791613e-05,1.58107824791613e-05,"pc = 1 − pc = 0.5"
"7bd2131216dd6bd467970699d35a617b","Roseicella","clr_1","clr_0.5",5.49546455015965e-05,-1.38328561372025e-05,6.8787501638799e-05,6.8787501638799e-05,"pc = 1 − pc = 0.5"
"47f280a62d3cbe2edbfada40370a17d4","Caedibacter","clr_1","clr_0.5",5.21232717188667e-05,-2.75030399796321e-06,5.48735757168299e-05,5.48735757168299e-05,"pc = 1 − pc = 0.5"
"7103737162d2f1b8f90c0ed9364846b6","Pirellula","clr_1","clr_0.5",5.17547688305347e-05,1.86131530426211e-05,3.31416157879136e-05,3.31416157879136e-05,"pc = 1 − pc = 0.5"
"5904ccb9b6ba59aaefedb22379ee4f15","Tundrisphaera","clr_1","clr_0.5",5.07406659670014e-05,3.11332702099636e-05,1.96073957570378e-05,1.96073957570378e-05,"pc = 1 − pc = 0.5"
"76363618e6a55a0556fa9cdda32b9519","Ellin6067","clr_1","clr_0.5",4.70717360581003e-05,6.04031409566042e-05,-1.33314048985039e-05,1.33314048985039e-05,"pc = 1 − pc = 0.5"
"04ecfad5772d2e09a84a0f5ef460536c","Methylobacterium","clr_1","clr_0.5",4.54644999776578e-05,-5.08512869908631e-05,9.6315786968521e-05,9.6315786968521e-05,"pc = 1 − pc = 0.5"
"1a9d57d26606ba207da37f78a8ff2c58","Pseudanabaena","clr_1","clr_0.5",4.21729877741861e-05,4.21729877741861e-05,0,0,"pc = 1 − pc = 0.5"
"65f55015ddc161df29ad55e9a337e21e","Rhizorhapis","clr_1","clr_0.5",4.18925321351976e-05,3.0425922278959e-05,1.14666098562387e-05,1.14666098562387e-05,"pc = 1 − pc = 0.5"
"99e5a1f89bd0985c7232e7288b0bbb0c","Mycobacterium","clr_1","clr_0.5",4.14980101817456e-05,-0.000260723401823302,0.000302221412005048,0.000302221412005048,"pc = 1 − pc = 0.5"
"55954ea021303330f19413b0882998fe","Rickettsiellaceae Family","clr_1","clr_0.5",4.02692651700423e-05,6.14598973473655e-05,-2.11906321773231e-05,2.11906321773231e-05,"pc = 1 − pc = 0.5"
"1bb52bd81aefa324a62f91eb110a3665","Phreatobacter","clr_1","clr_0.5",3.80191221326734e-05,3.80191221326734e-05,0,0,"pc = 1 − pc = 0.5"
"5a437028af9e0a2acd9a42474b7c6310","Acetobacteraceae Family","clr_1","clr_0.5",3.65515289538371e-05,3.65515289538371e-05,0,0,"pc = 1 − pc = 0.5"
"7ef48551cce7e0d840508208665333f5","Gemmatimonadaceae Family","clr_1","clr_0.5",3.48198582015848e-05,3.48198582015848e-05,0,0,"pc = 1 − pc = 0.5"
"113ea0d9a4d6d3e459760656562b5ddd","Dolichospermum","clr_1","clr_0.5",3.4447262551692e-05,1.30102958394594e-05,2.14369667122326e-05,2.14369667122326e-05,"pc = 1 − pc = 0.5"
"4ac5c0466efedd0f4daad46f23131a3f","Comamonadaceae Family","clr_1","clr_0.5",3.23972722085506e-05,3.23972722085506e-05,0,0,"pc = 1 − pc = 0.5"
"08e95f8aadda45f7fa04b997b0579b10","A0839 Family","clr_1","clr_0.5",2.91051655241568e-05,0,2.91051655241568e-05,2.91051655241568e-05,"pc = 1 − pc = 0.5"
"72d690501e343840c31a1f7abf932868","LiUU-11-161 Family","clr_1","clr_0.5",2.80485324812471e-05,-0.000191413682552919,0.000219462215034166,0.000219462215034166,"pc = 1 − pc = 0.5"
"fca1ed7792b0c80cd00c60203ba400e8","Flavobacterium","clr_1","clr_0.5",2.79973798779681e-05,2.79973798779681e-05,0,0,"pc = 1 − pc = 0.5"
"0a165844daf38d8ce2008c94a5b4565e","Sphingomonas","clr_1","clr_0.5",2.75059964902775e-05,0.000167135323993838,-0.000139629327503561,0.000139629327503561,"pc = 1 − pc = 0.5"
"7148f89a064752c2b79f8b43fcfdf028","Rickettsiellaceae Family","clr_1","clr_0.5",2.64081821176369e-05,-1.71696756418833e-05,4.35778577595202e-05,4.35778577595202e-05,"pc = 1 − pc = 0.5"
"04facf4c669643499ce14739914e4d67","Ellin6067","clr_1","clr_0.5",2.43554502382768e-05,2.43554502382768e-05,0,0,"pc = 1 − pc = 0.5"
"e9307278210409536f907f7fd741e075","Gemmatimonas","clr_1","clr_0.5",1.76843602979464e-05,-1.54085703729323e-05,3.30929306708787e-05,3.30929306708787e-05,"pc = 1 − pc = 0.5"
"34ff5f6b4b552d776baab0e35b5dc29d","SH3-11","clr_1","clr_0.5",1.1319308719306e-05,1.1319308719306e-05,0,0,"pc = 1 − pc = 0.5"
"53ca06737199ee3678325edb8269c6a0","Pedomicrobium","clr_1","clr_0.5",1.0903436851728e-05,0.000160191276399188,-0.00014928783954746,0.00014928783954746,"pc = 1 − pc = 0.5"
"6510fa10b181e1f66b763278c64bf2ed","Ferruginibacter","clr_1","clr_0.5",8.27102663100017e-06,1.1288071926831e-05,-3.01704529583083e-06,3.01704529583083e-06,"pc = 1 − pc = 0.5"
"f574db6bef285785a0be2afa96c81b03","Gemmata","clr_1","clr_0.5",7.34866237466352e-06,0,7.34866237466352e-06,7.34866237466352e-06,"pc = 1 − pc = 0.5"
"ef24d427e3b1d810ed78fd31347e4252","Acetobacteraceae Family","clr_1","clr_0.5",6.37059638891495e-06,-4.25864203177184e-05,4.89570167066333e-05,4.89570167066333e-05,"pc = 1 − pc = 0.5"
"cbd7f44bbfb028040dd62e6da57bf2a7","P3OB-42","clr_1","clr_0.5",5.79153484623295e-06,5.79153484623295e-06,0,0,"pc = 1 − pc = 0.5"
"1e58e379b70b6355a45ce1a2c36ae8ab","Rhodospirillales Order","clr_1","clr_0.5",4.94981534263119e-06,-1.69236602163535e-05,2.18734755589847e-05,2.18734755589847e-05,"pc = 1 − pc = 0.5"
"7cd2d6c584c538d8415b48f17188c5d6","Aquicella","clr_1","clr_0.5",1.24205026232729e-06,1.24205026232729e-06,0,0,"pc = 1 − pc = 0.5"
"6cc3d9a85641e773e9dc4fcb97e40bea","Massilia","clr_1","clr_0.5",1.24134124604276e-06,1.24134124604276e-06,0,0,"pc = 1 − pc = 0.5"
"a088b189e45f8f5c38cc891834db8035","Candidatus Nitrosoarchaeum","clr_1","clr_0.5",1.16168154493221e-06,2.15683054758669e-05,-2.04066239309347e-05,2.04066239309347e-05,"pc = 1 − pc = 0.5"
"4066bd673ae4accaad3d8a94bcdb2d24","Microcystaceae Family","clr_1","clr_0.5",1.02240126731954e-06,0,1.02240126731954e-06,1.02240126731954e-06,"pc = 1 − pc = 0.5"
"525db61ccb1ba70de183da8e90728f98","Polymorphobacter","clr_1","clr_0.5",6.16905685860092e-07,6.16905685860047e-07,4.44692297308508e-20,4.44692297308508e-20,"pc = 1 − pc = 0.5"
"91b6ecde35c8798c2d40e3bb81c49994","SWB02","clr_1","clr_0.5",0,0,0,0,"pc = 1 − pc = 0.5"
"c24525e8eccad35e27387f77998cbd04","Paracaedibacteraceae Family","clr_1","clr_0.5",0,0,0,0,"pc = 1 − pc = 0.5"
"a71c2b364419addf3c4a76844f1355fc","Limnohabitans","clr_1","clr_0.5",0,0,0,0,"pc = 1 − pc = 0.5"
"8df5a5aaa4151285e928fba5be95a4d3","Rubrivivax","clr_1","clr_0.5",0,8.653724881146e-05,-8.653724881146e-05,8.653724881146e-05,"pc = 1 − pc = 0.5"
"6e6f306a337ba255a7f4a7f8469ff691","Cellvibrio","clr_1","clr_0.5",0,0,0,0,"pc = 1 − pc = 0.5"
"7558ae080e554f69632fa9f0078925a8","SM2D12 Family","clr_1","clr_0.5",-4.28228404714348e-08,2.31621674618134e-05,-2.32049903022848e-05,2.32049903022848e-05,"pc = 1 − pc = 0.5"
"48e44d7f0b561b30935a67c41c75101d","Chthoniobacter","clr_1","clr_0.5",-3.38072880768324e-06,5.49176468723422e-05,-5.82983756800255e-05,5.82983756800255e-05,"pc = 1 − pc = 0.5"
"f04a2d7063257d451dee16f014b55e63","Snowella","clr_1","clr_0.5",-9.22019205299729e-06,-2.5502015275153e-05,1.62818232221557e-05,1.62818232221557e-05,"pc = 1 − pc = 0.5"
"5d5436b14b5044bb09cdb96aa65fe217","Gammaproteobacteria Class","clr_1","clr_0.5",-1.02765996415837e-05,-5.55999992745162e-05,4.53233996329325e-05,4.53233996329325e-05,"pc = 1 − pc = 0.5"
"e7bf8b888611a3cd1b5c84cdcd76321f","Aggregatilineaceae Family","clr_1","clr_0.5",-1.30272811679357e-05,-0.000115107534990554,0.000102080253822618,0.000102080253822618,"pc = 1 − pc = 0.5"
"4078fc5ccccbf133e10b6bf4f6461c02","Pirellula","clr_1","clr_0.5",-2.22343606922065e-05,0.000325256091663867,-0.000347490452356074,0.000347490452356074,"pc = 1 − pc = 0.5"
"3bd964f1262d70ed0e2b2f2d5e53d9ca","Fimbriiglobus","clr_1","clr_0.5",-3.24749361889957e-05,1.25660831552274e-05,-4.50410193442232e-05,4.50410193442232e-05,"pc = 1 − pc = 0.5"
"ad9e0017fee8f1eaaf3c142b2c9fa459","Hirschia","clr_1","clr_0.5",-4.30706360840093e-05,0,-4.30706360840093e-05,4.30706360840093e-05,"pc = 1 − pc = 0.5"
"7a58a670654e91eb7bbbb340f5221038","Pseudanabaenaceae_X","clr_1","clr_0.5",-4.87091236081758e-05,8.1908816604043e-05,-0.000130617940212219,0.000130617940212219,"pc = 1 − pc = 0.5"
"9b3fa36ed2c09a6975b78f7855af2106","Rhodovarius","clr_1","clr_0.5",-5.32471653462373e-05,-5.32471653462373e-05,0,0,"pc = 1 − pc = 0.5"
"02b4cbe5c2955ab2f66dc82cdf6dad64","Aquabacterium","clr_1","clr_0.5",-5.44654325988335e-05,-9.41919891361187e-06,-4.50462336852216e-05,4.50462336852216e-05,"pc = 1 − pc = 0.5"
"70aa67c9ba5ae917f70f89ea766f68ec","Pseudanabaenaceae_X","clr_1","clr_0.5",-5.88477360995001e-05,5.95910757036751e-05,-0.000118438811803175,0.000118438811803175,"pc = 1 − pc = 0.5"
"103ad5940ac3b635fa0afe4680cbc582","Leptothrix","clr_1","clr_0.5",-6.71515702734683e-05,-4.6308963547368e-05,-2.08426067261003e-05,2.08426067261003e-05,"pc = 1 − pc = 0.5"
"7de8357661e8182771db98b376924183","Ideonella","clr_1","clr_0.5",-7.25532083203129e-05,2.58297148198547e-05,-9.83829231401675e-05,9.83829231401675e-05,"pc = 1 − pc = 0.5"
"8d32cb7d685931e9669b78d2cde217c5","Polymorphobacter","clr_1","clr_0.5",-8.01711478646219e-05,-8.01711478646219e-05,0,0,"pc = 1 − pc = 0.5"
"5db99293e9b1fc0a4ffea5bfc8dad05a","Anthocerotibacter","clr_1","clr_0.5",-8.49762434052043e-05,-0.000139217396979392,5.42411535741882e-05,5.42411535741882e-05,"pc = 1 − pc = 0.5"
"57b92326c77017ea2f2bda05f0b71a66","Armatimonas","clr_1","clr_0.5",-8.69799825869876e-05,-6.07791942922717e-06,-8.09020631577605e-05,8.09020631577605e-05,"pc = 1 − pc = 0.5"
"241dabd4901db50f657e8e9e90977528","Oligoflexaceae Family","clr_1","clr_0.5",-8.71748420811861e-05,2.01155871033045e-05,-0.000107290429184491,0.000107290429184491,"pc = 1 − pc = 0.5"
"726adcf2c36b8506b1618c939afc6308","Fimbriiglobus","clr_1","clr_0.5",-8.91414921057079e-05,-9.32123366099633e-05,4.07084450425542e-06,4.07084450425542e-06,"pc = 1 − pc = 0.5"
"bd9fb85fbc617c063ef39df89e371752","Fimbriimonadaceae Family","clr_1","clr_0.5",-9.25346993296663e-05,-0.000108683774993841,1.61490756641752e-05,1.61490756641752e-05,"pc = 1 − pc = 0.5"
"23b1bba87afc0a8c4e389513c03080fa","Zavarzinella","clr_1","clr_0.5",-0.000119837938498764,-0.000152269759011194,3.24318205124302e-05,3.24318205124302e-05,"pc = 1 − pc = 0.5"
"772ad1eb60ac8444ec6adcaf9e9777c7","Spirochaeta 2","clr_1","clr_0.5",-0.000147114120800685,-0.000140613373611754,-6.50074718893011e-06,6.50074718893011e-06,"pc = 1 − pc = 0.5"
"cc363a9ccd3549e646859ab1ffe9d460","Sandaracinus","clr_1","clr_0.5",-0.000162929980814888,-4.36591187150765e-05,-0.000119270862099812,0.000119270862099812,"pc = 1 − pc = 0.5"
"e52edce2ac7c8fd252c75a75d8e4275a","Acetobacteraceae Family","clr_1","clr_0.5",-0.000174845680704425,-0.000254251472466433,7.94057917620085e-05,7.94057917620085e-05,"pc = 1 − pc = 0.5"
"443cbb31543da9477f5472d3e3b7898d","Rickettsiaceae Family","clr_1","clr_0.5",-0.00018566849619786,-5.32846979890494e-05,-0.000132383798208811,0.000132383798208811,"pc = 1 − pc = 0.5"
"1d3e0cdf9eccf08a3acf22aa5a777512","Leptothrix","clr_1","clr_0.5",-0.000194134728418726,5.53693776747157e-05,-0.000249504106093441,0.000249504106093441,"pc = 1 − pc = 0.5"
"cd3e034e9f02f18c99993b609fee4fa8","Dolichospermum","clr_1","clr_0.5",-0.000225577599883348,-0.000225577599883348,0,0,"pc = 1 − pc = 0.5"
"7069712c1deee58d640df6a9cbe743dd","Polaromonas","clr_1","clr_0.5",-0.000227587672407661,-0.000336528194251645,0.000108940521843984,0.000108940521843984,"pc = 1 − pc = 0.5"
"d0c787f177dccc8f247649354da0273e","OM27 clade","clr_1","clr_0.5",-0.000229722096141638,-0.000248920322550459,1.91982264088214e-05,1.91982264088214e-05,"pc = 1 − pc = 0.5"
"653334c36340a20181971e05d9b4e110","Rhodoferax","clr_1","clr_0.5",-0.000244518574701437,-0.000218346730074118,-2.61718446273192e-05,2.61718446273192e-05,"pc = 1 − pc = 0.5"
"571bd9d7ac39f0ce24aeda9319d55cb5","Tumidithrix","clr_1","clr_0.5",-0.00025520571189521,-0.000389109004042719,0.000133903292147509,0.000133903292147509,"pc = 1 − pc = 0.5"
"36097ef26957ce4fdd7a71fe7f7cb7af","Candidatus-Obscuribacter","clr_1","clr_0.5",-0.0002711775083668,-0.000148822804968606,-0.000122354703398194,0.000122354703398194,"pc = 1 − pc = 0.5"
"10fd3f0bec9c322bafe9bc94b4254097","Polymorphobacter","clr_1","clr_0.5",-0.000392461920830261,-0.000416966540685197,2.45046198549355e-05,2.45046198549355e-05,"pc = 1 − pc = 0.5"
"ab6b7b90747341ce39f82d0a22a1d37d","Methylobacterium","clr_1","clr_0.5",-0.000399131302625961,-0.000459313951501486,6.01826488755247e-05,6.01826488755247e-05,"pc = 1 − pc = 0.5"
"1f22ad120bd713347ac5bcd1c282c459","Planctomycetales Order","clr_1","clr_0.5",-0.000441660713712146,-0.000286478128702763,-0.000155182585009384,0.000155182585009384,"pc = 1 − pc = 0.5"
"919f52074a986016c7e460883cbe1484","Rhodoferax","clr_1","clr_0.5",-0.000483191784125399,-0.000159084503156968,-0.000324107280968431,0.000324107280968431,"pc = 1 − pc = 0.5"
"2d9a9d6012e671d8135cb2df734d9edd","Gemmatimonas","clr_1","clr_0.1",0.00527220655258165,0.000459299622544333,0.00481290693003732,0.00481290693003732,"pc = 1 − pc = 0.1"
"dc9aa892ff2214c4219de36f009f5192","Candidatus Nitrosoarchaeum","clr_1","clr_0.1",0.00373054158916596,0.00373059972665549,-5.81374895308739e-08,5.81374895308739e-08,"pc = 1 − pc = 0.1"
"b7a6de9f78e6c96910566ca3f2778318","Armatimonadaceae Family","clr_1","clr_0.1",0.00342483534100186,0.00154623102117861,0.00187860431982326,0.00187860431982326,"pc = 1 − pc = 0.1"
"ce7deedd0f541b5286425938fcd6e413","Oligoflexaceae Family","clr_1","clr_0.1",0.00295156627988451,0.00199888038689299,0.000952685892991521,0.000952685892991521,"pc = 1 − pc = 0.1"
"9e36c8c025b5170a2b5af14dc13bf3bf","Eremiobacteria Class","clr_1","clr_0.1",0.00282706547971417,0.00279007111327801,3.69943664361582e-05,3.69943664361582e-05,"pc = 1 − pc = 0.1"
"6c561c59c84d61ce5f4036074028dbca","Bryobacter","clr_1","clr_0.1",0.00281467373215777,0.000744047458899661,0.00207062627325811,0.00207062627325811,"pc = 1 − pc = 0.1"
"afc8be1bf12a273aee66a9cf23603a63","Acetobacteraceae Family","clr_1","clr_0.1",0.00280748313660368,0.00213811713772538,0.000669365998878296,0.000669365998878296,"pc = 1 − pc = 0.1"
"c4bfdac27a83e2361cd70c4f37cbeb51","Paludibaculum","clr_1","clr_0.1",0.0025896154045607,0.000215424050081238,0.00237419135447946,0.00237419135447946,"pc = 1 − pc = 0.1"
"61c901297973162caaee28a638a3d9d9","Solirubrobacteraceae Family","clr_1","clr_0.1",0.00255238500547032,0.00163061851237561,0.000921766493094707,0.000921766493094707,"pc = 1 − pc = 0.1"
"29d0afa3094fe186f16549507e5d86f3","Haliscomenobacter","clr_1","clr_0.1",0.0025108514719462,0.00293783753648571,-0.000426986064539507,0.000426986064539507,"pc = 1 − pc = 0.1"
"6797a25a8dfdb4774d859b8844087411","Rhizobacter","clr_1","clr_0.1",0.00249551395257856,0.0023397425786234,0.000155771373955163,0.000155771373955163,"pc = 1 − pc = 0.1"
"7a2f122fddae43a0010e633c008bc09b","Blfdi19 Order","clr_1","clr_0.1",0.00246343349449487,0.000934948822790021,0.00152848467170485,0.00152848467170485,"pc = 1 − pc = 0.1"
"6fa14f70b44f6de870d45c0e905c45fe","Fimbriiglobus","clr_1","clr_0.1",0.00245206786763457,0.00174503304341648,0.000707034824218082,0.000707034824218082,"pc = 1 − pc = 0.1"
"de12a9a4b8be3995816194f3492ff412","Singulisphaera","clr_1","clr_0.1",0.00243197128949588,0.00210765005528105,0.000324321234214833,0.000324321234214833,"pc = 1 − pc = 0.1"
"2a4e8c5c2d9ffd70f271583b796168df","Dolichospermum","clr_1","clr_0.1",0.00241208110696255,0.0025384427222809,-0.000126361615318354,0.000126361615318354,"pc = 1 − pc = 0.1"
"2e398b810872de4049aebe234dc5b5d7","Comamonadaceae Family","clr_1","clr_0.1",0.00239776553182019,0.00154571547243783,0.000852050059382362,0.000852050059382362,"pc = 1 − pc = 0.1"
"649f026cd615015b1c0f8e760d309122","Luteimonas","clr_1","clr_0.1",0.00237651703124888,0.00109164233831495,0.00128487469293393,0.00128487469293393,"pc = 1 − pc = 0.1"
"37c9c05391818c7a6ffa38262321f5fc","CL500-29 marine group","clr_1","clr_0.1",0.00237208850110507,0.00312753923627434,-0.00075545073516927,0.00075545073516927,"pc = 1 − pc = 0.1"
"cdc9eb301c1347f5753343884d1a5b41","mle1-27 Order","clr_1","clr_0.1",0.00233072519327482,0.0021377195795973,0.000193005613677518,0.000193005613677518,"pc = 1 − pc = 0.1"
"66206d59214d8cc4ecb65a71e9350c9c","Phreatobacter","clr_1","clr_0.1",0.00231905154407329,0.00266851611985217,-0.000349464575778881,0.000349464575778881,"pc = 1 − pc = 0.1"
"1ba1c6fba5cf7d1a4c6e3caef9e4c813","TRA3-20 Family","clr_1","clr_0.1",0.00231536561767373,0.00227138902110539,4.39765965683445e-05,4.39765965683445e-05,"pc = 1 − pc = 0.1"
"33e5681d81c11baedc5f46c7b394484c","Midichloriaceae Family","clr_1","clr_0.1",0.00228889908870445,0.00228342417490672,5.47491379772986e-06,5.47491379772986e-06,"pc = 1 − pc = 0.1"
"fb437033e226e6cda5fe9c3b74ef453f","Rhodovarius","clr_1","clr_0.1",0.00225823065835833,0.00190230935395617,0.000355921304402156,0.000355921304402156,"pc = 1 − pc = 0.1"
"179e2e4ad12d2a505f12bf7110a80cde","Sphingomonadaceae Family","clr_1","clr_0.1",0.0022376240626747,0.00221249931543882,2.51247472358817e-05,2.51247472358817e-05,"pc = 1 − pc = 0.1"
"b44b7ef824cadcd24ea6fea45051a73e","Fimbriimonadaceae Family","clr_1","clr_0.1",0.00223708877387442,0.0023748749983548,-0.000137786224480381,0.000137786224480381,"pc = 1 − pc = 0.1"
"9ed3e1edc621c9a94608480eb8b4351b","Pseudanabaena","clr_1","clr_0.1",0.00219987590366902,0.00235238106570377,-0.00015250516203475,0.00015250516203475,"pc = 1 − pc = 0.1"
"9a7f96749fc3614a624e31996bd7b4d4","Vermiphilaceae Family","clr_1","clr_0.1",0.00215141463757085,0.00140989062157157,0.000741524015999285,0.000741524015999285,"pc = 1 − pc = 0.1"
"6815f1f2c2d38299f363940f8e312c3c","Deinococcaceae Family","clr_1","clr_0.1",0.0020936597956668,0.00232352622140988,-0.000229866425743081,0.000229866425743081,"pc = 1 − pc = 0.1"
"51a5955ebe58e2c36e26f6cfa32cbe22","Rhizobacter","clr_1","clr_0.1",0.00209318287811054,0.00234299850147362,-0.000249815623363079,0.000249815623363079,"pc = 1 − pc = 0.1"
"396cc69217c9a6fb253a45860cafee90","Fimbriiglobus","clr_1","clr_0.1",0.00209082821665129,0.00203988444673512,5.09437699161698e-05,5.09437699161698e-05,"pc = 1 − pc = 0.1"
"2bba1f8c49fb19b800398943a216a572","Bryobacter","clr_1","clr_0.1",0.0020714415269797,0.00236616891260931,-0.000294727385629611,0.000294727385629611,"pc = 1 − pc = 0.1"
"01e7f9814849bf1e4a5ce63fb0d4b61a","Shackletoniella","clr_1","clr_0.1",0.00200610537573047,0.00203773949625572,-3.16341205252504e-05,3.16341205252504e-05,"pc = 1 − pc = 0.1"
"47c12b61c90c5033a1bb474f6c7ae154","LD29","clr_1","clr_0.1",0.00200121627129233,0.00184511201412819,0.000156104257164139,0.000156104257164139,"pc = 1 − pc = 0.1"
"67af8ea66a8349d04cd4bda199abe5da","Fimbriiglobus","clr_1","clr_0.1",0.00199798065074277,0.00223662465228719,-0.000238644001544424,0.000238644001544424,"pc = 1 − pc = 0.1"
"ec0f2c0dafb364dfe9e9044a2db5f8fc","IMCC26207","clr_1","clr_0.1",0.00198024496308403,0.00181598285511513,0.000164262107968901,0.000164262107968901,"pc = 1 − pc = 0.1"
"6fc0afa4ca20c38dd455d90b8d8099ab","Hirschia","clr_1","clr_0.1",0.00195895843645226,0.00141397511775438,0.000544983318697873,0.000544983318697873,"pc = 1 − pc = 0.1"
"27ec05c431a025fda07b2a8e37f2bf93","Fimbriiglobus","clr_1","clr_0.1",0.00191509896744031,0.00172292213908242,0.000192176828357883,0.000192176828357883,"pc = 1 − pc = 0.1"
"d4531e60bc6de54c5eb09e54d2264553","Pirellula","clr_1","clr_0.1",0.00188025167780313,0.00139403422761364,0.000486217450189493,0.000486217450189493,"pc = 1 − pc = 0.1"
"7303c7950d30d98f6084c7e1e4c54ea1","Nodosilinea","clr_1","clr_0.1",0.00183950524843622,0.000200562264901978,0.00163894298353424,0.00163894298353424,"pc = 1 − pc = 0.1"
"79cb0502666fb336451226c33970ec67","Chitinophagaceae Family","clr_1","clr_0.1",0.0018155208994118,0.00202714392049312,-0.000211623021081325,0.000211623021081325,"pc = 1 − pc = 0.1"
"7402c6fd98e177d4694261a9dd23eac6","Candidatus Berkiella","clr_1","clr_0.1",0.00181529974538216,0.00236025144185566,-0.000544951696473506,0.000544951696473506,"pc = 1 − pc = 0.1"
"6ea9472deca150f97a7bcfe87126d9b9","Phreatobacter","clr_1","clr_0.1",0.00180218079505724,0.00194305781014933,-0.000140877015092086,0.000140877015092086,"pc = 1 − pc = 0.1"
"768d500dec54c80d5ef769902dadd792","Fimbriiglobus","clr_1","clr_0.1",0.00177676852715856,0.00177122683245073,5.54169470783268e-06,5.54169470783268e-06,"pc = 1 − pc = 0.1"
"c817f85fb612001af524979afb37eaeb","Comamonadaceae Family","clr_1","clr_0.1",0.00177490181513005,0.00142911374029075,0.000345788074839303,0.000345788074839303,"pc = 1 − pc = 0.1"
"3505278bbef674c198e14875912fa8e5","Nocardioides","clr_1","clr_0.1",0.0017708612945807,0.0016269422144861,0.000143919080094607,0.000143919080094607,"pc = 1 − pc = 0.1"
"89c76625e45ab0499f29cc2dc2beb69c","SL56 marine group Class","clr_1","clr_0.1",0.00176236642056662,0.00168153978856416,8.08266320024636e-05,8.08266320024636e-05,"pc = 1 − pc = 0.1"
"7017030b94462f54ca0141f11f705833","Dankookia","clr_1","clr_0.1",0.00176159590991452,0.00170216683531028,5.94290746042476e-05,5.94290746042476e-05,"pc = 1 − pc = 0.1"
"65d43491988bfe557da4d86a5ba25dae","Staphylococcus","clr_1","clr_0.1",0.00175922537936404,0.00203907935157369,-0.000279853972209648,0.000279853972209648,"pc = 1 − pc = 0.1"
"7edb4e0c95b9fecd08046d75a5195d5c","SM1A02","clr_1","clr_0.1",0.00175902456829796,0.00168763907472641,7.13854935715475e-05,7.13854935715475e-05,"pc = 1 − pc = 0.1"
"3c47a5b25bdba36dd7911384b66f1371","Armatimonadaceae Family","clr_1","clr_0.1",0.001743054332703,0.000328200177686802,0.00141485415501619,0.00141485415501619,"pc = 1 − pc = 0.1"
"b701af8d98ca714dab16ab6724bb631a","Galbitalea","clr_1","clr_0.1",0.00173512740970318,0.00172977112100534,5.35628869783515e-06,5.35628869783515e-06,"pc = 1 − pc = 0.1"
"5fb691caf53996697fc5745ffa6620ae","Lacibacter","clr_1","clr_0.1",0.00171089047760626,0.00190101174284518,-0.000190121265238918,0.000190121265238918,"pc = 1 − pc = 0.1"
"cad8cc3e7647d51e614b099398538e4d","Saprospiraceae Family","clr_1","clr_0.1",0.00169752208468653,0.00155087730812486,0.000146644776561663,0.000146644776561663,"pc = 1 − pc = 0.1"
"27dd7e35cd564c093c78eb0ccb36c808","Chthoniobacter","clr_1","clr_0.1",0.00169717221840118,0.00150490691858042,0.000192265299820765,0.000192265299820765,"pc = 1 − pc = 0.1"
"a6dd65fc8a794034ff7ebcd21aa0627d","Undibacterium","clr_1","clr_0.1",0.00168785063094648,0.00171500511196108,-2.71544810146003e-05,2.71544810146003e-05,"pc = 1 − pc = 0.1"
"750dab93d926d40d7cd439faa6640f33","Haliscomenobacter","clr_1","clr_0.1",0.00165843874466658,0.00161940887007548,3.90298745910937e-05,3.90298745910937e-05,"pc = 1 − pc = 0.1"
"396bbebd81d93d6c824d49cc652eb76a","Flavipsychrobacter","clr_1","clr_0.1",0.00165522589395751,0.0019148202704473,-0.000259594376489781,0.000259594376489781,"pc = 1 − pc = 0.1"
"8c45d6dd71022de8cedfa07abbd65788","Tundrisphaera","clr_1","clr_0.1",0.0016406832336973,0.00155586034080667,8.48228928906306e-05,8.48228928906306e-05,"pc = 1 − pc = 0.1"
"34ec42044c0d886b375a356f164f6bd3","Methylorosula","clr_1","clr_0.1",0.00163110686928239,0.00143286851374788,0.000198238355534512,0.000198238355534512,"pc = 1 − pc = 0.1"
"1a131635c7cef07af21b4ec48465d88d","Parablastomonas","clr_1","clr_0.1",0.00162324096278408,0.000641984395570315,0.000981256567213764,0.000981256567213764,"pc = 1 − pc = 0.1"
"6d766f67b6bd03ae7d1de4c4fc15b47f","SM2D12 Family","clr_1","clr_0.1",0.00160802047441866,0.0016535586040404,-4.55381296217453e-05,4.55381296217453e-05,"pc = 1 − pc = 0.1"
"133a40be8ba8eb0e124c31585039a7e7","Saprospiraceae Family","clr_1","clr_0.1",0.00158149532744651,0.000928935782097799,0.00065255954534871,0.00065255954534871,"pc = 1 − pc = 0.1"
"5fa97937c087ce34a2c5ae09d617b9b1","Pedosphaeraceae Family","clr_1","clr_0.1",0.00155393275416362,0.00162703522964411,-7.31024754804846e-05,7.31024754804846e-05,"pc = 1 − pc = 0.1"
"ec1d103f66d06bf61cf3cf6d9bcf8e52","OM190 Class","clr_1","clr_0.1",0.00151405937846754,0.00110350307994824,0.000410556298519306,0.000410556298519306,"pc = 1 − pc = 0.1"
"15186d19694f00776956343942b4f186","Gloeobacter","clr_1","clr_0.1",0.00146492716216096,0.00202449528852404,-0.000559568126363081,0.000559568126363081,"pc = 1 − pc = 0.1"
"53e8389028f3821f782fbf4186e1ef22","SM1A02","clr_1","clr_0.1",0.00144365325038621,0.00162245887264659,-0.000178805622260376,0.000178805622260376,"pc = 1 − pc = 0.1"
"e54514f112c0d2e2cf9be32de76bd74d","Isosphaeraceae Family","clr_1","clr_0.1",0.0013903697830033,0.00244007963510166,-0.00104970985209836,0.00104970985209836,"pc = 1 − pc = 0.1"
"0de2768e56408332050e94db50b132bc","Ilumatobacteraceae Family","clr_1","clr_0.1",0.00138395338817945,0.00143678384433087,-5.28304561514161e-05,5.28304561514161e-05,"pc = 1 − pc = 0.1"
"fd4df754d86be49bd629a82ee124ae11","Comamonadaceae Family","clr_1","clr_0.1",0.0013559006956376,0.00139478923276488,-3.88885371272836e-05,3.88885371272836e-05,"pc = 1 − pc = 0.1"
"c4e72b68a0138eb7ed4ec9390f496838","Luteolibacter","clr_1","clr_0.1",0.00134304503085636,0.00131949662404535,2.3548406811008e-05,2.3548406811008e-05,"pc = 1 − pc = 0.1"
"508e4d4db7e2c0220a19fafa294e0670","Methylotenera","clr_1","clr_0.1",0.00132613185319276,0.00138303598753331,-5.69041343405526e-05,5.69041343405526e-05,"pc = 1 − pc = 0.1"
"c1c1dfe0cd247065dcc7160055106657","Rhodospirillales Order","clr_1","clr_0.1",0.00131050968392253,0.0014448859196964,-0.000134376235773877,0.000134376235773877,"pc = 1 − pc = 0.1"
"ee2d56600bef5d134884d0354366d6e8","Paracaedibacteraceae Family","clr_1","clr_0.1",0.00127811605605603,0.00128473159793672,-6.61554188069284e-06,6.61554188069284e-06,"pc = 1 − pc = 0.1"
"3067f2c7606dcdd91e7f2803033e82b7","Silvanigrellaceae Family","clr_1","clr_0.1",0.00126635146366626,0.00190918328830774,-0.000642831824641479,0.000642831824641479,"pc = 1 − pc = 0.1"
"42c734e954e79fffc18510aabe34471b","OM27 clade","clr_1","clr_0.1",0.00123937967971885,0.00123937967971885,0,0,"pc = 1 − pc = 0.1"
"e0bf3607d3a5ccbac1a50f826a8e1d70","Pirellulaceae Family","clr_1","clr_0.1",0.00120512657390397,0.00123853668641865,-3.34101125146833e-05,3.34101125146833e-05,"pc = 1 − pc = 0.1"
"06d00f760cc0e151c5d5e991c9034e10","SH3-11","clr_1","clr_0.1",0.00117155315177255,0.0010663924314292,0.000105160720343349,0.000105160720343349,"pc = 1 − pc = 0.1"
"56d37d5bf0c2169e087e1488886eefde","Oxalobacteraceae Family","clr_1","clr_0.1",0.00115575348583581,0.00119103097016858,-3.52774843327729e-05,3.52774843327729e-05,"pc = 1 − pc = 0.1"
"34b262693d693a0cbf5d81d87ea6cdc3","Zavarziniales Order","clr_1","clr_0.1",0.00115133954886344,0.0015073461849685,-0.000356006636105063,0.000356006636105063,"pc = 1 − pc = 0.1"
"2593ef9eab12897237f8371e3a856adb","SM1A02","clr_1","clr_0.1",0.00114069316193374,0.00128912010523457,-0.000148426943300828,0.000148426943300828,"pc = 1 − pc = 0.1"
"3078d0e997dde104f7d25c0dd9473003","Sandarakinorhabdus","clr_1","clr_0.1",0.00113828366513286,0.00138968584307054,-0.000251402177937684,0.000251402177937684,"pc = 1 − pc = 0.1"
"f68c45909b99408dc34d145a2e374c45","alphaI cluster","clr_1","clr_0.1",0.00110805699219582,0.00117658958245049,-6.85325902546729e-05,6.85325902546729e-05,"pc = 1 − pc = 0.1"
"df824eff77d1e1a62e26119a49a422de","Comamonadaceae Family","clr_1","clr_0.1",0.0011072895573451,0.00120663116925239,-9.93416119072854e-05,9.93416119072854e-05,"pc = 1 − pc = 0.1"
"e82d519024df8980ba749ba0e7e8dbf1","Ferruginibacter","clr_1","clr_0.1",0.00110724997974186,0.0016716553290777,-0.000564405349335844,0.000564405349335844,"pc = 1 − pc = 0.1"
"978c384ac0e388f780c925653b029d19","Haliangiaceae Family","clr_1","clr_0.1",0.00110021244085607,0.00142427149552617,-0.000324059054670095,0.000324059054670095,"pc = 1 − pc = 0.1"
"6c5c4773cec3a677b8e92501f98b3388","Pirellula","clr_1","clr_0.1",0.00108146393273264,0.0013718647555922,-0.000290400822859557,0.000290400822859557,"pc = 1 − pc = 0.1"
"328990122454db415c3696781e42778f","Phormidesmis","clr_1","clr_0.1",0.00105538616278933,0.00107179647997526,-1.64103171859276e-05,1.64103171859276e-05,"pc = 1 − pc = 0.1"
"254cd54eaf0e7301dc9d0c9e2dc53710","Nodosilineaceae Family","clr_1","clr_0.1",0.00105262748028794,0.00105262748028794,0,0,"pc = 1 − pc = 0.1"
"9af3467db68cf6063627304cecd46a65","Pseudomonas","clr_1","clr_0.1",0.00103395792998618,0.000984784728025238,4.91732019609449e-05,4.91732019609449e-05,"pc = 1 − pc = 0.1"
"63f6feb8129502afd0ea246b2fec0692","Rickettsiellaceae Family","clr_1","clr_0.1",0.00102870161210212,0.00106981639023615,-4.11147781340258e-05,4.11147781340258e-05,"pc = 1 − pc = 0.1"
"7334cc4e674b5e9d56db1a9081437f8f","Hyphomicrobium","clr_1","clr_0.1",0.00102695521574736,0.000935643362989225,9.1311852758139e-05,9.1311852758139e-05,"pc = 1 − pc = 0.1"
"fb9358e4192b4e3fb1a6210327ee6ff2","Parablastomonas","clr_1","clr_0.1",0.00102493451876303,0.000693610750166148,0.000331323768596885,0.000331323768596885,"pc = 1 − pc = 0.1"
"c27c683380e07dda90941851518bf036","Babeliales Order","clr_1","clr_0.1",0.000998671576805641,0.000953291171089116,4.53804057165245e-05,4.53804057165245e-05,"pc = 1 − pc = 0.1"
"0a4893b9a6062b1e61e27c920e0e38ca","Comamonadaceae Family","clr_1","clr_0.1",0.000996687483721047,0.000286066561359462,0.000710620922361585,0.000710620922361585,"pc = 1 − pc = 0.1"
"5f168ff910ef1f6dce37cfa68e82e8d0","Polymorphobacter","clr_1","clr_0.1",0.000948425471941314,0.00107027147536852,-0.000121846003427211,0.000121846003427211,"pc = 1 − pc = 0.1"
"8d4b51998b3310a1e96483dae8166a38","Candidatus Ovatusbacter","clr_1","clr_0.1",0.000932831116985767,0.000988742029233441,-5.59109122476738e-05,5.59109122476738e-05,"pc = 1 − pc = 0.1"
"d922e28fdfb36aa671e51df99219225a","Leptothrix","clr_1","clr_0.1",0.000922471676454501,0.000777424793103603,0.000145046883350898,0.000145046883350898,"pc = 1 − pc = 0.1"
"9cdde29fca3a13e2e0f5d96088860c87","Nostoc","clr_1","clr_0.1",0.000912077294829757,0.00103216830196007,-0.000120091007130312,0.000120091007130312,"pc = 1 − pc = 0.1"
"bb286c96101b73e1bb46d5ff9b9da229","Polyangium","clr_1","clr_0.1",0.000911674790703488,0.000911674790703488,0,0,"pc = 1 − pc = 0.1"
"f4a774667177b16cb72b2efba954744e","Pirellulaceae Family","clr_1","clr_0.1",0.000909383440985224,0.000899282852956404,1.01005880288198e-05,1.01005880288198e-05,"pc = 1 − pc = 0.1"
"a2196497d13e4a3bd4ed23e2d2fe702c","Flavobacterium","clr_1","clr_0.1",0.000899368255301976,0.00107998210076909,-0.000180613845467115,0.000180613845467115,"pc = 1 − pc = 0.1"
"9f391663c5a41de8935c4443d7625a3d","Rhodospirillales Order","clr_1","clr_0.1",0.000897129611480213,0.00105681681247708,-0.00015968720099687,0.00015968720099687,"pc = 1 − pc = 0.1"
"556c3d1034e2eec13db898aa075da658","Candidatus Jidaibacter","clr_1","clr_0.1",0.000855199014324213,0.000555246974667661,0.000299952039656552,0.000299952039656552,"pc = 1 − pc = 0.1"
"170da4a26ca000e2245c8b471ff2fa71","NS9 marine group Family","clr_1","clr_0.1",0.000851729635365176,0.00100298499954619,-0.00015125536418101,0.00015125536418101,"pc = 1 − pc = 0.1"
"2563ceb7d15a84f5d59f225adc9b06a5","Rickettsiales Order","clr_1","clr_0.1",0.000831574080500083,0.00110466490964953,-0.000273090829149443,0.000273090829149443,"pc = 1 − pc = 0.1"
"1e6c51b99d65fb93d42ad3ff651b5763","SM2D12 Family","clr_1","clr_0.1",0.000809083279119015,0.000775102267620086,3.39810114989284e-05,3.39810114989284e-05,"pc = 1 − pc = 0.1"
"360106ff8200f47dee77f0f2e1d9f359","Hymenobacter","clr_1","clr_0.1",0.000807217030823434,0.00102991210735936,-0.000222695076535926,0.000222695076535926,"pc = 1 − pc = 0.1"
"c1cc6b184d817c58b7c081b5665904cb","Regnicoccus","clr_1","clr_0.1",0.000797470964586657,0.000980596111481747,-0.00018312514689509,0.00018312514689509,"pc = 1 − pc = 0.1"
"1e046bb4b737284bdbae0d7b21a6ddbe","Fibrisoma","clr_1","clr_0.1",0.000777084212169545,0.00119054646466826,-0.00041346225249871,0.00041346225249871,"pc = 1 − pc = 0.1"
"27802da899201a0ce58d65877a284e0f","Anthocerotibacter","clr_1","clr_0.1",0.000776074539675692,0.000852782662711144,-7.67081230354518e-05,7.67081230354518e-05,"pc = 1 − pc = 0.1"
"35e1bbfd3ea58cec02a0fedead1ce5ce","Stenomitos","clr_1","clr_0.1",0.000772508615080005,0.00124247796519823,-0.000469969350118227,0.000469969350118227,"pc = 1 − pc = 0.1"
"ff98ab846c8f29e5e5f5cce385b28a7b","R7C24 Order","clr_1","clr_0.1",0.000771228593253635,0.000947712788332912,-0.000176484195079277,0.000176484195079277,"pc = 1 − pc = 0.1"
"5c63b3749641851b368c8a181ddf1180","Xanthobacteraceae Family","clr_1","clr_0.1",0.000733299496621098,0.000801340400340758,-6.80409037196593e-05,6.80409037196593e-05,"pc = 1 − pc = 0.1"
"3e125655918e305a3842a79b6972775f","Rhodovarius","clr_1","clr_0.1",0.000706415240337931,0.00132840142063681,-0.000621986180298879,0.000621986180298879,"pc = 1 − pc = 0.1"
"eb22cc76d6af9469a959a2c983ee518c","Pirellula","clr_1","clr_0.1",0.000702246704895502,0.000461224273539182,0.00024102243135632,0.00024102243135632,"pc = 1 − pc = 0.1"
"4101b9eb70afe9a3ed1fb4c9eeaa28c6","Fimbriiglobus","clr_1","clr_0.1",0.000697686700166158,0.000523067276633933,0.000174619423532225,0.000174619423532225,"pc = 1 − pc = 0.1"
"c91235968ea14ce60ae7e2fa8b3aadb4","Latescibacterota Phylum","clr_1","clr_0.1",0.000668505343470262,0.000947307694310811,-0.000278802350840549,0.000278802350840549,"pc = 1 − pc = 0.1"
"fc24096138e3cf0b2775bd2b8e01b5b2","Deinococcus","clr_1","clr_0.1",0.000662545383800594,0.000725604863502207,-6.30594797016126e-05,6.30594797016126e-05,"pc = 1 − pc = 0.1"
"f9d1c92972df498000feb91016c4bcaa","Fimbriimonadaceae Family","clr_1","clr_0.1",0.000650739939156825,0.000948289465362876,-0.000297549526206051,0.000297549526206051,"pc = 1 − pc = 0.1"
"9b4645c464d957064aed5e31e37b75f9","Comamonadaceae Family","clr_1","clr_0.1",0.000624688125478841,0.000500601513906486,0.000124086611572355,0.000124086611572355,"pc = 1 − pc = 0.1"
"76a12bde0263c31c5275292cb5b1d6f2","Roseococcus","clr_1","clr_0.1",0.000621838161752679,0.000592473527390731,2.93646343619471e-05,2.93646343619471e-05,"pc = 1 − pc = 0.1"
"46dbf5f9971edaaf1b5f61b49edcf2cf","Leptolyngbyaceae Family","clr_1","clr_0.1",0.000609766704714853,0.000978790983323732,-0.000369024278608879,0.000369024278608879,"pc = 1 − pc = 0.1"
"481de4037ed3f3bcf51b47e548dcbd9e","Novosphingobium","clr_1","clr_0.1",0.000598739162905964,-2.92324813601656e-05,0.00062797164426613,0.00062797164426613,"pc = 1 − pc = 0.1"
"de2f81775998c151256d2a2b1ebaeee0","Rhodospirillales Order","clr_1","clr_0.1",0.000558409683820312,0.00103815018294845,-0.000479740499128136,0.000479740499128136,"pc = 1 − pc = 0.1"
"bcba47620c299fd34809f143e3d26dff","Sphingomonas","clr_1","clr_0.1",0.000553554365898035,0.000396609148981173,0.000156945216916862,0.000156945216916862,"pc = 1 − pc = 0.1"
"5750c52ff8a6d630568878d3c75f5719","Rhodovastum","clr_1","clr_0.1",0.000547339759654808,0.000585080867132314,-3.77411074775059e-05,3.77411074775059e-05,"pc = 1 − pc = 0.1"
"2f0427c95f58bc8b33730d6bebc06828","SWB02","clr_1","clr_0.1",0.000533332440646104,0.000381106844723357,0.000152225595922747,0.000152225595922747,"pc = 1 − pc = 0.1"
"906a6d27477dd504345835ee5273a72c","Pirellula","clr_1","clr_0.1",0.000530205719514101,0.000574362129271351,-4.415640975725e-05,4.415640975725e-05,"pc = 1 − pc = 0.1"
"27bbab26402d4eec931227b41a8046a5","SM2D12 Family","clr_1","clr_0.1",0.00053015356323906,0.0016037548581824,-0.00107360129494334,0.00107360129494334,"pc = 1 − pc = 0.1"
"53835d1295531799bc64c8fd9b406ac2","Leptothrix","clr_1","clr_0.1",0.00052903756337588,0.000449744910263667,7.92926531122127e-05,7.92926531122127e-05,"pc = 1 − pc = 0.1"
"102fc16adc262f00c457357b35540be5","Rubinisphaeraceae Family","clr_1","clr_0.1",0.000519870443399954,0.000571004696532097,-5.11342531321428e-05,5.11342531321428e-05,"pc = 1 − pc = 0.1"
"92b48d9d2ebf3f4b0d153805997488d7","Rhodospirillales Order","clr_1","clr_0.1",0.000516606261614209,0.000924953658748198,-0.000408347397133989,0.000408347397133989,"pc = 1 − pc = 0.1"
"92886da043b3cfb88c385fc9b72752d5","Panacibacter","clr_1","clr_0.1",0.000511314378554437,0.00250836337030662,-0.00199704899175219,0.00199704899175219,"pc = 1 − pc = 0.1"
"134bdbaec661c28d109690d78b59214b","Saprospiraceae Family","clr_1","clr_0.1",0.000505178910511188,0.000287455837345056,0.000217723073166132,0.000217723073166132,"pc = 1 − pc = 0.1"
"092110610de5665acc86a85cfa7a1192","Polaromonas","clr_1","clr_0.1",0.000489298280905563,0.000477317421452463,1.19808594531e-05,1.19808594531e-05,"pc = 1 − pc = 0.1"
"54658c5cabc3c6c07f1e6556120cc99c","Rhizobacter","clr_1","clr_0.1",0.000474340662520491,0.000135692134930933,0.000338648527589558,0.000338648527589558,"pc = 1 − pc = 0.1"
"500fb8b8ee8585ac51166621f12ba6c1","Spirosomataceae Family","clr_1","clr_0.1",0.000452122201207757,0.000446303414655624,5.81878655213255e-06,5.81878655213255e-06,"pc = 1 − pc = 0.1"
"51b9a2e379c2555a3774ef13e9aac08d","alphaI cluster","clr_1","clr_0.1",0.000447425718574942,1.27492948339301e-05,0.000434676423741012,0.000434676423741012,"pc = 1 − pc = 0.1"
"69e49e83ce1d7c260ab365773d82ed94","Phreatobacter","clr_1","clr_0.1",0.000438450262509841,2.73244883844636e-05,0.000411125774125378,0.000411125774125378,"pc = 1 − pc = 0.1"
"60c62612dc5338eb921aa2f7d765ae55","Cephaloticoccus","clr_1","clr_0.1",0.000428160710145765,0.00122870378679331,-0.000800543076647548,0.000800543076647548,"pc = 1 − pc = 0.1"
"129ef8665d470f7e31e3ddbdb6dd47b4","Oculatellaceae Family","clr_1","clr_0.1",0.000426111585921285,0.000465989600927923,-3.98780150066382e-05,3.98780150066382e-05,"pc = 1 − pc = 0.1"
"56483f8000e7a15a0ef8932e02cff7c4","Micavibrionales Order","clr_1","clr_0.1",0.000410788219069836,0.000252781738084709,0.000158006480985128,0.000158006480985128,"pc = 1 − pc = 0.1"
"26915c3209ae35ef27dd02617e8d7d91","Sphingorhabdus","clr_1","clr_0.1",0.000408738151110442,0.000494603234808715,-8.58650836982728e-05,8.58650836982728e-05,"pc = 1 − pc = 0.1"
"b20a5bb96396ea08495298fc1a90c26b","Parablastomonas","clr_1","clr_0.1",0.00040620142410497,0.000631020828668023,-0.000224819404563053,0.000224819404563053,"pc = 1 − pc = 0.1"
"d7df8a68ccfac5afb8ff817e0f532385","Pedosphaeraceae Family","clr_1","clr_0.1",0.000380685673122904,-3.83017341182209e-05,0.000418987407241125,0.000418987407241125,"pc = 1 − pc = 0.1"
"cf42bf36050435362713d9a47b22f948","Parvibium","clr_1","clr_0.1",0.000360542682541942,0.000294481989765973,6.60606927759692e-05,6.60606927759692e-05,"pc = 1 − pc = 0.1"
"dc17a99d06059905b9fe7239b0b6072a","Gemmataceae Family","clr_1","clr_0.1",0.000351314975029001,2.65553455357637e-06,0.000348659440475424,0.000348659440475424,"pc = 1 − pc = 0.1"
"d74e073ecdeaccac7fc62dae8c532684","Acetobacteraceae Family","clr_1","clr_0.1",0.000338821533529048,0.000721311951582516,-0.000382490418053468,0.000382490418053468,"pc = 1 − pc = 0.1"
"544ad0fe7ff864b6f888b8cde90ed6cc","Leptothrix","clr_1","clr_0.1",0.000321091334258897,-0.000121658334047044,0.000442749668305941,0.000442749668305941,"pc = 1 − pc = 0.1"
"edb114398ced5bf958f4f404493a6642","Haliscomenobacter","clr_1","clr_0.1",0.000316419278957325,0.000309824091959955,6.59518699737031e-06,6.59518699737031e-06,"pc = 1 − pc = 0.1"
"5da845af2892f5c8fd8161364c7b4997","Sandarakinorhabdus","clr_1","clr_0.1",0.000307449520169723,0.00118063755745268,-0.000873188037282957,0.000873188037282957,"pc = 1 − pc = 0.1"
"a4d78f7aef21dccbf726791e103fc440","Comamonadaceae Family","clr_1","clr_0.1",0.000306550786373792,0.000391273145644076,-8.47223592702832e-05,8.47223592702832e-05,"pc = 1 − pc = 0.1"
"8f0fb68673a8b3c26f3fd210e29b7916","Clostridium","clr_1","clr_0.1",0.000305020448167246,0.000608116794606952,-0.000303096346439706,0.000303096346439706,"pc = 1 − pc = 0.1"
"84e1f74b7363f0321d0df8986283c5fa","Nannocystis","clr_1","clr_0.1",0.000302124666243137,0.000600107852504542,-0.000297983186261405,0.000297983186261405,"pc = 1 − pc = 0.1"
"bb7f85879d3368b4cb7312e19bddcd5c","Candidatus Paracaedibacter","clr_1","clr_0.1",0.000300046226020344,0.000512165665071634,-0.00021211943905129,0.00021211943905129,"pc = 1 − pc = 0.1"
"71ea54160cc86ce702cedff2acd9c71b","Microscillaceae Family","clr_1","clr_0.1",0.000293983679123886,0.000597466991200764,-0.000303483312076878,0.000303483312076878,"pc = 1 − pc = 0.1"
"58233cde931d4317c4aec4e9d3ad14f3","FukuN18 freshwater group","clr_1","clr_0.1",0.00028938124781294,0.000479072111486445,-0.000189690863673505,0.000189690863673505,"pc = 1 − pc = 0.1"
"23a4b6bc2c58466eb2b87814a8ebbbf7","Comamonadaceae Family","clr_1","clr_0.1",0.000285799161093577,-7.33048574936589e-05,0.000359104018587236,0.000359104018587236,"pc = 1 − pc = 0.1"
"1a44b9628088d4f47816066198670b8e","SM2D12 Family","clr_1","clr_0.1",0.000279070859782995,0.00112768818243712,-0.00084861732265412,0.00084861732265412,"pc = 1 − pc = 0.1"
"e8d79105228061b51c142e647eec6c36","Candidatus Captivus","clr_1","clr_0.1",0.000275507148251861,0.0002624707739323,1.30363743195609e-05,1.30363743195609e-05,"pc = 1 − pc = 0.1"
"794fea1efb1825bf0a088dd1c923bca0","Candidatus Amoebophilus","clr_1","clr_0.1",0.000272953337187289,0.000208873321619341,6.40800155679486e-05,6.40800155679486e-05,"pc = 1 − pc = 0.1"
"8d86c76119abb8cee5563d24dfd5019c","Sphingomonadaceae Family","clr_1","clr_0.1",0.000271962729483302,0.000531956783425994,-0.000259994053942692,0.000259994053942692,"pc = 1 − pc = 0.1"
"9b3becce3e5841cf9cd818eda34e6f49","NS9 marine group Family","clr_1","clr_0.1",0.000264744190574492,0.000194831754024113,6.99124365503794e-05,6.99124365503794e-05,"pc = 1 − pc = 0.1"
"59a4106242bad7608ed5334a3e3ad618","Aphanizomenon","clr_1","clr_0.1",0.000261725705883118,0.000128295618758908,0.000133430087124211,0.000133430087124211,"pc = 1 − pc = 0.1"
"37bdabb058fbb4b5d00262bdfa49bff6","Phenylobacterium","clr_1","clr_0.1",0.000260324209355916,0.000791167284574132,-0.000530843075218216,0.000530843075218216,"pc = 1 − pc = 0.1"
"dfa55444de9e265475ced8f630cda4a2","Aurantisolimonas","clr_1","clr_0.1",0.000257053484373211,0.00023010636733944,2.69471170337709e-05,2.69471170337709e-05,"pc = 1 − pc = 0.1"
"8afb445ed3cdc963718ea8a09d66617b","Fimbriimonadaceae Family","clr_1","clr_0.1",0.000254678425597319,0.000463878040230369,-0.00020919961463305,0.00020919961463305,"pc = 1 − pc = 0.1"
"ad9cc38b5ccf51413138567ba4f60b42","Babeliales Order","clr_1","clr_0.1",0.000241415552150627,0.000609114745164058,-0.000367699193013431,0.000367699193013431,"pc = 1 − pc = 0.1"
"73ab6d6608a93a7bc935f8048997c6fc","Rhodospirillales Order","clr_1","clr_0.1",0.000240368819235938,0.000313181108401164,-7.28122891652263e-05,7.28122891652263e-05,"pc = 1 − pc = 0.1"
"38f0c358f69c2812f607221459e7dd9e","Microscillaceae Family","clr_1","clr_0.1",0.000234056082560752,0.00065956546626762,-0.000425509383706868,0.000425509383706868,"pc = 1 − pc = 0.1"
"4c06bb79b0e22b616bf426c36315a839","Sumerlaea","clr_1","clr_0.1",0.000231673781026794,0.000409642079015473,-0.000177968297988679,0.000177968297988679,"pc = 1 − pc = 0.1"
"d68f525366c1dfdc0984a90b89867e95","Longivirga","clr_1","clr_0.1",0.000228324433769591,0.00019991152893593,2.84129048336614e-05,2.84129048336614e-05,"pc = 1 − pc = 0.1"
"8bb2644d07ddab844c3ce80e74d8bba2","Pedosphaeraceae Family","clr_1","clr_0.1",0.000223400775359331,0.000790297377871963,-0.000566896602512632,0.000566896602512632,"pc = 1 − pc = 0.1"
"fd114ad6491bbfce6cc14cfaba316b67","Hyphomicrobiaceae Family","clr_1","clr_0.1",0.000216729935699276,0.000216729935699276,0,0,"pc = 1 − pc = 0.1"
"3a6e99903dd0d336c713866f52bd4244","Saprospiraceae Family","clr_1","clr_0.1",0.000197294930304636,0.000197294930304636,0,0,"pc = 1 − pc = 0.1"
"f505befbe1ca7e2f81e475fa9e2fcc98","Caulobacter","clr_1","clr_0.1",0.000194247464962258,0.000184963822031912,9.28364293034569e-06,9.28364293034569e-06,"pc = 1 − pc = 0.1"
"f672aa3aea2d03f0b297739022e9b716","Comamonadaceae Family","clr_1","clr_0.1",0.000191271718477957,0.000101158872572949,9.01128459050076e-05,9.01128459050076e-05,"pc = 1 − pc = 0.1"
"44a35eb59d737efb374c824f37927592","Phaselicystis","clr_1","clr_0.1",0.000181684268993856,0.000187227197500101,-5.5429285062455e-06,5.5429285062455e-06,"pc = 1 − pc = 0.1"
"ebb58c2ffbbb54748fa6385f9d3224df","Sphingomonadaceae Family","clr_1","clr_0.1",0.000180757415195959,0.000305533133958339,-0.00012477571876238,0.00012477571876238,"pc = 1 − pc = 0.1"
"eddfa9460b8fe2df12344f6da501b116","Rhizobacter","clr_1","clr_0.1",0.000176071397094682,-5.15889700142447e-05,0.000227660367108927,0.000227660367108927,"pc = 1 − pc = 0.1"
"0d9a85a8f16a66d5dc0e5eacea0c4d39","Candidatus Paracaedibacter","clr_1","clr_0.1",0.000160047443618684,0.000149726608556252,1.03208350624317e-05,1.03208350624317e-05,"pc = 1 − pc = 0.1"
"7f60fc3cb896896f7bdb1eca264a3682","CL500-3","clr_1","clr_0.1",0.000151631561231058,0.00020096909763013,-4.93375363990726e-05,4.93375363990726e-05,"pc = 1 − pc = 0.1"
"214496ebb8360b204e3f3a03d8641287","P3OB-42","clr_1","clr_0.1",0.000148306484543366,0.000662589547531265,-0.000514283062987899,0.000514283062987899,"pc = 1 − pc = 0.1"
"0d7eacfd4c0aa8f5967e44aebcfea42f","Gemmata","clr_1","clr_0.1",0.0001363519081972,0.000272147615483556,-0.000135795707286356,0.000135795707286356,"pc = 1 − pc = 0.1"
"9cde2373849523d28439507aa5411277","Haliscomenobacter","clr_1","clr_0.1",0.000131580444367915,0.000101650209147921,2.99302352199936e-05,2.99302352199936e-05,"pc = 1 − pc = 0.1"
"352dde756d6eb85c2bcf05904b621f64","Emticicia","clr_1","clr_0.1",0.00012821135444685,0.000149501579903512,-2.12902254566616e-05,2.12902254566616e-05,"pc = 1 − pc = 0.1"
"55fba7b4dd6e9303c85c5a54e0251df2","Pirellulaceae Family","clr_1","clr_0.1",0.000127006255094357,0.000100467404705823,2.65388503885336e-05,2.65388503885336e-05,"pc = 1 − pc = 0.1"
"1b2727d9a46ce2983121fa1070af2580","Fimbriimonadaceae Family","clr_1","clr_0.1",0.000123636467758598,5.84554365189273e-05,6.51810312396704e-05,6.51810312396704e-05,"pc = 1 − pc = 0.1"
"0c3800224e14775f2abb6f91ff7450cf","Fimbriiglobus","clr_1","clr_0.1",0.000120223346320667,5.79343764750744e-05,6.22889698455927e-05,6.22889698455927e-05,"pc = 1 − pc = 0.1"
"2bd79804ec25f3151f8ec3f31c842dd0","Rhodovarius","clr_1","clr_0.1",0.000119397722997171,0.000382026647829932,-0.000262628924832761,0.000262628924832761,"pc = 1 − pc = 0.1"
"51af2c92d5b41fee1ef860eb59eee9d7","Vulcanococcus","clr_1","clr_0.1",0.000111850793501992,1.59185195929055e-05,9.59322739090869e-05,9.59322739090869e-05,"pc = 1 − pc = 0.1"
"cec149633e0b0da85f255e25176e291b","BD1-7 clade","clr_1","clr_0.1",0.000111259546802048,0.000278220361153183,-0.000166960814351135,0.000166960814351135,"pc = 1 − pc = 0.1"
"482f65b152c5702150de2b27ea2c9521","Endobacter","clr_1","clr_0.1",0.000106220236147866,0.000206789211827701,-0.000100568975679834,0.000100568975679834,"pc = 1 − pc = 0.1"
"dd0a8be594bd6d7f08121de2aa5df471","Anagnostidinema","clr_1","clr_0.1",0.000106052858024548,0.000111163112236464,-5.11025421191647e-06,5.11025421191647e-06,"pc = 1 − pc = 0.1"
"e8724520788bb38a7f9d22c91318f016","Rhizobacter","clr_1","clr_0.1",0.000104174516516968,-0.000131086252542219,0.000235260769059186,0.000235260769059186,"pc = 1 − pc = 0.1"
"3c0cdd40fd8071ed3f6adecf11b9c773","cvE6 Family","clr_1","clr_0.1",0.000103074097669229,0.000146315379822681,-4.32412821534519e-05,4.32412821534519e-05,"pc = 1 − pc = 0.1"
"ea4317d7222c2b5526d500d503663459","Aphanizomenonaceae Family","clr_1","clr_0.1",0.000103012989796745,7.9254874811514e-05,2.37581149852315e-05,2.37581149852315e-05,"pc = 1 − pc = 0.1"
"e78c94e8f7c6c1433223d448ac441301","Gemmataceae Family","clr_1","clr_0.1",0.000101438281680845,0.000101438281680845,0,0,"pc = 1 − pc = 0.1"
"3fd07b98dedfbc282868e5061f99eb3e","Bryobacter","clr_1","clr_0.1",9.85173545548665e-05,0.000176560231969855,-7.80428774149882e-05,7.80428774149882e-05,"pc = 1 − pc = 0.1"
"19f9f30d5492ed1f3f968da3d20389b1","Gemmataceae Family","clr_1","clr_0.1",9.61217087894368e-05,9.47187020334595e-05,1.40300675597736e-06,1.40300675597736e-06,"pc = 1 − pc = 0.1"
"2e63a346769e0a62350ceaec77aece4d","RS25G","clr_1","clr_0.1",8.82492263818719e-05,-4.80486499510272e-05,0.000136297876332899,0.000136297876332899,"pc = 1 − pc = 0.1"
"ceec694515496f505e8a0495faadf135","Gemmata","clr_1","clr_0.1",8.6697066081702e-05,0,8.6697066081702e-05,8.6697066081702e-05,"pc = 1 − pc = 0.1"
"f9431bfa2ecf5582f3368530f500f360","Cephaloticoccus","clr_1","clr_0.1",8.47847818243047e-05,9.64101986268873e-05,-1.16254168025827e-05,1.16254168025827e-05,"pc = 1 − pc = 0.1"
"32181b006051d0c53a829c211710b508","AAP99","clr_1","clr_0.1",8.13394657045695e-05,0.000519031145957787,-0.000437691680253218,0.000437691680253218,"pc = 1 − pc = 0.1"
"ab4793724d4650358e1d40f5cb713049","Pseudanabaena","clr_1","clr_0.1",8.09979895525297e-05,0.000819083379065317,-0.000738085389512787,0.000738085389512787,"pc = 1 − pc = 0.1"
"6744ece1fbad79599edb11f29b59a918","Haliscomenobacter","clr_1","clr_0.1",7.35649186836067e-05,0.00222320168228711,-0.00214963676360351,0.00214963676360351,"pc = 1 − pc = 0.1"
"2ca2d98e0489dc0314d8c79541be9115","Emticicia","clr_1","clr_0.1",7.07926093151238e-05,0.000336485557557391,-0.000265692948242268,0.000265692948242268,"pc = 1 − pc = 0.1"
"f4141d8bac0c1aa1a889524533e7c9d9","Aquabacterium","clr_1","clr_0.1",6.83225981820924e-05,-0.000129168366589941,0.000197490964772033,0.000197490964772033,"pc = 1 − pc = 0.1"
"0ea1dc2365236a4157aaae6a095fdfdd","Fibrella","clr_1","clr_0.1",6.56065278859979e-05,-0.000103238064956761,0.000168844592842759,0.000168844592842759,"pc = 1 − pc = 0.1"
"0a773ec23d772b90f5c06258c6a4c659","Candidatus Nitrosoarchaeum","clr_1","clr_0.1",6.31916035146e-05,0.000106280871538229,-4.30892680236294e-05,4.30892680236294e-05,"pc = 1 − pc = 0.1"
"2d2cfe3970153f65df6fb6d1a6da95cf","Chitinophagaceae Family","clr_1","clr_0.1",5.64351814821741e-05,5.70941861580242e-05,-6.59004675850102e-07,6.59004675850102e-07,"pc = 1 − pc = 0.1"
"9b596b9eb067d0ee46fb12b98a26ca77","Pseudanabaena","clr_1","clr_0.1",5.53782446320042e-05,-0.000104281795512412,0.000159660040144416,0.000159660040144416,"pc = 1 − pc = 0.1"
"7bd2131216dd6bd467970699d35a617b","Roseicella","clr_1","clr_0.1",5.49546455015965e-05,-5.78281104267282e-05,0.000112782755928325,0.000112782755928325,"pc = 1 − pc = 0.1"
"47f280a62d3cbe2edbfada40370a17d4","Caedibacter","clr_1","clr_0.1",5.21232717188667e-05,-4.85517947732866e-05,0.000100675066492153,0.000100675066492153,"pc = 1 − pc = 0.1"
"7103737162d2f1b8f90c0ed9364846b6","Pirellula","clr_1","clr_0.1",5.17547688305347e-05,1.86131530426211e-05,3.31416157879136e-05,3.31416157879136e-05,"pc = 1 − pc = 0.1"
"5904ccb9b6ba59aaefedb22379ee4f15","Tundrisphaera","clr_1","clr_0.1",5.07406659670014e-05,0.00020951825485656,-0.000158777588889559,0.000158777588889559,"pc = 1 − pc = 0.1"
"76363618e6a55a0556fa9cdda32b9519","Ellin6067","clr_1","clr_0.1",4.70717360581003e-05,0.000626570398220068,-0.000579498662161968,0.000579498662161968,"pc = 1 − pc = 0.1"
"04ecfad5772d2e09a84a0f5ef460536c","Methylobacterium","clr_1","clr_0.1",4.54644999776578e-05,-0.000216842224022587,0.000262306724000244,0.000262306724000244,"pc = 1 − pc = 0.1"
"1a9d57d26606ba207da37f78a8ff2c58","Pseudanabaena","clr_1","clr_0.1",4.21729877741861e-05,0.000939658411177832,-0.000897485423403646,0.000897485423403646,"pc = 1 − pc = 0.1"
"65f55015ddc161df29ad55e9a337e21e","Rhizorhapis","clr_1","clr_0.1",4.18925321351976e-05,2.50970196407974e-07,4.16415619387897e-05,4.16415619387897e-05,"pc = 1 − pc = 0.1"
"99e5a1f89bd0985c7232e7288b0bbb0c","Mycobacterium","clr_1","clr_0.1",4.14980101817456e-05,-0.00031791102966258,0.000359409039844325,0.000359409039844325,"pc = 1 − pc = 0.1"
"55954ea021303330f19413b0882998fe","Rickettsiellaceae Family","clr_1","clr_0.1",4.02692651700423e-05,5.01945267147382e-05,-9.92526154469584e-06,9.92526154469584e-06,"pc = 1 − pc = 0.1"
"1bb52bd81aefa324a62f91eb110a3665","Phreatobacter","clr_1","clr_0.1",3.80191221326734e-05,-9.03483463951844e-05,0.000128367468527858,0.000128367468527858,"pc = 1 − pc = 0.1"
"5a437028af9e0a2acd9a42474b7c6310","Acetobacteraceae Family","clr_1","clr_0.1",3.65515289538371e-05,3.65515289538371e-05,-1.35525271560688e-20,1.35525271560688e-20,"pc = 1 − pc = 0.1"
"7ef48551cce7e0d840508208665333f5","Gemmatimonadaceae Family","clr_1","clr_0.1",3.48198582015848e-05,1.30411494276199e-05,2.17787087739649e-05,2.17787087739649e-05,"pc = 1 − pc = 0.1"
"113ea0d9a4d6d3e459760656562b5ddd","Dolichospermum","clr_1","clr_0.1",3.4447262551692e-05,2.88776388448238e-06,3.15594986672096e-05,3.15594986672096e-05,"pc = 1 − pc = 0.1"
"4ac5c0466efedd0f4daad46f23131a3f","Comamonadaceae Family","clr_1","clr_0.1",3.23972722085506e-05,-1.28256502109686e-05,4.52229224195192e-05,4.52229224195192e-05,"pc = 1 − pc = 0.1"
"08e95f8aadda45f7fa04b997b0579b10","A0839 Family","clr_1","clr_0.1",2.91051655241568e-05,2.57479189933993e-06,2.65303736248169e-05,2.65303736248169e-05,"pc = 1 − pc = 0.1"
"72d690501e343840c31a1f7abf932868","LiUU-11-161 Family","clr_1","clr_0.1",2.80485324812471e-05,-8.88300092962442e-05,0.000116878541777491,0.000116878541777491,"pc = 1 − pc = 0.1"
"fca1ed7792b0c80cd00c60203ba400e8","Flavobacterium","clr_1","clr_0.1",2.79973798779681e-05,-4.19498841359098e-05,6.99472640138779e-05,6.99472640138779e-05,"pc = 1 − pc = 0.1"
"0a165844daf38d8ce2008c94a5b4565e","Sphingomonas","clr_1","clr_0.1",2.75059964902775e-05,2.29799622791478e-05,4.52603421112967e-06,4.52603421112967e-06,"pc = 1 − pc = 0.1"
"7148f89a064752c2b79f8b43fcfdf028","Rickettsiellaceae Family","clr_1","clr_0.1",2.64081821176369e-05,-1.71696756418833e-05,4.35778577595202e-05,4.35778577595202e-05,"pc = 1 − pc = 0.1"
"04facf4c669643499ce14739914e4d67","Ellin6067","clr_1","clr_0.1",2.43554502382768e-05,5.17614321968485e-05,-2.74059819585717e-05,2.74059819585717e-05,"pc = 1 − pc = 0.1"
"e9307278210409536f907f7fd741e075","Gemmatimonas","clr_1","clr_0.1",1.76843602979464e-05,-0.000154762413903701,0.000172446774201648,0.000172446774201648,"pc = 1 − pc = 0.1"
"34ff5f6b4b552d776baab0e35b5dc29d","SH3-11","clr_1","clr_0.1",1.1319308719306e-05,1.1319308719306e-05,0,0,"pc = 1 − pc = 0.1"
"53ca06737199ee3678325edb8269c6a0","Pedomicrobium","clr_1","clr_0.1",1.0903436851728e-05,6.58655114665965e-05,-5.49620746148686e-05,5.49620746148686e-05,"pc = 1 − pc = 0.1"
"6510fa10b181e1f66b763278c64bf2ed","Ferruginibacter","clr_1","clr_0.1",8.27102663100017e-06,2.69390909514769e-05,-1.86680643204768e-05,1.86680643204768e-05,"pc = 1 − pc = 0.1"
"f574db6bef285785a0be2afa96c81b03","Gemmata","clr_1","clr_0.1",7.34866237466352e-06,-5.00260910370535e-05,5.73747534117171e-05,5.73747534117171e-05,"pc = 1 − pc = 0.1"
"ef24d427e3b1d810ed78fd31347e4252","Acetobacteraceae Family","clr_1","clr_0.1",6.37059638891495e-06,5.97411875797882e-05,-5.33705911908733e-05,5.33705911908733e-05,"pc = 1 − pc = 0.1"
"cbd7f44bbfb028040dd62e6da57bf2a7","P3OB-42","clr_1","clr_0.1",5.79153484623295e-06,5.79153484623295e-06,0,0,"pc = 1 − pc = 0.1"
"1e58e379b70b6355a45ce1a2c36ae8ab","Rhodospirillales Order","clr_1","clr_0.1",4.94981534263119e-06,0,4.94981534263119e-06,4.94981534263119e-06,"pc = 1 − pc = 0.1"
"7cd2d6c584c538d8415b48f17188c5d6","Aquicella","clr_1","clr_0.1",1.24205026232729e-06,1.41844304435452e-05,-1.29423801812179e-05,1.29423801812179e-05,"pc = 1 − pc = 0.1"
"6cc3d9a85641e773e9dc4fcb97e40bea","Massilia","clr_1","clr_0.1",1.24134124604276e-06,1.24134124604276e-06,0,0,"pc = 1 − pc = 0.1"
"a088b189e45f8f5c38cc891834db8035","Candidatus Nitrosoarchaeum","clr_1","clr_0.1",1.16168154493221e-06,-0.000103337366572768,0.0001044990481177,0.0001044990481177,"pc = 1 − pc = 0.1"
"4066bd673ae4accaad3d8a94bcdb2d24","Microcystaceae Family","clr_1","clr_0.1",1.02240126731954e-06,6.01753291205752e-05,-5.91529278532557e-05,5.91529278532557e-05,"pc = 1 − pc = 0.1"
"525db61ccb1ba70de183da8e90728f98","Polymorphobacter","clr_1","clr_0.1",6.16905685860092e-07,1.50422993236523e-05,-1.44253936377922e-05,1.44253936377922e-05,"pc = 1 − pc = 0.1"
"91b6ecde35c8798c2d40e3bb81c49994","SWB02","clr_1","clr_0.1",0,0.000200574358010611,-0.000200574358010611,0.000200574358010611,"pc = 1 − pc = 0.1"
"c24525e8eccad35e27387f77998cbd04","Paracaedibacteraceae Family","clr_1","clr_0.1",0,2.694877601132e-06,-2.694877601132e-06,2.694877601132e-06,"pc = 1 − pc = 0.1"
"a71c2b364419addf3c4a76844f1355fc","Limnohabitans","clr_1","clr_0.1",0,2.66731408204974e-05,-2.66731408204974e-05,2.66731408204974e-05,"pc = 1 − pc = 0.1"
"8df5a5aaa4151285e928fba5be95a4d3","Rubrivivax","clr_1","clr_0.1",0,8.36751109397294e-05,-8.36751109397294e-05,8.36751109397294e-05,"pc = 1 − pc = 0.1"
"6e6f306a337ba255a7f4a7f8469ff691","Cellvibrio","clr_1","clr_0.1",0,2.03569895881735e-05,-2.03569895881735e-05,2.03569895881735e-05,"pc = 1 − pc = 0.1"
"7558ae080e554f69632fa9f0078925a8","SM2D12 Family","clr_1","clr_0.1",-4.28228404714348e-08,0,-4.28228404714348e-08,4.28228404714348e-08,"pc = 1 − pc = 0.1"
"48e44d7f0b561b30935a67c41c75101d","Chthoniobacter","clr_1","clr_0.1",-3.38072880768324e-06,0.00138875645562202,-0.00139213718442971,0.00139213718442971,"pc = 1 − pc = 0.1"
"f04a2d7063257d451dee16f014b55e63","Snowella","clr_1","clr_0.1",-9.22019205299729e-06,0.000496303275881031,-0.000505523467934029,0.000505523467934029,"pc = 1 − pc = 0.1"
"5d5436b14b5044bb09cdb96aa65fe217","Gammaproteobacteria Class","clr_1","clr_0.1",-1.02765996415837e-05,0.00038038457716604,-0.000390661176807624,0.000390661176807624,"pc = 1 − pc = 0.1"
"e7bf8b888611a3cd1b5c84cdcd76321f","Aggregatilineaceae Family","clr_1","clr_0.1",-1.30272811679357e-05,9.36737215080008e-05,-0.000106701002675937,0.000106701002675937,"pc = 1 − pc = 0.1"
"4078fc5ccccbf133e10b6bf4f6461c02","Pirellula","clr_1","clr_0.1",-2.22343606922065e-05,-0.000242040755276737,0.000219806394584531,0.000219806394584531,"pc = 1 − pc = 0.1"
"3bd964f1262d70ed0e2b2f2d5e53d9ca","Fimbriiglobus","clr_1","clr_0.1",-3.24749361889957e-05,-3.09631556413997e-05,-1.51178054759605e-06,1.51178054759605e-06,"pc = 1 − pc = 0.1"
"ad9e0017fee8f1eaaf3c142b2c9fa459","Hirschia","clr_1","clr_0.1",-4.30706360840093e-05,6.49312663676288e-05,-0.000108001902451638,0.000108001902451638,"pc = 1 − pc = 0.1"
"7a58a670654e91eb7bbbb340f5221038","Pseudanabaenaceae_X","clr_1","clr_0.1",-4.87091236081758e-05,9.7368723952139e-06,-5.84459960033897e-05,5.84459960033897e-05,"pc = 1 − pc = 0.1"
"9b3fa36ed2c09a6975b78f7855af2106","Rhodovarius","clr_1","clr_0.1",-5.32471653462373e-05,0.000117822408141755,-0.000171069573487992,0.000171069573487992,"pc = 1 − pc = 0.1"
"02b4cbe5c2955ab2f66dc82cdf6dad64","Aquabacterium","clr_1","clr_0.1",-5.44654325988335e-05,2.11599461958352e-05,-7.56253787946686e-05,7.56253787946686e-05,"pc = 1 − pc = 0.1"
"70aa67c9ba5ae917f70f89ea766f68ec","Pseudanabaenaceae_X","clr_1","clr_0.1",-5.88477360995001e-05,0.000155966320156035,-0.000214814056255536,0.000214814056255536,"pc = 1 − pc = 0.1"
"103ad5940ac3b635fa0afe4680cbc582","Leptothrix","clr_1","clr_0.1",-6.71515702734683e-05,8.0335482985042e-05,-0.00014748705325851,0.00014748705325851,"pc = 1 − pc = 0.1"
"7de8357661e8182771db98b376924183","Ideonella","clr_1","clr_0.1",-7.25532083203129e-05,0,-7.25532083203129e-05,7.25532083203129e-05,"pc = 1 − pc = 0.1"
"8d32cb7d685931e9669b78d2cde217c5","Polymorphobacter","clr_1","clr_0.1",-8.01711478646219e-05,0.00013792200372066,-0.000218093151585282,0.000218093151585282,"pc = 1 − pc = 0.1"
"5db99293e9b1fc0a4ffea5bfc8dad05a","Anthocerotibacter","clr_1","clr_0.1",-8.49762434052043e-05,0.000363364826800048,-0.000448341070205253,0.000448341070205253,"pc = 1 − pc = 0.1"
"57b92326c77017ea2f2bda05f0b71a66","Armatimonas","clr_1","clr_0.1",-8.69799825869876e-05,4.28343208840625e-05,-0.00012981430347105,0.00012981430347105,"pc = 1 − pc = 0.1"
"241dabd4901db50f657e8e9e90977528","Oligoflexaceae Family","clr_1","clr_0.1",-8.71748420811861e-05,2.01155871033045e-05,-0.000107290429184491,0.000107290429184491,"pc = 1 − pc = 0.1"
"726adcf2c36b8506b1618c939afc6308","Fimbriiglobus","clr_1","clr_0.1",-8.91414921057079e-05,0.000103013299742605,-0.000192154791848313,0.000192154791848313,"pc = 1 − pc = 0.1"
"bd9fb85fbc617c063ef39df89e371752","Fimbriimonadaceae Family","clr_1","clr_0.1",-9.25346993296663e-05,0.000540057301595043,-0.000632592000924709,0.000632592000924709,"pc = 1 − pc = 0.1"
"23b1bba87afc0a8c4e389513c03080fa","Zavarzinella","clr_1","clr_0.1",-0.000119837938498764,1.94515782610994e-05,-0.000139289516759864,0.000139289516759864,"pc = 1 − pc = 0.1"
"772ad1eb60ac8444ec6adcaf9e9777c7","Spirochaeta 2","clr_1","clr_0.1",-0.000147114120800685,0.00037663637051535,-0.000523750491316035,0.000523750491316035,"pc = 1 − pc = 0.1"
"cc363a9ccd3549e646859ab1ffe9d460","Sandaracinus","clr_1","clr_0.1",-0.000162929980814888,0.000691562564671797,-0.000854492545486685,0.000854492545486685,"pc = 1 − pc = 0.1"
"e52edce2ac7c8fd252c75a75d8e4275a","Acetobacteraceae Family","clr_1","clr_0.1",-0.000174845680704425,0.000330946153376428,-0.000505791834080853,0.000505791834080853,"pc = 1 − pc = 0.1"
"443cbb31543da9477f5472d3e3b7898d","Rickettsiaceae Family","clr_1","clr_0.1",-0.00018566849619786,0.000479192983583871,-0.000664861479781731,0.000664861479781731,"pc = 1 − pc = 0.1"
"1d3e0cdf9eccf08a3acf22aa5a777512","Leptothrix","clr_1","clr_0.1",-0.000194134728418726,-3.10874412566314e-05,-0.000163047287162094,0.000163047287162094,"pc = 1 − pc = 0.1"
"cd3e034e9f02f18c99993b609fee4fa8","Dolichospermum","clr_1","clr_0.1",-0.000225577599883348,5.327618820139e-05,-0.000278853788084738,0.000278853788084738,"pc = 1 − pc = 0.1"
"7069712c1deee58d640df6a9cbe743dd","Polaromonas","clr_1","clr_0.1",-0.000227587672407661,0.00153240103143123,-0.00175998870383889,0.00175998870383889,"pc = 1 − pc = 0.1"
"d0c787f177dccc8f247649354da0273e","OM27 clade","clr_1","clr_0.1",-0.000229722096141638,0.000850044912330953,-0.00107976700847259,0.00107976700847259,"pc = 1 − pc = 0.1"
"653334c36340a20181971e05d9b4e110","Rhodoferax","clr_1","clr_0.1",-0.000244518574701437,0.00010872387520866,-0.000353242449910098,0.000353242449910098,"pc = 1 − pc = 0.1"
"571bd9d7ac39f0ce24aeda9319d55cb5","Tumidithrix","clr_1","clr_0.1",-0.00025520571189521,2.75092644631897e-06,-0.000257956638341529,0.000257956638341529,"pc = 1 − pc = 0.1"
"36097ef26957ce4fdd7a71fe7f7cb7af","Candidatus-Obscuribacter","clr_1","clr_0.1",-0.0002711775083668,3.92191160705062e-06,-0.00027509941997385,0.00027509941997385,"pc = 1 − pc = 0.1"
"10fd3f0bec9c322bafe9bc94b4254097","Polymorphobacter","clr_1","clr_0.1",-0.000392461920830261,0.000304519788432649,-0.00069698170926291,0.00069698170926291,"pc = 1 − pc = 0.1"
"ab6b7b90747341ce39f82d0a22a1d37d","Methylobacterium","clr_1","clr_0.1",-0.000399131302625961,0.00179409919873202,-0.00219323050135798,0.00219323050135798,"pc = 1 − pc = 0.1"
"1f22ad120bd713347ac5bcd1c282c459","Planctomycetales Order","clr_1","clr_0.1",-0.000441660713712146,0.00032820509378018,-0.000769865807492326,0.000769865807492326,"pc = 1 − pc = 0.1"
"919f52074a986016c7e460883cbe1484","Rhodoferax","clr_1","clr_0.1",-0.000483191784125399,7.45386511247343e-05,-0.000557730435250133,0.000557730435250133,"pc = 1 − pc = 0.1"
"2d9a9d6012e671d8135cb2df734d9edd","Gemmatimonas","clr_0.5","clr_0.1",0.00368037348671752,0.000459299622544333,0.00322107386417318,0.00322107386417318,"pc = 0.5 − pc = 0.1"
"dc9aa892ff2214c4219de36f009f5192","Candidatus Nitrosoarchaeum","clr_0.5","clr_0.1",0.00362601458361005,0.00373059972665549,-0.000104585143045436,0.000104585143045436,"pc = 0.5 − pc = 0.1"
"b7a6de9f78e6c96910566ca3f2778318","Armatimonadaceae Family","clr_0.5","clr_0.1",0.00266344726967544,0.00154623102117861,0.00111721624849683,0.00111721624849683,"pc = 0.5 − pc = 0.1"
"ce7deedd0f541b5286425938fcd6e413","Oligoflexaceae Family","clr_0.5","clr_0.1",0.00299542035197691,0.00199888038689299,0.000996539965083919,0.000996539965083919,"pc = 0.5 − pc = 0.1"
"9e36c8c025b5170a2b5af14dc13bf3bf","Eremiobacteria Class","clr_0.5","clr_0.1",0.00270195322750143,0.00279007111327801,-8.81178857765784e-05,8.81178857765784e-05,"pc = 0.5 − pc = 0.1"
"6c561c59c84d61ce5f4036074028dbca","Bryobacter","clr_0.5","clr_0.1",0.00303608157337211,0.000744047458899661,0.00229203411447245,0.00229203411447245,"pc = 0.5 − pc = 0.1"
"afc8be1bf12a273aee66a9cf23603a63","Acetobacteraceae Family","clr_0.5","clr_0.1",0.00259510102542854,0.00213811713772538,0.000456983887703161,0.000456983887703161,"pc = 0.5 − pc = 0.1"
"c4bfdac27a83e2361cd70c4f37cbeb51","Paludibaculum","clr_0.5","clr_0.1",0.0029958661944584,0.000215424050081238,0.00278044214437716,0.00278044214437716,"pc = 0.5 − pc = 0.1"
"61c901297973162caaee28a638a3d9d9","Solirubrobacteraceae Family","clr_0.5","clr_0.1",0.00129149001654455,0.00163061851237561,-0.000339128495831064,0.000339128495831064,"pc = 0.5 − pc = 0.1"
"29d0afa3094fe186f16549507e5d86f3","Haliscomenobacter","clr_0.5","clr_0.1",0.00264836823995351,0.00293783753648571,-0.000289469296532196,0.000289469296532196,"pc = 0.5 − pc = 0.1"
"6797a25a8dfdb4774d859b8844087411","Rhizobacter","clr_0.5","clr_0.1",0.00249551395257856,0.0023397425786234,0.000155771373955163,0.000155771373955163,"pc = 0.5 − pc = 0.1"
"7a2f122fddae43a0010e633c008bc09b","Blfdi19 Order","clr_0.5","clr_0.1",0.00258543166421712,0.000934948822790021,0.00165048284142709,0.00165048284142709,"pc = 0.5 − pc = 0.1"
"6fa14f70b44f6de870d45c0e905c45fe","Fimbriiglobus","clr_0.5","clr_0.1",0.00261580834000883,0.00174503304341648,0.000870775296592344,0.000870775296592344,"pc = 0.5 − pc = 0.1"
"de12a9a4b8be3995816194f3492ff412","Singulisphaera","clr_0.5","clr_0.1",0.00257642238348172,0.00210765005528105,0.000468772328200667,0.000468772328200667,"pc = 0.5 − pc = 0.1"
"2a4e8c5c2d9ffd70f271583b796168df","Dolichospermum","clr_0.5","clr_0.1",0.00259487656948129,0.0025384427222809,5.64338472003908e-05,5.64338472003908e-05,"pc = 0.5 − pc = 0.1"
"2e398b810872de4049aebe234dc5b5d7","Comamonadaceae Family","clr_0.5","clr_0.1",0.00159523248649805,0.00154571547243783,4.95170140602204e-05,4.95170140602204e-05,"pc = 0.5 − pc = 0.1"
"649f026cd615015b1c0f8e760d309122","Luteimonas","clr_0.5","clr_0.1",0.0020867586543469,0.00109164233831495,0.00099511631603195,0.00099511631603195,"pc = 0.5 − pc = 0.1"
"37c9c05391818c7a6ffa38262321f5fc","CL500-29 marine group","clr_0.5","clr_0.1",0.00262081494112866,0.00312753923627434,-0.000506724295145678,0.000506724295145678,"pc = 0.5 − pc = 0.1"
"cdc9eb301c1347f5753343884d1a5b41","mle1-27 Order","clr_0.5","clr_0.1",0.00253614030764699,0.0021377195795973,0.00039842072804969,0.00039842072804969,"pc = 0.5 − pc = 0.1"
"66206d59214d8cc4ecb65a71e9350c9c","Phreatobacter","clr_0.5","clr_0.1",0.00256820830131958,0.00266851611985217,-0.000100307818532592,0.000100307818532592,"pc = 0.5 − pc = 0.1"
"1ba1c6fba5cf7d1a4c6e3caef9e4c813","TRA3-20 Family","clr_0.5","clr_0.1",0.00256030553428675,0.00227138902110539,0.000288916513181368,0.000288916513181368,"pc = 0.5 − pc = 0.1"
"33e5681d81c11baedc5f46c7b394484c","Midichloriaceae Family","clr_0.5","clr_0.1",0.00228889908870445,0.00228342417490672,5.47491379772986e-06,5.47491379772986e-06,"pc = 0.5 − pc = 0.1"
"fb437033e226e6cda5fe9c3b74ef453f","Rhodovarius","clr_0.5","clr_0.1",0.0021413238780895,0.00190230935395617,0.000239014524133332,0.000239014524133332,"pc = 0.5 − pc = 0.1"
"179e2e4ad12d2a505f12bf7110a80cde","Sphingomonadaceae Family","clr_0.5","clr_0.1",0.00227688759078492,0.00221249931543882,6.43882753460995e-05,6.43882753460995e-05,"pc = 0.5 − pc = 0.1"
"b44b7ef824cadcd24ea6fea45051a73e","Fimbriimonadaceae Family","clr_0.5","clr_0.1",0.00218527228615597,0.0023748749983548,-0.000189602712198834,0.000189602712198834,"pc = 0.5 − pc = 0.1"
"9ed3e1edc621c9a94608480eb8b4351b","Pseudanabaena","clr_0.5","clr_0.1",0.00219674596816331,0.00235238106570377,-0.000155635097540464,0.000155635097540464,"pc = 0.5 − pc = 0.1"
"9a7f96749fc3614a624e31996bd7b4d4","Vermiphilaceae Family","clr_0.5","clr_0.1",0.00205972654220562,0.00140989062157157,0.000649835920634054,0.000649835920634054,"pc = 0.5 − pc = 0.1"
"6815f1f2c2d38299f363940f8e312c3c","Deinococcaceae Family","clr_0.5","clr_0.1",0.00290994884170493,0.00232352622140988,0.000586422620295048,0.000586422620295048,"pc = 0.5 − pc = 0.1"
"51a5955ebe58e2c36e26f6cfa32cbe22","Rhizobacter","clr_0.5","clr_0.1",0.00220511812052183,0.00234299850147362,-0.00013788038095179,0.00013788038095179,"pc = 0.5 − pc = 0.1"
"396cc69217c9a6fb253a45860cafee90","Fimbriiglobus","clr_0.5","clr_0.1",0.00209082821665129,0.00203988444673512,5.09437699161698e-05,5.09437699161698e-05,"pc = 0.5 − pc = 0.1"
"2bba1f8c49fb19b800398943a216a572","Bryobacter","clr_0.5","clr_0.1",0.00222691102258206,0.00236616891260931,-0.000139257890027254,0.000139257890027254,"pc = 0.5 − pc = 0.1"
"01e7f9814849bf1e4a5ce63fb0d4b61a","Shackletoniella","clr_0.5","clr_0.1",0.0019906291920455,0.00203773949625572,-4.71103042102238e-05,4.71103042102238e-05,"pc = 0.5 − pc = 0.1"
"47c12b61c90c5033a1bb474f6c7ae154","LD29","clr_0.5","clr_0.1",0.00187566649619212,0.00184511201412819,3.05544820639293e-05,3.05544820639293e-05,"pc = 0.5 − pc = 0.1"
"67af8ea66a8349d04cd4bda199abe5da","Fimbriiglobus","clr_0.5","clr_0.1",0.00215602483291624,0.00223662465228719,-8.0599819370945e-05,8.0599819370945e-05,"pc = 0.5 − pc = 0.1"
"ec0f2c0dafb364dfe9e9044a2db5f8fc","IMCC26207","clr_0.5","clr_0.1",0.00179564858445108,0.00181598285511513,-2.03342706640529e-05,2.03342706640529e-05,"pc = 0.5 − pc = 0.1"
"6fc0afa4ca20c38dd455d90b8d8099ab","Hirschia","clr_0.5","clr_0.1",0.00179233113087633,0.00141397511775438,0.000378356013121947,0.000378356013121947,"pc = 0.5 − pc = 0.1"
"27ec05c431a025fda07b2a8e37f2bf93","Fimbriiglobus","clr_0.5","clr_0.1",0.0023568518743288,0.00172292213908242,0.000633929735246375,0.000633929735246375,"pc = 0.5 − pc = 0.1"
"d4531e60bc6de54c5eb09e54d2264553","Pirellula","clr_0.5","clr_0.1",0.0016684592317949,0.00139403422761364,0.000274425004181268,0.000274425004181268,"pc = 0.5 − pc = 0.1"
"7303c7950d30d98f6084c7e1e4c54ea1","Nodosilinea","clr_0.5","clr_0.1",0.00150772575499103,0.000200562264901978,0.00130716349008905,0.00130716349008905,"pc = 0.5 − pc = 0.1"
"79cb0502666fb336451226c33970ec67","Chitinophagaceae Family","clr_0.5","clr_0.1",0.00172727570536168,0.00202714392049312,-0.000299868215131448,0.000299868215131448,"pc = 0.5 − pc = 0.1"
"7402c6fd98e177d4694261a9dd23eac6","Candidatus Berkiella","clr_0.5","clr_0.1",0.00186347056690979,0.00236025144185566,-0.000496780874945877,0.000496780874945877,"pc = 0.5 − pc = 0.1"
"6ea9472deca150f97a7bcfe87126d9b9","Phreatobacter","clr_0.5","clr_0.1",0.00176909999292559,0.00194305781014933,-0.000173957817223739,0.000173957817223739,"pc = 0.5 − pc = 0.1"
"768d500dec54c80d5ef769902dadd792","Fimbriiglobus","clr_0.5","clr_0.1",0.00164708219689729,0.00177122683245073,-0.000124144635553444,0.000124144635553444,"pc = 0.5 − pc = 0.1"
"c817f85fb612001af524979afb37eaeb","Comamonadaceae Family","clr_0.5","clr_0.1",0.00157369758785492,0.00142911374029075,0.000144583847564176,0.000144583847564176,"pc = 0.5 − pc = 0.1"
"3505278bbef674c198e14875912fa8e5","Nocardioides","clr_0.5","clr_0.1",0.00178663779679311,0.0016269422144861,0.000159695582307016,0.000159695582307016,"pc = 0.5 − pc = 0.1"
"89c76625e45ab0499f29cc2dc2beb69c","SL56 marine group Class","clr_0.5","clr_0.1",0.00166354736706505,0.00168153978856416,-1.79924214991048e-05,1.79924214991048e-05,"pc = 0.5 − pc = 0.1"
"7017030b94462f54ca0141f11f705833","Dankookia","clr_0.5","clr_0.1",0.00168888395825111,0.00170216683531028,-1.32828770591628e-05,1.32828770591628e-05,"pc = 0.5 − pc = 0.1"
"65d43491988bfe557da4d86a5ba25dae","Staphylococcus","clr_0.5","clr_0.1",0.00178350701121169,0.00203907935157369,-0.000255572340361997,0.000255572340361997,"pc = 0.5 − pc = 0.1"
"7edb4e0c95b9fecd08046d75a5195d5c","SM1A02","clr_0.5","clr_0.1",0.00183730180448677,0.00168763907472641,0.000149662729760358,0.000149662729760358,"pc = 0.5 − pc = 0.1"
"3c47a5b25bdba36dd7911384b66f1371","Armatimonadaceae Family","clr_0.5","clr_0.1",0.000479936047025684,0.000328200177686802,0.000151735869338882,0.000151735869338882,"pc = 0.5 − pc = 0.1"
"b701af8d98ca714dab16ab6724bb631a","Galbitalea","clr_0.5","clr_0.1",0.00164382348540642,0.00172977112100534,-8.59476355989173e-05,8.59476355989173e-05,"pc = 0.5 − pc = 0.1"
"5fb691caf53996697fc5745ffa6620ae","Lacibacter","clr_0.5","clr_0.1",0.00178607210310547,0.00190101174284518,-0.000114939639739715,0.000114939639739715,"pc = 0.5 − pc = 0.1"
"cad8cc3e7647d51e614b099398538e4d","Saprospiraceae Family","clr_0.5","clr_0.1",0.00171814837986463,0.00155087730812486,0.000167271071739766,0.000167271071739766,"pc = 0.5 − pc = 0.1"
"27dd7e35cd564c093c78eb0ccb36c808","Chthoniobacter","clr_0.5","clr_0.1",0.00148092426732668,0.00150490691858042,-2.39826512537422e-05,2.39826512537422e-05,"pc = 0.5 − pc = 0.1"
"a6dd65fc8a794034ff7ebcd21aa0627d","Undibacterium","clr_0.5","clr_0.1",0.00172262814524415,0.00171500511196108,7.62303328306836e-06,7.62303328306836e-06,"pc = 0.5 − pc = 0.1"
"750dab93d926d40d7cd439faa6640f33","Haliscomenobacter","clr_0.5","clr_0.1",0.00139481838846725,0.00161940887007548,-0.000224590481608234,0.000224590481608234,"pc = 0.5 − pc = 0.1"
"396bbebd81d93d6c824d49cc652eb76a","Flavipsychrobacter","clr_0.5","clr_0.1",0.00163743179662607,0.0019148202704473,-0.000277388473821222,0.000277388473821222,"pc = 0.5 − pc = 0.1"
"8c45d6dd71022de8cedfa07abbd65788","Tundrisphaera","clr_0.5","clr_0.1",0.00146385432431241,0.00155586034080667,-9.2006016494251e-05,9.2006016494251e-05,"pc = 0.5 − pc = 0.1"
"34ec42044c0d886b375a356f164f6bd3","Methylorosula","clr_0.5","clr_0.1",0.00157505909324755,0.00143286851374788,0.00014219057949967,0.00014219057949967,"pc = 0.5 − pc = 0.1"
"1a131635c7cef07af21b4ec48465d88d","Parablastomonas","clr_0.5","clr_0.1",0.00155344359096013,0.000641984395570315,0.000911459195389813,0.000911459195389813,"pc = 0.5 − pc = 0.1"
"6d766f67b6bd03ae7d1de4c4fc15b47f","SM2D12 Family","clr_0.5","clr_0.1",0.001594691786478,0.0016535586040404,-5.88668175624009e-05,5.88668175624009e-05,"pc = 0.5 − pc = 0.1"
"133a40be8ba8eb0e124c31585039a7e7","Saprospiraceae Family","clr_0.5","clr_0.1",0.00148191852039586,0.000928935782097799,0.00055298273829806,0.00055298273829806,"pc = 0.5 − pc = 0.1"
"5fa97937c087ce34a2c5ae09d617b9b1","Pedosphaeraceae Family","clr_0.5","clr_0.1",0.00159843580914609,0.00162703522964411,-2.85994204980177e-05,2.85994204980177e-05,"pc = 0.5 − pc = 0.1"
"ec1d103f66d06bf61cf3cf6d9bcf8e52","OM190 Class","clr_0.5","clr_0.1",0.00120499430030292,0.00110350307994824,0.000101491220354687,0.000101491220354687,"pc = 0.5 − pc = 0.1"
"15186d19694f00776956343942b4f186","Gloeobacter","clr_0.5","clr_0.1",0.00158691813279763,0.00202449528852404,-0.000437577155726408,0.000437577155726408,"pc = 0.5 − pc = 0.1"
"53e8389028f3821f782fbf4186e1ef22","SM1A02","clr_0.5","clr_0.1",0.00191260704095145,0.00162245887264659,0.000290148168304859,0.000290148168304859,"pc = 0.5 − pc = 0.1"
"e54514f112c0d2e2cf9be32de76bd74d","Isosphaeraceae Family","clr_0.5","clr_0.1",0.00130755282369705,0.00244007963510166,-0.00113252681140461,0.00113252681140461,"pc = 0.5 − pc = 0.1"
"0de2768e56408332050e94db50b132bc","Ilumatobacteraceae Family","clr_0.5","clr_0.1",0.00145246427621312,0.00143678384433087,1.5680431882251e-05,1.5680431882251e-05,"pc = 0.5 − pc = 0.1"
"fd4df754d86be49bd629a82ee124ae11","Comamonadaceae Family","clr_0.5","clr_0.1",0.0013559006956376,0.00139478923276488,-3.88885371272836e-05,3.88885371272836e-05,"pc = 0.5 − pc = 0.1"
"c4e72b68a0138eb7ed4ec9390f496838","Luteolibacter","clr_0.5","clr_0.1",0.00145034604798852,0.00131949662404535,0.000130849423943171,0.000130849423943171,"pc = 0.5 − pc = 0.1"
"508e4d4db7e2c0220a19fafa294e0670","Methylotenera","clr_0.5","clr_0.1",0.00112424588461381,0.00138303598753331,-0.000258790102919505,0.000258790102919505,"pc = 0.5 − pc = 0.1"
"c1c1dfe0cd247065dcc7160055106657","Rhodospirillales Order","clr_0.5","clr_0.1",0.00159131289179181,0.0014448859196964,0.000146426972095412,0.000146426972095412,"pc = 0.5 − pc = 0.1"
"ee2d56600bef5d134884d0354366d6e8","Paracaedibacteraceae Family","clr_0.5","clr_0.1",0.00128009430745425,0.00128473159793672,-4.63729048246755e-06,4.63729048246755e-06,"pc = 0.5 − pc = 0.1"
"3067f2c7606dcdd91e7f2803033e82b7","Silvanigrellaceae Family","clr_0.5","clr_0.1",0.00156704522914624,0.00190918328830774,-0.0003421380591615,0.0003421380591615,"pc = 0.5 − pc = 0.1"
"42c734e954e79fffc18510aabe34471b","OM27 clade","clr_0.5","clr_0.1",0.00123937967971885,0.00123937967971885,0,0,"pc = 0.5 − pc = 0.1"
"e0bf3607d3a5ccbac1a50f826a8e1d70","Pirellulaceae Family","clr_0.5","clr_0.1",0.00124551029666671,0.00123853668641865,6.97361024805821e-06,6.97361024805821e-06,"pc = 0.5 − pc = 0.1"
"06d00f760cc0e151c5d5e991c9034e10","SH3-11","clr_0.5","clr_0.1",0.000949907566883756,0.0010663924314292,-0.000116484864545446,0.000116484864545446,"pc = 0.5 − pc = 0.1"
"56d37d5bf0c2169e087e1488886eefde","Oxalobacteraceae Family","clr_0.5","clr_0.1",0.00115575348583581,0.00119103097016858,-3.52774843327729e-05,3.52774843327729e-05,"pc = 0.5 − pc = 0.1"
"34b262693d693a0cbf5d81d87ea6cdc3","Zavarziniales Order","clr_0.5","clr_0.1",0.00111602712673815,0.0015073461849685,-0.00039131905823035,0.00039131905823035,"pc = 0.5 − pc = 0.1"
"2593ef9eab12897237f8371e3a856adb","SM1A02","clr_0.5","clr_0.1",0.00118174993404711,0.00128912010523457,-0.00010737017118746,0.00010737017118746,"pc = 0.5 − pc = 0.1"
"3078d0e997dde104f7d25c0dd9473003","Sandarakinorhabdus","clr_0.5","clr_0.1",0.00120456867507407,0.00138968584307054,-0.000185117167996472,0.000185117167996472,"pc = 0.5 − pc = 0.1"
"f68c45909b99408dc34d145a2e374c45","alphaI cluster","clr_0.5","clr_0.1",0.0008614081145268,0.00117658958245049,-0.00031518146792369,0.00031518146792369,"pc = 0.5 − pc = 0.1"
"df824eff77d1e1a62e26119a49a422de","Comamonadaceae Family","clr_0.5","clr_0.1",0.00112661372413949,0.00120663116925239,-8.00174451129031e-05,8.00174451129031e-05,"pc = 0.5 − pc = 0.1"
"e82d519024df8980ba749ba0e7e8dbf1","Ferruginibacter","clr_0.5","clr_0.1",0.00125073145204515,0.0016716553290777,-0.000420923877032553,0.000420923877032553,"pc = 0.5 − pc = 0.1"
"978c384ac0e388f780c925653b029d19","Haliangiaceae Family","clr_0.5","clr_0.1",0.00186749100913848,0.00142427149552617,0.000443219513612313,0.000443219513612313,"pc = 0.5 − pc = 0.1"
"6c5c4773cec3a677b8e92501f98b3388","Pirellula","clr_0.5","clr_0.1",0.00108146393273264,0.0013718647555922,-0.000290400822859557,0.000290400822859557,"pc = 0.5 − pc = 0.1"
"328990122454db415c3696781e42778f","Phormidesmis","clr_0.5","clr_0.1",0.00105538616278933,0.00107179647997526,-1.64103171859276e-05,1.64103171859276e-05,"pc = 0.5 − pc = 0.1"
"254cd54eaf0e7301dc9d0c9e2dc53710","Nodosilineaceae Family","clr_0.5","clr_0.1",0.00105262748028794,0.00105262748028794,0,0,"pc = 0.5 − pc = 0.1"
"9af3467db68cf6063627304cecd46a65","Pseudomonas","clr_0.5","clr_0.1",0.00100851922587757,0.000984784728025238,2.37344978523302e-05,2.37344978523302e-05,"pc = 0.5 − pc = 0.1"
"63f6feb8129502afd0ea246b2fec0692","Rickettsiellaceae Family","clr_0.5","clr_0.1",0.00107009502433212,0.00106981639023615,2.78634095970433e-07,2.78634095970433e-07,"pc = 0.5 − pc = 0.1"
"7334cc4e674b5e9d56db1a9081437f8f","Hyphomicrobium","clr_0.5","clr_0.1",0.00091106795294543,0.000935643362989225,-2.45754100437951e-05,2.45754100437951e-05,"pc = 0.5 − pc = 0.1"
"fb9358e4192b4e3fb1a6210327ee6ff2","Parablastomonas","clr_0.5","clr_0.1",0.00142347402501262,0.000693610750166148,0.000729863274846473,0.000729863274846473,"pc = 0.5 − pc = 0.1"
"c27c683380e07dda90941851518bf036","Babeliales Order","clr_0.5","clr_0.1",0.000937728518448243,0.000953291171089116,-1.55626526408736e-05,1.55626526408736e-05,"pc = 0.5 − pc = 0.1"
"0a4893b9a6062b1e61e27c920e0e38ca","Comamonadaceae Family","clr_0.5","clr_0.1",0.000996687483721047,0.000286066561359462,0.000710620922361585,0.000710620922361585,"pc = 0.5 − pc = 0.1"
"5f168ff910ef1f6dce37cfa68e82e8d0","Polymorphobacter","clr_0.5","clr_0.1",0.00119626977655925,0.00107027147536852,0.000125998301190721,0.000125998301190721,"pc = 0.5 − pc = 0.1"
"8d4b51998b3310a1e96483dae8166a38","Candidatus Ovatusbacter","clr_0.5","clr_0.1",0.000980487159144963,0.000988742029233441,-8.2548700884779e-06,8.2548700884779e-06,"pc = 0.5 − pc = 0.1"
"d922e28fdfb36aa671e51df99219225a","Leptothrix","clr_0.5","clr_0.1",0.00088830526147113,0.000777424793103603,0.000110880468367526,0.000110880468367526,"pc = 0.5 − pc = 0.1"
"9cdde29fca3a13e2e0f5d96088860c87","Nostoc","clr_0.5","clr_0.1",0.000856702845362776,0.00103216830196007,-0.000175465456597293,0.000175465456597293,"pc = 0.5 − pc = 0.1"
"bb286c96101b73e1bb46d5ff9b9da229","Polyangium","clr_0.5","clr_0.1",0.000894556799206414,0.000911674790703488,-1.71179914970744e-05,1.71179914970744e-05,"pc = 0.5 − pc = 0.1"
"f4a774667177b16cb72b2efba954744e","Pirellulaceae Family","clr_0.5","clr_0.1",0.000909383440985224,0.000899282852956404,1.01005880288198e-05,1.01005880288198e-05,"pc = 0.5 − pc = 0.1"
"a2196497d13e4a3bd4ed23e2d2fe702c","Flavobacterium","clr_0.5","clr_0.1",0.00103219641063285,0.00107998210076909,-4.77856901362397e-05,4.77856901362397e-05,"pc = 0.5 − pc = 0.1"
"9f391663c5a41de8935c4443d7625a3d","Rhodospirillales Order","clr_0.5","clr_0.1",0.000742280677322511,0.00105681681247708,-0.000314536135154572,0.000314536135154572,"pc = 0.5 − pc = 0.1"
"556c3d1034e2eec13db898aa075da658","Candidatus Jidaibacter","clr_0.5","clr_0.1",0.000742433692838786,0.000555246974667661,0.000187186718171125,0.000187186718171125,"pc = 0.5 − pc = 0.1"
"170da4a26ca000e2245c8b471ff2fa71","NS9 marine group Family","clr_0.5","clr_0.1",0.00097624644204587,0.00100298499954619,-2.67385575003157e-05,2.67385575003157e-05,"pc = 0.5 − pc = 0.1"
"2563ceb7d15a84f5d59f225adc9b06a5","Rickettsiales Order","clr_0.5","clr_0.1",0.000964661510452747,0.00110466490964953,-0.000140003399196779,0.000140003399196779,"pc = 0.5 − pc = 0.1"
"1e6c51b99d65fb93d42ad3ff651b5763","SM2D12 Family","clr_0.5","clr_0.1",0.000775102267620086,0.000775102267620086,0,0,"pc = 0.5 − pc = 0.1"
"360106ff8200f47dee77f0f2e1d9f359","Hymenobacter","clr_0.5","clr_0.1",0.000905303686215517,0.00102991210735936,-0.000124608421143843,0.000124608421143843,"pc = 0.5 − pc = 0.1"
"c1cc6b184d817c58b7c081b5665904cb","Regnicoccus","clr_0.5","clr_0.1",0.000914120765218015,0.000980596111481747,-6.64753462637325e-05,6.64753462637325e-05,"pc = 0.5 − pc = 0.1"
"1e046bb4b737284bdbae0d7b21a6ddbe","Fibrisoma","clr_0.5","clr_0.1",0.00120250110070875,0.00119054646466826,1.19546360404944e-05,1.19546360404944e-05,"pc = 0.5 − pc = 0.1"
"27802da899201a0ce58d65877a284e0f","Anthocerotibacter","clr_0.5","clr_0.1",0.000806481516422435,0.000852782662711144,-4.63011462887091e-05,4.63011462887091e-05,"pc = 0.5 − pc = 0.1"
"35e1bbfd3ea58cec02a0fedead1ce5ce","Stenomitos","clr_0.5","clr_0.1",0.000846518358938334,0.00124247796519823,-0.000395959606259897,0.000395959606259897,"pc = 0.5 − pc = 0.1"
"ff98ab846c8f29e5e5f5cce385b28a7b","R7C24 Order","clr_0.5","clr_0.1",0.000771228593253635,0.000947712788332912,-0.000176484195079277,0.000176484195079277,"pc = 0.5 − pc = 0.1"
"5c63b3749641851b368c8a181ddf1180","Xanthobacteraceae Family","clr_0.5","clr_0.1",0.000748272030675123,0.000801340400340758,-5.30683696656346e-05,5.30683696656346e-05,"pc = 0.5 − pc = 0.1"
"3e125655918e305a3842a79b6972775f","Rhodovarius","clr_0.5","clr_0.1",0.000794681839436938,0.00132840142063681,-0.000533719581199872,0.000533719581199872,"pc = 0.5 − pc = 0.1"
"eb22cc76d6af9469a959a2c983ee518c","Pirellula","clr_0.5","clr_0.1",0.000697433890178556,0.000461224273539182,0.000236209616639374,0.000236209616639374,"pc = 0.5 − pc = 0.1"
"4101b9eb70afe9a3ed1fb4c9eeaa28c6","Fimbriiglobus","clr_0.5","clr_0.1",0.000733801072779315,0.000523067276633933,0.000210733796145382,0.000210733796145382,"pc = 0.5 − pc = 0.1"
"c91235968ea14ce60ae7e2fa8b3aadb4","Latescibacterota Phylum","clr_0.5","clr_0.1",0.000947307694310811,0.000947307694310811,0,0,"pc = 0.5 − pc = 0.1"
"fc24096138e3cf0b2775bd2b8e01b5b2","Deinococcus","clr_0.5","clr_0.1",0.000702302994551189,0.000725604863502207,-2.33018689510175e-05,2.33018689510175e-05,"pc = 0.5 − pc = 0.1"
"f9d1c92972df498000feb91016c4bcaa","Fimbriimonadaceae Family","clr_0.5","clr_0.1",0.00067181751785613,0.000948289465362876,-0.000276471947506745,0.000276471947506745,"pc = 0.5 − pc = 0.1"
"9b4645c464d957064aed5e31e37b75f9","Comamonadaceae Family","clr_0.5","clr_0.1",0.000540557519339948,0.000500601513906486,3.99560054334619e-05,3.99560054334619e-05,"pc = 0.5 − pc = 0.1"
"76a12bde0263c31c5275292cb5b1d6f2","Roseococcus","clr_0.5","clr_0.1",0.000592473527390731,0.000592473527390731,0,0,"pc = 0.5 − pc = 0.1"
"46dbf5f9971edaaf1b5f61b49edcf2cf","Leptolyngbyaceae Family","clr_0.5","clr_0.1",0.000622157741828262,0.000978790983323732,-0.00035663324149547,0.00035663324149547,"pc = 0.5 − pc = 0.1"
"481de4037ed3f3bcf51b47e548dcbd9e","Novosphingobium","clr_0.5","clr_0.1",0.000598739162905964,-2.92324813601656e-05,0.00062797164426613,0.00062797164426613,"pc = 0.5 − pc = 0.1"
"de2f81775998c151256d2a2b1ebaeee0","Rhodospirillales Order","clr_0.5","clr_0.1",0.000558409683820312,0.00103815018294845,-0.000479740499128136,0.000479740499128136,"pc = 0.5 − pc = 0.1"
"bcba47620c299fd34809f143e3d26dff","Sphingomonas","clr_0.5","clr_0.1",0.000517434755461166,0.000396609148981173,0.000120825606479993,0.000120825606479993,"pc = 0.5 − pc = 0.1"
"5750c52ff8a6d630568878d3c75f5719","Rhodovastum","clr_0.5","clr_0.1",0.000527384493483396,0.000585080867132314,-5.7696373648918e-05,5.7696373648918e-05,"pc = 0.5 − pc = 0.1"
"2f0427c95f58bc8b33730d6bebc06828","SWB02","clr_0.5","clr_0.1",0.000533332440646104,0.000381106844723357,0.000152225595922747,0.000152225595922747,"pc = 0.5 − pc = 0.1"
"906a6d27477dd504345835ee5273a72c","Pirellula","clr_0.5","clr_0.1",0.00061190680160042,0.000574362129271351,3.75446723290689e-05,3.75446723290689e-05,"pc = 0.5 − pc = 0.1"
"27bbab26402d4eec931227b41a8046a5","SM2D12 Family","clr_0.5","clr_0.1",0.000630557527248476,0.0016037548581824,-0.00097319733093392,0.00097319733093392,"pc = 0.5 − pc = 0.1"
"53835d1295531799bc64c8fd9b406ac2","Leptothrix","clr_0.5","clr_0.1",0.000547567483466629,0.000449744910263667,9.78225732029617e-05,9.78225732029617e-05,"pc = 0.5 − pc = 0.1"
"102fc16adc262f00c457357b35540be5","Rubinisphaeraceae Family","clr_0.5","clr_0.1",0.000546617834759644,0.000571004696532097,-2.43868617724534e-05,2.43868617724534e-05,"pc = 0.5 − pc = 0.1"
"92b48d9d2ebf3f4b0d153805997488d7","Rhodospirillales Order","clr_0.5","clr_0.1",0.000563253555273487,0.000924953658748198,-0.000361700103474711,0.000361700103474711,"pc = 0.5 − pc = 0.1"
"92886da043b3cfb88c385fc9b72752d5","Panacibacter","clr_0.5","clr_0.1",0.000541023666469297,0.00250836337030662,-0.00196733970383733,0.00196733970383733,"pc = 0.5 − pc = 0.1"
"134bdbaec661c28d109690d78b59214b","Saprospiraceae Family","clr_0.5","clr_0.1",0.000505178910511188,0.000287455837345056,0.000217723073166132,0.000217723073166132,"pc = 0.5 − pc = 0.1"
"092110610de5665acc86a85cfa7a1192","Polaromonas","clr_0.5","clr_0.1",0.000424916188756274,0.000477317421452463,-5.24012326961897e-05,5.24012326961897e-05,"pc = 0.5 − pc = 0.1"
"54658c5cabc3c6c07f1e6556120cc99c","Rhizobacter","clr_0.5","clr_0.1",0.000474340662520491,0.000135692134930933,0.000338648527589558,0.000338648527589558,"pc = 0.5 − pc = 0.1"
"500fb8b8ee8585ac51166621f12ba6c1","Spirosomataceae Family","clr_0.5","clr_0.1",0.000423263376915277,0.000446303414655624,-2.30400377403471e-05,2.30400377403471e-05,"pc = 0.5 − pc = 0.1"
"51b9a2e379c2555a3774ef13e9aac08d","alphaI cluster","clr_0.5","clr_0.1",0.000486924197333368,1.27492948339301e-05,0.000474174902499437,0.000474174902499437,"pc = 0.5 − pc = 0.1"
"69e49e83ce1d7c260ab365773d82ed94","Phreatobacter","clr_0.5","clr_0.1",0.000505077974127689,2.73244883844636e-05,0.000477753485743226,0.000477753485743226,"pc = 0.5 − pc = 0.1"
"60c62612dc5338eb921aa2f7d765ae55","Cephaloticoccus","clr_0.5","clr_0.1",0.000433276716495032,0.00122870378679331,-0.000795427070298281,0.000795427070298281,"pc = 0.5 − pc = 0.1"
"129ef8665d470f7e31e3ddbdb6dd47b4","Oculatellaceae Family","clr_0.5","clr_0.1",0.000398516071013123,0.000465989600927923,-6.74735299148004e-05,6.74735299148004e-05,"pc = 0.5 − pc = 0.1"
"56483f8000e7a15a0ef8932e02cff7c4","Micavibrionales Order","clr_0.5","clr_0.1",0.000410788219069836,0.000252781738084709,0.000158006480985128,0.000158006480985128,"pc = 0.5 − pc = 0.1"
"26915c3209ae35ef27dd02617e8d7d91","Sphingorhabdus","clr_0.5","clr_0.1",0.00038373379180293,0.000494603234808715,-0.000110869443005785,0.000110869443005785,"pc = 0.5 − pc = 0.1"
"b20a5bb96396ea08495298fc1a90c26b","Parablastomonas","clr_0.5","clr_0.1",0.00040620142410497,0.000631020828668023,-0.000224819404563053,0.000224819404563053,"pc = 0.5 − pc = 0.1"
"d7df8a68ccfac5afb8ff817e0f532385","Pedosphaeraceae Family","clr_0.5","clr_0.1",0.00033382644960454,-3.83017341182209e-05,0.000372128183722761,0.000372128183722761,"pc = 0.5 − pc = 0.1"
"cf42bf36050435362713d9a47b22f948","Parvibium","clr_0.5","clr_0.1",0.000360542682541942,0.000294481989765973,6.60606927759692e-05,6.60606927759692e-05,"pc = 0.5 − pc = 0.1"
"dc17a99d06059905b9fe7239b0b6072a","Gemmataceae Family","clr_0.5","clr_0.1",0.000349526882390233,2.65553455357637e-06,0.000346871347836656,0.000346871347836656,"pc = 0.5 − pc = 0.1"
"d74e073ecdeaccac7fc62dae8c532684","Acetobacteraceae Family","clr_0.5","clr_0.1",0.000306630487454403,0.000721311951582516,-0.000414681464128113,0.000414681464128113,"pc = 0.5 − pc = 0.1"
"544ad0fe7ff864b6f888b8cde90ed6cc","Leptothrix","clr_0.5","clr_0.1",0.000234577256538035,-0.000121658334047044,0.000356235590585079,0.000356235590585079,"pc = 0.5 − pc = 0.1"
"edb114398ced5bf958f4f404493a6642","Haliscomenobacter","clr_0.5","clr_0.1",0.000250118254814024,0.000309824091959955,-5.97058371459315e-05,5.97058371459315e-05,"pc = 0.5 − pc = 0.1"
"5da845af2892f5c8fd8161364c7b4997","Sandarakinorhabdus","clr_0.5","clr_0.1",0.000274747426392761,0.00118063755745268,-0.000905890131059918,0.000905890131059918,"pc = 0.5 − pc = 0.1"
"a4d78f7aef21dccbf726791e103fc440","Comamonadaceae Family","clr_0.5","clr_0.1",0.000361471128993775,0.000391273145644076,-2.98020166503007e-05,2.98020166503007e-05,"pc = 0.5 − pc = 0.1"
"8f0fb68673a8b3c26f3fd210e29b7916","Clostridium","clr_0.5","clr_0.1",0.000305020448167246,0.000608116794606952,-0.000303096346439706,0.000303096346439706,"pc = 0.5 − pc = 0.1"
"84e1f74b7363f0321d0df8986283c5fa","Nannocystis","clr_0.5","clr_0.1",0.000302124666243137,0.000600107852504542,-0.000297983186261405,0.000297983186261405,"pc = 0.5 − pc = 0.1"
"bb7f85879d3368b4cb7312e19bddcd5c","Candidatus Paracaedibacter","clr_0.5","clr_0.1",0.000300046226020344,0.000512165665071634,-0.00021211943905129,0.00021211943905129,"pc = 0.5 − pc = 0.1"
"71ea54160cc86ce702cedff2acd9c71b","Microscillaceae Family","clr_0.5","clr_0.1",0.000250506259994018,0.000597466991200764,-0.000346960731206746,0.000346960731206746,"pc = 0.5 − pc = 0.1"
"58233cde931d4317c4aec4e9d3ad14f3","FukuN18 freshwater group","clr_0.5","clr_0.1",0.000422389849800541,0.000479072111486445,-5.66822616859034e-05,5.66822616859034e-05,"pc = 0.5 − pc = 0.1"
"23a4b6bc2c58466eb2b87814a8ebbbf7","Comamonadaceae Family","clr_0.5","clr_0.1",0.000416231553378177,-7.33048574936589e-05,0.000489536410871836,0.000489536410871836,"pc = 0.5 − pc = 0.1"
"1a44b9628088d4f47816066198670b8e","SM2D12 Family","clr_0.5","clr_0.1",0.000279070859782995,0.00112768818243712,-0.00084861732265412,0.00084861732265412,"pc = 0.5 − pc = 0.1"
"e8d79105228061b51c142e647eec6c36","Candidatus Captivus","clr_0.5","clr_0.1",0.0002624707739323,0.0002624707739323,0,0,"pc = 0.5 − pc = 0.1"
"794fea1efb1825bf0a088dd1c923bca0","Candidatus Amoebophilus","clr_0.5","clr_0.1",0.000435259193618641,0.000208873321619341,0.0002263858719993,0.0002263858719993,"pc = 0.5 − pc = 0.1"
"8d86c76119abb8cee5563d24dfd5019c","Sphingomonadaceae Family","clr_0.5","clr_0.1",0.000271962729483302,0.000531956783425994,-0.000259994053942692,0.000259994053942692,"pc = 0.5 − pc = 0.1"
"9b3becce3e5841cf9cd818eda34e6f49","NS9 marine group Family","clr_0.5","clr_0.1",0.000191667629563571,0.000194831754024113,-3.164124460542e-06,3.164124460542e-06,"pc = 0.5 − pc = 0.1"
"59a4106242bad7608ed5334a3e3ad618","Aphanizomenon","clr_0.5","clr_0.1",0.000361323030436399,0.000128295618758908,0.000233027411677491,0.000233027411677491,"pc = 0.5 − pc = 0.1"
"37bdabb058fbb4b5d00262bdfa49bff6","Phenylobacterium","clr_0.5","clr_0.1",0.000260324209355916,0.000791167284574132,-0.000530843075218216,0.000530843075218216,"pc = 0.5 − pc = 0.1"
"dfa55444de9e265475ced8f630cda4a2","Aurantisolimonas","clr_0.5","clr_0.1",0.000257053484373211,0.00023010636733944,2.69471170337709e-05,2.69471170337709e-05,"pc = 0.5 − pc = 0.1"
"8afb445ed3cdc963718ea8a09d66617b","Fimbriimonadaceae Family","clr_0.5","clr_0.1",0.000532814360580949,0.000463878040230369,6.89363203505795e-05,6.89363203505795e-05,"pc = 0.5 − pc = 0.1"
"ad9cc38b5ccf51413138567ba4f60b42","Babeliales Order","clr_0.5","clr_0.1",0.000354232714335775,0.000609114745164058,-0.000254882030828283,0.000254882030828283,"pc = 0.5 − pc = 0.1"
"73ab6d6608a93a7bc935f8048997c6fc","Rhodospirillales Order","clr_0.5","clr_0.1",0.0003002391646675,0.000313181108401164,-1.29419437336645e-05,1.29419437336645e-05,"pc = 0.5 − pc = 0.1"
"38f0c358f69c2812f607221459e7dd9e","Microscillaceae Family","clr_0.5","clr_0.1",-1.71959760248148e-06,0.00065956546626762,-0.000661285063870101,0.000661285063870101,"pc = 0.5 − pc = 0.1"
"4c06bb79b0e22b616bf426c36315a839","Sumerlaea","clr_0.5","clr_0.1",0.000231673781026794,0.000409642079015473,-0.000177968297988679,0.000177968297988679,"pc = 0.5 − pc = 0.1"
"d68f525366c1dfdc0984a90b89867e95","Longivirga","clr_0.5","clr_0.1",0.000113720650621149,0.00019991152893593,-8.61908783147808e-05,8.61908783147808e-05,"pc = 0.5 − pc = 0.1"
"8bb2644d07ddab844c3ce80e74d8bba2","Pedosphaeraceae Family","clr_0.5","clr_0.1",0.000542618002728137,0.000790297377871963,-0.000247679375143826,0.000247679375143826,"pc = 0.5 − pc = 0.1"
"fd114ad6491bbfce6cc14cfaba316b67","Hyphomicrobiaceae Family","clr_0.5","clr_0.1",0.000216729935699276,0.000216729935699276,0,0,"pc = 0.5 − pc = 0.1"
"3a6e99903dd0d336c713866f52bd4244","Saprospiraceae Family","clr_0.5","clr_0.1",0.000197294930304636,0.000197294930304636,0,0,"pc = 0.5 − pc = 0.1"
"f505befbe1ca7e2f81e475fa9e2fcc98","Caulobacter","clr_0.5","clr_0.1",0.000178394296023684,0.000184963822031912,-6.56952600822832e-06,6.56952600822832e-06,"pc = 0.5 − pc = 0.1"
"f672aa3aea2d03f0b297739022e9b716","Comamonadaceae Family","clr_0.5","clr_0.1",0.000191271718477957,0.000101158872572949,9.01128459050076e-05,9.01128459050076e-05,"pc = 0.5 − pc = 0.1"
"44a35eb59d737efb374c824f37927592","Phaselicystis","clr_0.5","clr_0.1",0.000172236164430768,0.000187227197500101,-1.49910330693332e-05,1.49910330693332e-05,"pc = 0.5 − pc = 0.1"
"ebb58c2ffbbb54748fa6385f9d3224df","Sphingomonadaceae Family","clr_0.5","clr_0.1",0.000283092017901612,0.000305533133958339,-2.24411160567276e-05,2.24411160567276e-05,"pc = 0.5 − pc = 0.1"
"eddfa9460b8fe2df12344f6da501b116","Rhizobacter","clr_0.5","clr_0.1",-6.33521618669589e-05,-5.15889700142447e-05,-1.17631918527142e-05,1.17631918527142e-05,"pc = 0.5 − pc = 0.1"
"0d9a85a8f16a66d5dc0e5eacea0c4d39","Candidatus Paracaedibacter","clr_0.5","clr_0.1",0.000160047443618684,0.000149726608556252,1.03208350624317e-05,1.03208350624317e-05,"pc = 0.5 − pc = 0.1"
"7f60fc3cb896896f7bdb1eca264a3682","CL500-3","clr_0.5","clr_0.1",0.000136954953677991,0.00020096909763013,-6.40141439521397e-05,6.40141439521397e-05,"pc = 0.5 − pc = 0.1"
"214496ebb8360b204e3f3a03d8641287","P3OB-42","clr_0.5","clr_0.1",0.000298905402361444,0.000662589547531265,-0.000363684145169821,0.000363684145169821,"pc = 0.5 − pc = 0.1"
"0d7eacfd4c0aa8f5967e44aebcfea42f","Gemmata","clr_0.5","clr_0.1",0.0001363519081972,0.000272147615483556,-0.000135795707286356,0.000135795707286356,"pc = 0.5 − pc = 0.1"
"9cde2373849523d28439507aa5411277","Haliscomenobacter","clr_0.5","clr_0.1",0.000131580444367915,0.000101650209147921,2.99302352199936e-05,2.99302352199936e-05,"pc = 0.5 − pc = 0.1"
"352dde756d6eb85c2bcf05904b621f64","Emticicia","clr_0.5","clr_0.1",0.00012821135444685,0.000149501579903512,-2.12902254566616e-05,2.12902254566616e-05,"pc = 0.5 − pc = 0.1"
"55fba7b4dd6e9303c85c5a54e0251df2","Pirellulaceae Family","clr_0.5","clr_0.1",0.000248829791028855,0.000100467404705823,0.000148362386323032,0.000148362386323032,"pc = 0.5 − pc = 0.1"
"1b2727d9a46ce2983121fa1070af2580","Fimbriimonadaceae Family","clr_0.5","clr_0.1",5.84554365189273e-05,5.84554365189273e-05,0,0,"pc = 0.5 − pc = 0.1"
"0c3800224e14775f2abb6f91ff7450cf","Fimbriiglobus","clr_0.5","clr_0.1",5.79343764750744e-05,5.79343764750744e-05,0,0,"pc = 0.5 − pc = 0.1"
"2bd79804ec25f3151f8ec3f31c842dd0","Rhodovarius","clr_0.5","clr_0.1",0.000119327577293841,0.000382026647829932,-0.000262699070536091,0.000262699070536091,"pc = 0.5 − pc = 0.1"
"51af2c92d5b41fee1ef860eb59eee9d7","Vulcanococcus","clr_0.5","clr_0.1",0.000111850793501992,1.59185195929055e-05,9.59322739090869e-05,9.59322739090869e-05,"pc = 0.5 − pc = 0.1"
"cec149633e0b0da85f255e25176e291b","BD1-7 clade","clr_0.5","clr_0.1",0.000111259546802048,0.000278220361153183,-0.000166960814351135,0.000166960814351135,"pc = 0.5 − pc = 0.1"
"482f65b152c5702150de2b27ea2c9521","Endobacter","clr_0.5","clr_0.1",6.43437976906264e-05,0.000206789211827701,-0.000142445414137074,0.000142445414137074,"pc = 0.5 − pc = 0.1"
"dd0a8be594bd6d7f08121de2aa5df471","Anagnostidinema","clr_0.5","clr_0.1",0.000111163112236464,0.000111163112236464,0,0,"pc = 0.5 − pc = 0.1"
"e8724520788bb38a7f9d22c91318f016","Rhizobacter","clr_0.5","clr_0.1",9.13548858964042e-05,-0.000131086252542219,0.000222441138438623,0.000222441138438623,"pc = 0.5 − pc = 0.1"
"3c0cdd40fd8071ed3f6adecf11b9c773","cvE6 Family","clr_0.5","clr_0.1",0.000178015676385969,0.000146315379822681,3.17002965632885e-05,3.17002965632885e-05,"pc = 0.5 − pc = 0.1"
"ea4317d7222c2b5526d500d503663459","Aphanizomenonaceae Family","clr_0.5","clr_0.1",0.000103012989796745,7.9254874811514e-05,2.37581149852315e-05,2.37581149852315e-05,"pc = 0.5 − pc = 0.1"
"e78c94e8f7c6c1433223d448ac441301","Gemmataceae Family","clr_0.5","clr_0.1",0.000101438281680845,0.000101438281680845,0,0,"pc = 0.5 − pc = 0.1"
"3fd07b98dedfbc282868e5061f99eb3e","Bryobacter","clr_0.5","clr_0.1",0.000168999573787273,0.000176560231969855,-7.56065818258156e-06,7.56065818258156e-06,"pc = 0.5 − pc = 0.1"
"19f9f30d5492ed1f3f968da3d20389b1","Gemmataceae Family","clr_0.5","clr_0.1",9.61217087894368e-05,9.47187020334595e-05,1.40300675597736e-06,1.40300675597736e-06,"pc = 0.5 − pc = 0.1"
"2e63a346769e0a62350ceaec77aece4d","RS25G","clr_0.5","clr_0.1",0.000134546247028887,-4.80486499510272e-05,0.000182594896979914,0.000182594896979914,"pc = 0.5 − pc = 0.1"
"ceec694515496f505e8a0495faadf135","Gemmata","clr_0.5","clr_0.1",8.6697066081702e-05,0,8.6697066081702e-05,8.6697066081702e-05,"pc = 0.5 − pc = 0.1"
"f9431bfa2ecf5582f3368530f500f360","Cephaloticoccus","clr_0.5","clr_0.1",8.47847818243047e-05,9.64101986268873e-05,-1.16254168025827e-05,1.16254168025827e-05,"pc = 0.5 − pc = 0.1"
"32181b006051d0c53a829c211710b508","AAP99","clr_0.5","clr_0.1",2.79088894469008e-05,0.000519031145957787,-0.000491122256510886,0.000491122256510886,"pc = 0.5 − pc = 0.1"
"ab4793724d4650358e1d40f5cb713049","Pseudanabaena","clr_0.5","clr_0.1",0.000110512111489648,0.000819083379065317,-0.000708571267575669,0.000708571267575669,"pc = 0.5 − pc = 0.1"
"6744ece1fbad79599edb11f29b59a918","Haliscomenobacter","clr_0.5","clr_0.1",4.47746142512873e-05,0.00222320168228711,-0.00217842706803582,0.00217842706803582,"pc = 0.5 − pc = 0.1"
"2ca2d98e0489dc0314d8c79541be9115","Emticicia","clr_0.5","clr_0.1",8.0430528334382e-05,0.000336485557557391,-0.000256055029223009,0.000256055029223009,"pc = 0.5 − pc = 0.1"
"f4141d8bac0c1aa1a889524533e7c9d9","Aquabacterium","clr_0.5","clr_0.1",9.5046996674666e-05,-0.000129168366589941,0.000224215363264607,0.000224215363264607,"pc = 0.5 − pc = 0.1"
"0ea1dc2365236a4157aaae6a095fdfdd","Fibrella","clr_0.5","clr_0.1",6.73626187189041e-05,-0.000103238064956761,0.000170600683675665,0.000170600683675665,"pc = 0.5 − pc = 0.1"
"0a773ec23d772b90f5c06258c6a4c659","Candidatus Nitrosoarchaeum","clr_0.5","clr_0.1",7.32044595462678e-05,0.000106280871538229,-3.30764119919615e-05,3.30764119919615e-05,"pc = 0.5 − pc = 0.1"
"2d2cfe3970153f65df6fb6d1a6da95cf","Chitinophagaceae Family","clr_0.5","clr_0.1",-2.16789164729425e-05,5.70941861580242e-05,-7.87731026309667e-05,7.87731026309667e-05,"pc = 0.5 − pc = 0.1"
"9b596b9eb067d0ee46fb12b98a26ca77","Pseudanabaena","clr_0.5","clr_0.1",3.9567462152843e-05,-0.000104281795512412,0.000143849257665255,0.000143849257665255,"pc = 0.5 − pc = 0.1"
"7bd2131216dd6bd467970699d35a617b","Roseicella","clr_0.5","clr_0.1",-1.38328561372025e-05,-5.78281104267282e-05,4.39952542895257e-05,4.39952542895257e-05,"pc = 0.5 − pc = 0.1"
"47f280a62d3cbe2edbfada40370a17d4","Caedibacter","clr_0.5","clr_0.1",-2.75030399796321e-06,-4.85517947732866e-05,4.58014907753234e-05,4.58014907753234e-05,"pc = 0.5 − pc = 0.1"
"7103737162d2f1b8f90c0ed9364846b6","Pirellula","clr_0.5","clr_0.1",1.86131530426211e-05,1.86131530426211e-05,0,0,"pc = 0.5 − pc = 0.1"
"5904ccb9b6ba59aaefedb22379ee4f15","Tundrisphaera","clr_0.5","clr_0.1",3.11332702099636e-05,0.00020951825485656,-0.000178384984646596,0.000178384984646596,"pc = 0.5 − pc = 0.1"
"76363618e6a55a0556fa9cdda32b9519","Ellin6067","clr_0.5","clr_0.1",6.04031409566042e-05,0.000626570398220068,-0.000566167257263464,0.000566167257263464,"pc = 0.5 − pc = 0.1"
"04ecfad5772d2e09a84a0f5ef460536c","Methylobacterium","clr_0.5","clr_0.1",-5.08512869908631e-05,-0.000216842224022587,0.000165990937031724,0.000165990937031724,"pc = 0.5 − pc = 0.1"
"1a9d57d26606ba207da37f78a8ff2c58","Pseudanabaena","clr_0.5","clr_0.1",4.21729877741861e-05,0.000939658411177832,-0.000897485423403646,0.000897485423403646,"pc = 0.5 − pc = 0.1"
"65f55015ddc161df29ad55e9a337e21e","Rhizorhapis","clr_0.5","clr_0.1",3.0425922278959e-05,2.50970196407974e-07,3.0174952082551e-05,3.0174952082551e-05,"pc = 0.5 − pc = 0.1"
"99e5a1f89bd0985c7232e7288b0bbb0c","Mycobacterium","clr_0.5","clr_0.1",-0.000260723401823302,-0.00031791102966258,5.71876278392776e-05,5.71876278392776e-05,"pc = 0.5 − pc = 0.1"
"55954ea021303330f19413b0882998fe","Rickettsiellaceae Family","clr_0.5","clr_0.1",6.14598973473655e-05,5.01945267147382e-05,1.12653706326273e-05,1.12653706326273e-05,"pc = 0.5 − pc = 0.1"
"1bb52bd81aefa324a62f91eb110a3665","Phreatobacter","clr_0.5","clr_0.1",3.80191221326734e-05,-9.03483463951844e-05,0.000128367468527858,0.000128367468527858,"pc = 0.5 − pc = 0.1"
"5a437028af9e0a2acd9a42474b7c6310","Acetobacteraceae Family","clr_0.5","clr_0.1",3.65515289538371e-05,3.65515289538371e-05,-1.35525271560688e-20,1.35525271560688e-20,"pc = 0.5 − pc = 0.1"
"7ef48551cce7e0d840508208665333f5","Gemmatimonadaceae Family","clr_0.5","clr_0.1",3.48198582015848e-05,1.30411494276199e-05,2.17787087739649e-05,2.17787087739649e-05,"pc = 0.5 − pc = 0.1"
"113ea0d9a4d6d3e459760656562b5ddd","Dolichospermum","clr_0.5","clr_0.1",1.30102958394594e-05,2.88776388448238e-06,1.0122531954977e-05,1.0122531954977e-05,"pc = 0.5 − pc = 0.1"
"4ac5c0466efedd0f4daad46f23131a3f","Comamonadaceae Family","clr_0.5","clr_0.1",3.23972722085506e-05,-1.28256502109686e-05,4.52229224195192e-05,4.52229224195192e-05,"pc = 0.5 − pc = 0.1"
"08e95f8aadda45f7fa04b997b0579b10","A0839 Family","clr_0.5","clr_0.1",0,2.57479189933993e-06,-2.57479189933993e-06,2.57479189933993e-06,"pc = 0.5 − pc = 0.1"
"72d690501e343840c31a1f7abf932868","LiUU-11-161 Family","clr_0.5","clr_0.1",-0.000191413682552919,-8.88300092962442e-05,-0.000102583673256675,0.000102583673256675,"pc = 0.5 − pc = 0.1"
"fca1ed7792b0c80cd00c60203ba400e8","Flavobacterium","clr_0.5","clr_0.1",2.79973798779681e-05,-4.19498841359098e-05,6.99472640138779e-05,6.99472640138779e-05,"pc = 0.5 − pc = 0.1"
"0a165844daf38d8ce2008c94a5b4565e","Sphingomonas","clr_0.5","clr_0.1",0.000167135323993838,2.29799622791478e-05,0.00014415536171469,0.00014415536171469,"pc = 0.5 − pc = 0.1"
"7148f89a064752c2b79f8b43fcfdf028","Rickettsiellaceae Family","clr_0.5","clr_0.1",-1.71696756418833e-05,-1.71696756418833e-05,0,0,"pc = 0.5 − pc = 0.1"
"04facf4c669643499ce14739914e4d67","Ellin6067","clr_0.5","clr_0.1",2.43554502382768e-05,5.17614321968485e-05,-2.74059819585717e-05,2.74059819585717e-05,"pc = 0.5 − pc = 0.1"
"e9307278210409536f907f7fd741e075","Gemmatimonas","clr_0.5","clr_0.1",-1.54085703729323e-05,-0.000154762413903701,0.000139353843530769,0.000139353843530769,"pc = 0.5 − pc = 0.1"
"34ff5f6b4b552d776baab0e35b5dc29d","SH3-11","clr_0.5","clr_0.1",1.1319308719306e-05,1.1319308719306e-05,0,0,"pc = 0.5 − pc = 0.1"
"53ca06737199ee3678325edb8269c6a0","Pedomicrobium","clr_0.5","clr_0.1",0.000160191276399188,6.58655114665965e-05,9.43257649325918e-05,9.43257649325918e-05,"pc = 0.5 − pc = 0.1"
"6510fa10b181e1f66b763278c64bf2ed","Ferruginibacter","clr_0.5","clr_0.1",1.1288071926831e-05,2.69390909514769e-05,-1.5651019024646e-05,1.5651019024646e-05,"pc = 0.5 − pc = 0.1"
"f574db6bef285785a0be2afa96c81b03","Gemmata","clr_0.5","clr_0.1",0,-5.00260910370535e-05,5.00260910370535e-05,5.00260910370535e-05,"pc = 0.5 − pc = 0.1"
"ef24d427e3b1d810ed78fd31347e4252","Acetobacteraceae Family","clr_0.5","clr_0.1",-4.25864203177184e-05,5.97411875797882e-05,-0.000102327607897507,0.000102327607897507,"pc = 0.5 − pc = 0.1"
"cbd7f44bbfb028040dd62e6da57bf2a7","P3OB-42","clr_0.5","clr_0.1",5.79153484623295e-06,5.79153484623295e-06,0,0,"pc = 0.5 − pc = 0.1"
"1e58e379b70b6355a45ce1a2c36ae8ab","Rhodospirillales Order","clr_0.5","clr_0.1",-1.69236602163535e-05,0,-1.69236602163535e-05,1.69236602163535e-05,"pc = 0.5 − pc = 0.1"
"7cd2d6c584c538d8415b48f17188c5d6","Aquicella","clr_0.5","clr_0.1",1.24205026232729e-06,1.41844304435452e-05,-1.29423801812179e-05,1.29423801812179e-05,"pc = 0.5 − pc = 0.1"
"6cc3d9a85641e773e9dc4fcb97e40bea","Massilia","clr_0.5","clr_0.1",1.24134124604276e-06,1.24134124604276e-06,0,0,"pc = 0.5 − pc = 0.1"
"a088b189e45f8f5c38cc891834db8035","Candidatus Nitrosoarchaeum","clr_0.5","clr_0.1",2.15683054758669e-05,-0.000103337366572768,0.000124905672048634,0.000124905672048634,"pc = 0.5 − pc = 0.1"
"4066bd673ae4accaad3d8a94bcdb2d24","Microcystaceae Family","clr_0.5","clr_0.1",0,6.01753291205752e-05,-6.01753291205752e-05,6.01753291205752e-05,"pc = 0.5 − pc = 0.1"
"525db61ccb1ba70de183da8e90728f98","Polymorphobacter","clr_0.5","clr_0.1",6.16905685860047e-07,1.50422993236523e-05,-1.44253936377923e-05,1.44253936377923e-05,"pc = 0.5 − pc = 0.1"
"91b6ecde35c8798c2d40e3bb81c49994","SWB02","clr_0.5","clr_0.1",0,0.000200574358010611,-0.000200574358010611,0.000200574358010611,"pc = 0.5 − pc = 0.1"
"c24525e8eccad35e27387f77998cbd04","Paracaedibacteraceae Family","clr_0.5","clr_0.1",0,2.694877601132e-06,-2.694877601132e-06,2.694877601132e-06,"pc = 0.5 − pc = 0.1"
"a71c2b364419addf3c4a76844f1355fc","Limnohabitans","clr_0.5","clr_0.1",0,2.66731408204974e-05,-2.66731408204974e-05,2.66731408204974e-05,"pc = 0.5 − pc = 0.1"
"8df5a5aaa4151285e928fba5be95a4d3","Rubrivivax","clr_0.5","clr_0.1",8.653724881146e-05,8.36751109397294e-05,2.86213787173061e-06,2.86213787173061e-06,"pc = 0.5 − pc = 0.1"
"6e6f306a337ba255a7f4a7f8469ff691","Cellvibrio","clr_0.5","clr_0.1",0,2.03569895881735e-05,-2.03569895881735e-05,2.03569895881735e-05,"pc = 0.5 − pc = 0.1"
"7558ae080e554f69632fa9f0078925a8","SM2D12 Family","clr_0.5","clr_0.1",2.31621674618134e-05,0,2.31621674618134e-05,2.31621674618134e-05,"pc = 0.5 − pc = 0.1"
"48e44d7f0b561b30935a67c41c75101d","Chthoniobacter","clr_0.5","clr_0.1",5.49176468723422e-05,0.00138875645562202,-0.00133383880874968,0.00133383880874968,"pc = 0.5 − pc = 0.1"
"f04a2d7063257d451dee16f014b55e63","Snowella","clr_0.5","clr_0.1",-2.5502015275153e-05,0.000496303275881031,-0.000521805291156184,0.000521805291156184,"pc = 0.5 − pc = 0.1"
"5d5436b14b5044bb09cdb96aa65fe217","Gammaproteobacteria Class","clr_0.5","clr_0.1",-5.55999992745162e-05,0.00038038457716604,-0.000435984576440556,0.000435984576440556,"pc = 0.5 − pc = 0.1"
"e7bf8b888611a3cd1b5c84cdcd76321f","Aggregatilineaceae Family","clr_0.5","clr_0.1",-0.000115107534990554,9.36737215080008e-05,-0.000208781256498555,0.000208781256498555,"pc = 0.5 − pc = 0.1"
"4078fc5ccccbf133e10b6bf4f6461c02","Pirellula","clr_0.5","clr_0.1",0.000325256091663867,-0.000242040755276737,0.000567296846940604,0.000567296846940604,"pc = 0.5 − pc = 0.1"
"3bd964f1262d70ed0e2b2f2d5e53d9ca","Fimbriiglobus","clr_0.5","clr_0.1",1.25660831552274e-05,-3.09631556413997e-05,4.35292387966271e-05,4.35292387966271e-05,"pc = 0.5 − pc = 0.1"
"ad9e0017fee8f1eaaf3c142b2c9fa459","Hirschia","clr_0.5","clr_0.1",0,6.49312663676288e-05,-6.49312663676288e-05,6.49312663676288e-05,"pc = 0.5 − pc = 0.1"
"7a58a670654e91eb7bbbb340f5221038","Pseudanabaenaceae_X","clr_0.5","clr_0.1",8.1908816604043e-05,9.7368723952139e-06,7.21719442088291e-05,7.21719442088291e-05,"pc = 0.5 − pc = 0.1"
"9b3fa36ed2c09a6975b78f7855af2106","Rhodovarius","clr_0.5","clr_0.1",-5.32471653462373e-05,0.000117822408141755,-0.000171069573487992,0.000171069573487992,"pc = 0.5 − pc = 0.1"
"02b4cbe5c2955ab2f66dc82cdf6dad64","Aquabacterium","clr_0.5","clr_0.1",-9.41919891361187e-06,2.11599461958352e-05,-3.0579145109447e-05,3.0579145109447e-05,"pc = 0.5 − pc = 0.1"
"70aa67c9ba5ae917f70f89ea766f68ec","Pseudanabaenaceae_X","clr_0.5","clr_0.1",5.95910757036751e-05,0.000155966320156035,-9.63752444523603e-05,9.63752444523603e-05,"pc = 0.5 − pc = 0.1"
"103ad5940ac3b635fa0afe4680cbc582","Leptothrix","clr_0.5","clr_0.1",-4.6308963547368e-05,8.0335482985042e-05,-0.00012664444653241,0.00012664444653241,"pc = 0.5 − pc = 0.1"
"7de8357661e8182771db98b376924183","Ideonella","clr_0.5","clr_0.1",2.58297148198547e-05,0,2.58297148198547e-05,2.58297148198547e-05,"pc = 0.5 − pc = 0.1"
"8d32cb7d685931e9669b78d2cde217c5","Polymorphobacter","clr_0.5","clr_0.1",-8.01711478646219e-05,0.00013792200372066,-0.000218093151585282,0.000218093151585282,"pc = 0.5 − pc = 0.1"
"5db99293e9b1fc0a4ffea5bfc8dad05a","Anthocerotibacter","clr_0.5","clr_0.1",-0.000139217396979392,0.000363364826800048,-0.000502582223779441,0.000502582223779441,"pc = 0.5 − pc = 0.1"
"57b92326c77017ea2f2bda05f0b71a66","Armatimonas","clr_0.5","clr_0.1",-6.07791942922717e-06,4.28343208840625e-05,-4.89122403132897e-05,4.89122403132897e-05,"pc = 0.5 − pc = 0.1"
"241dabd4901db50f657e8e9e90977528","Oligoflexaceae Family","clr_0.5","clr_0.1",2.01155871033045e-05,2.01155871033045e-05,0,0,"pc = 0.5 − pc = 0.1"
"726adcf2c36b8506b1618c939afc6308","Fimbriiglobus","clr_0.5","clr_0.1",-9.32123366099633e-05,0.000103013299742605,-0.000196225636352568,0.000196225636352568,"pc = 0.5 − pc = 0.1"
"bd9fb85fbc617c063ef39df89e371752","Fimbriimonadaceae Family","clr_0.5","clr_0.1",-0.000108683774993841,0.000540057301595043,-0.000648741076588884,0.000648741076588884,"pc = 0.5 − pc = 0.1"
"23b1bba87afc0a8c4e389513c03080fa","Zavarzinella","clr_0.5","clr_0.1",-0.000152269759011194,1.94515782610994e-05,-0.000171721337272294,0.000171721337272294,"pc = 0.5 − pc = 0.1"
"772ad1eb60ac8444ec6adcaf9e9777c7","Spirochaeta 2","clr_0.5","clr_0.1",-0.000140613373611754,0.00037663637051535,-0.000517249744127105,0.000517249744127105,"pc = 0.5 − pc = 0.1"
"cc363a9ccd3549e646859ab1ffe9d460","Sandaracinus","clr_0.5","clr_0.1",-4.36591187150765e-05,0.000691562564671797,-0.000735221683386874,0.000735221683386874,"pc = 0.5 − pc = 0.1"
"e52edce2ac7c8fd252c75a75d8e4275a","Acetobacteraceae Family","clr_0.5","clr_0.1",-0.000254251472466433,0.000330946153376428,-0.000585197625842861,0.000585197625842861,"pc = 0.5 − pc = 0.1"
"443cbb31543da9477f5472d3e3b7898d","Rickettsiaceae Family","clr_0.5","clr_0.1",-5.32846979890494e-05,0.000479192983583871,-0.00053247768157292,0.00053247768157292,"pc = 0.5 − pc = 0.1"
"1d3e0cdf9eccf08a3acf22aa5a777512","Leptothrix","clr_0.5","clr_0.1",5.53693776747157e-05,-3.10874412566314e-05,8.64568189313471e-05,8.64568189313471e-05,"pc = 0.5 − pc = 0.1"
"cd3e034e9f02f18c99993b609fee4fa8","Dolichospermum","clr_0.5","clr_0.1",-0.000225577599883348,5.327618820139e-05,-0.000278853788084738,0.000278853788084738,"pc = 0.5 − pc = 0.1"
"7069712c1deee58d640df6a9cbe743dd","Polaromonas","clr_0.5","clr_0.1",-0.000336528194251645,0.00153240103143123,-0.00186892922568288,0.00186892922568288,"pc = 0.5 − pc = 0.1"
"d0c787f177dccc8f247649354da0273e","OM27 clade","clr_0.5","clr_0.1",-0.000248920322550459,0.000850044912330953,-0.00109896523488141,0.00109896523488141,"pc = 0.5 − pc = 0.1"
"653334c36340a20181971e05d9b4e110","Rhodoferax","clr_0.5","clr_0.1",-0.000218346730074118,0.00010872387520866,-0.000327070605282778,0.000327070605282778,"pc = 0.5 − pc = 0.1"
"571bd9d7ac39f0ce24aeda9319d55cb5","Tumidithrix","clr_0.5","clr_0.1",-0.000389109004042719,2.75092644631897e-06,-0.000391859930489038,0.000391859930489038,"pc = 0.5 − pc = 0.1"
"36097ef26957ce4fdd7a71fe7f7cb7af","Candidatus-Obscuribacter","clr_0.5","clr_0.1",-0.000148822804968606,3.92191160705062e-06,-0.000152744716575656,0.000152744716575656,"pc = 0.5 − pc = 0.1"
"10fd3f0bec9c322bafe9bc94b4254097","Polymorphobacter","clr_0.5","clr_0.1",-0.000416966540685197,0.000304519788432649,-0.000721486329117845,0.000721486329117845,"pc = 0.5 − pc = 0.1"
"ab6b7b90747341ce39f82d0a22a1d37d","Methylobacterium","clr_0.5","clr_0.1",-0.000459313951501486,0.00179409919873202,-0.0022534131502335,0.0022534131502335,"pc = 0.5 − pc = 0.1"
"1f22ad120bd713347ac5bcd1c282c459","Planctomycetales Order","clr_0.5","clr_0.1",-0.000286478128702763,0.00032820509378018,-0.000614683222482943,0.000614683222482943,"pc = 0.5 − pc = 0.1"
"919f52074a986016c7e460883cbe1484","Rhodoferax","clr_0.5","clr_0.1",-0.000159084503156968,7.45386511247343e-05,-0.000233623154281703,0.000233623154281703,"pc = 0.5 − pc = 0.1"
