"asv","Genus","transform_a","transform_b","importance_a","importance_b","diff","abs_diff","comparison"
"2d9a9d6012e671d8135cb2df734d9edd","Gemmatimonas","clr_1","clr_0.5",0.00730006211809868,0.004263550916245,0.00303651120185368,0.00303651120185368,"pc = 1 − pc = 0.5"
"b7a6de9f78e6c96910566ca3f2778318","Armatimonadaceae Family","clr_1","clr_0.5",0.00590565175270791,0.0061266028876023,-0.000220951134894383,0.000220951134894383,"pc = 1 − pc = 0.5"
"c4bfdac27a83e2361cd70c4f37cbeb51","Paludibaculum","clr_1","clr_0.5",0.00486897444900041,0.00486813686636849,8.375826319202e-07,8.375826319202e-07,"pc = 1 − pc = 0.5"
"649f026cd615015b1c0f8e760d309122","Luteimonas","clr_1","clr_0.5",0.0044105477520672,0.00422725385173223,0.000183293900334963,0.000183293900334963,"pc = 1 − pc = 0.5"
"7a2f122fddae43a0010e633c008bc09b","Blfdi19 Order","clr_1","clr_0.5",0.0043705319800717,0.00379382136930943,0.000576710610762271,0.000576710610762271,"pc = 1 − pc = 0.5"
"6fa14f70b44f6de870d45c0e905c45fe","Fimbriiglobus","clr_1","clr_0.5",0.00410484332675136,0.0046331446775699,-0.000528301350818532,0.000528301350818532,"pc = 1 − pc = 0.5"
"b44b7ef824cadcd24ea6fea45051a73e","Fimbriimonadaceae Family","clr_1","clr_0.5",0.0038511736529841,0.00400284872407077,-0.00015167507108667,0.00015167507108667,"pc = 1 − pc = 0.5"
"65d43491988bfe557da4d86a5ba25dae","Staphylococcus","clr_1","clr_0.5",0.00372110532874555,0.00378702870935605,-6.59233806105e-05,6.59233806105e-05,"pc = 1 − pc = 0.5"
"cdc9eb301c1347f5753343884d1a5b41","mle1-27 Order","clr_1","clr_0.5",0.00363802688316164,0.00363802688316164,0,0,"pc = 1 − pc = 0.5"
"66206d59214d8cc4ecb65a71e9350c9c","Phreatobacter","clr_1","clr_0.5",0.00361573931963143,0.00360501894604362,1.07203735878131e-05,1.07203735878131e-05,"pc = 1 − pc = 0.5"
"5fa97937c087ce34a2c5ae09d617b9b1","Pedosphaeraceae Family","clr_1","clr_0.5",0.00357435519549626,0.00362977517109366,-5.54199755974012e-05,5.54199755974012e-05,"pc = 1 − pc = 0.5"
"15186d19694f00776956343942b4f186","Gloeobacter","clr_1","clr_0.5",0.00353011482111822,0.00184514552004431,0.00168496930107391,0.00168496930107391,"pc = 1 − pc = 0.5"
"9a7f96749fc3614a624e31996bd7b4d4","Vermiphilaceae Family","clr_1","clr_0.5",0.00347091900683798,0.00342670819809019,4.4210808747786e-05,4.4210808747786e-05,"pc = 1 − pc = 0.5"
"5fb691caf53996697fc5745ffa6620ae","Lacibacter","clr_1","clr_0.5",0.00339943459826133,0.00338802301993287,1.14115783284583e-05,1.14115783284583e-05,"pc = 1 − pc = 0.5"
"61c901297973162caaee28a638a3d9d9","Solirubrobacteraceae Family","clr_1","clr_0.5",0.00335690974470973,0.00275594856664615,0.000600961178063582,0.000600961178063582,"pc = 1 − pc = 0.5"
"34ec42044c0d886b375a356f164f6bd3","Methylorosula","clr_1","clr_0.5",0.0033046804722303,0.00329710350130157,7.57697092872546e-06,7.57697092872546e-06,"pc = 1 − pc = 0.5"
"3067f2c7606dcdd91e7f2803033e82b7","Silvanigrellaceae Family","clr_1","clr_0.5",0.00319490288425144,0.00316498317189042,2.99197123610254e-05,2.99197123610254e-05,"pc = 1 − pc = 0.5"
"de12a9a4b8be3995816194f3492ff412","Singulisphaera","clr_1","clr_0.5",0.00312205306291974,0.00331777498571377,-0.000195721922794025,0.000195721922794025,"pc = 1 − pc = 0.5"
"7303c7950d30d98f6084c7e1e4c54ea1","Nodosilinea","clr_1","clr_0.5",0.00304019297714469,0.00226823473817413,0.000771958238970565,0.000771958238970565,"pc = 1 − pc = 0.5"
"63f6feb8129502afd0ea246b2fec0692","Rickettsiellaceae Family","clr_1","clr_0.5",0.00299712876046371,0.00302574399115246,-2.8615230688749e-05,2.8615230688749e-05,"pc = 1 − pc = 0.5"
"79cb0502666fb336451226c33970ec67","Chitinophagaceae Family","clr_1","clr_0.5",0.00285245094149937,0.00283159676963876,2.08541718606063e-05,2.08541718606063e-05,"pc = 1 − pc = 0.5"
"9ed3e1edc621c9a94608480eb8b4351b","Pseudanabaena","clr_1","clr_0.5",0.00284601578329616,0.0026697487909744,0.000176266992321763,0.000176266992321763,"pc = 1 − pc = 0.5"
"c91235968ea14ce60ae7e2fa8b3aadb4","Latescibacterota Phylum","clr_1","clr_0.5",0.00283768980735856,0.00283768980735856,0,0,"pc = 1 − pc = 0.5"
"bb286c96101b73e1bb46d5ff9b9da229","Polyangium","clr_1","clr_0.5",0.00272590347402722,0.00259281572883261,0.000133087745194606,0.000133087745194606,"pc = 1 − pc = 0.5"
"b701af8d98ca714dab16ab6724bb631a","Galbitalea","clr_1","clr_0.5",0.00270782237324924,0.00252242589970255,0.000185396473546696,0.000185396473546696,"pc = 1 − pc = 0.5"
"328990122454db415c3696781e42778f","Phormidesmis","clr_1","clr_0.5",0.00270409892126589,0.00286437994366966,-0.00016028102240377,0.00016028102240377,"pc = 1 − pc = 0.5"
"3505278bbef674c198e14875912fa8e5","Nocardioides","clr_1","clr_0.5",0.00263812767943833,0.00270466619749926,-6.65385180609354e-05,6.65385180609354e-05,"pc = 1 − pc = 0.5"
"9e36c8c025b5170a2b5af14dc13bf3bf","Eremiobacteria Class","clr_1","clr_0.5",0.00263459104669004,0.0024282844261049,0.00020630662058514,0.00020630662058514,"pc = 1 − pc = 0.5"
"afc8be1bf12a273aee66a9cf23603a63","Acetobacteraceae Family","clr_1","clr_0.5",0.00258444027273214,0.0026818261100909,-9.73858373587541e-05,9.73858373587541e-05,"pc = 1 − pc = 0.5"
"8c45d6dd71022de8cedfa07abbd65788","Tundrisphaera","clr_1","clr_0.5",0.00248492948008998,0.00186615337468111,0.000618776105408871,0.000618776105408871,"pc = 1 − pc = 0.5"
"ec0f2c0dafb364dfe9e9044a2db5f8fc","IMCC26207","clr_1","clr_0.5",0.00245357579984215,0.00252074375056294,-6.71679507207937e-05,6.71679507207937e-05,"pc = 1 − pc = 0.5"
"170da4a26ca000e2245c8b471ff2fa71","NS9 marine group Family","clr_1","clr_0.5",0.0024335489357152,0.0024335489357152,0,0,"pc = 1 − pc = 0.5"
"89c76625e45ab0499f29cc2dc2beb69c","SL56 marine group Class","clr_1","clr_0.5",0.00243289473045614,0.00244494962263911,-1.20548921829769e-05,1.20548921829769e-05,"pc = 1 − pc = 0.5"
"750dab93d926d40d7cd439faa6640f33","Haliscomenobacter","clr_1","clr_0.5",0.00240595032701025,0.00235042867702547,5.55216499847863e-05,5.55216499847863e-05,"pc = 1 − pc = 0.5"
"df824eff77d1e1a62e26119a49a422de","Comamonadaceae Family","clr_1","clr_0.5",0.00240393494980647,0.0019667389646224,0.000437195985184067,0.000437195985184067,"pc = 1 − pc = 0.5"
"c4e72b68a0138eb7ed4ec9390f496838","Luteolibacter","clr_1","clr_0.5",0.00240332882658279,0.00254314305580721,-0.000139814229224421,0.000139814229224421,"pc = 1 − pc = 0.5"
"7edb4e0c95b9fecd08046d75a5195d5c","SM1A02","clr_1","clr_0.5",0.00229135083728261,0.00219241703111825,9.89338061643578e-05,9.89338061643578e-05,"pc = 1 − pc = 0.5"
"2a4e8c5c2d9ffd70f271583b796168df","Dolichospermum","clr_1","clr_0.5",0.00227196479049017,0.00226623252622224,5.73226426792703e-06,5.73226426792703e-06,"pc = 1 − pc = 0.5"
"5f168ff910ef1f6dce37cfa68e82e8d0","Polymorphobacter","clr_1","clr_0.5",0.00227136794045267,0.0023215127746527,-5.01448342000274e-05,5.01448342000274e-05,"pc = 1 − pc = 0.5"
"51a5955ebe58e2c36e26f6cfa32cbe22","Rhizobacter","clr_1","clr_0.5",0.00224085510050392,0.00236104962384635,-0.000120194523342429,0.000120194523342429,"pc = 1 − pc = 0.5"
"6797a25a8dfdb4774d859b8844087411","Rhizobacter","clr_1","clr_0.5",0.0022311198113559,0.00218046525999241,5.06545513634989e-05,5.06545513634989e-05,"pc = 1 − pc = 0.5"
"7017030b94462f54ca0141f11f705833","Dankookia","clr_1","clr_0.5",0.00221514591138076,0.00219138109673955,2.37648146412155e-05,2.37648146412155e-05,"pc = 1 − pc = 0.5"
"a2196497d13e4a3bd4ed23e2d2fe702c","Flavobacterium","clr_1","clr_0.5",0.00217833204248565,0.00227339101324885,-9.50589707631989e-05,9.50589707631989e-05,"pc = 1 − pc = 0.5"
"c1cc6b184d817c58b7c081b5665904cb","Regnicoccus","clr_1","clr_0.5",0.00211230776902541,0.00200023324034561,0.000112074528679798,0.000112074528679798,"pc = 1 − pc = 0.5"
"a6dd65fc8a794034ff7ebcd21aa0627d","Undibacterium","clr_1","clr_0.5",0.00209819159084741,0.00225191531827798,-0.000153723727430566,0.000153723727430566,"pc = 1 − pc = 0.5"
"443cbb31543da9477f5472d3e3b7898d","Rickettsiaceae Family","clr_1","clr_0.5",0.00206550381778953,0.0022414556299232,-0.000175951812133671,0.000175951812133671,"pc = 1 − pc = 0.5"
"d4531e60bc6de54c5eb09e54d2264553","Pirellula","clr_1","clr_0.5",0.00205769533438664,0.00254430174383613,-0.000486606409449487,0.000486606409449487,"pc = 1 − pc = 0.5"
"978c384ac0e388f780c925653b029d19","Haliangiaceae Family","clr_1","clr_0.5",0.00202623466590502,0.00202114565155448,5.0890143505353e-06,5.0890143505353e-06,"pc = 1 − pc = 0.5"
"51b9a2e379c2555a3774ef13e9aac08d","alphaI cluster","clr_1","clr_0.5",0.00200900446828508,0.0019965448786617,1.24595896233829e-05,1.24595896233829e-05,"pc = 1 − pc = 0.5"
"fb437033e226e6cda5fe9c3b74ef453f","Rhodovarius","clr_1","clr_0.5",0.00194983449431985,0.00183859019786237,0.00011124429645748,0.00011124429645748,"pc = 1 − pc = 0.5"
"ff98ab846c8f29e5e5f5cce385b28a7b","R7C24 Order","clr_1","clr_0.5",0.00192088883242482,0.00192088883242482,0,0,"pc = 1 − pc = 0.5"
"cad8cc3e7647d51e614b099398538e4d","Saprospiraceae Family","clr_1","clr_0.5",0.00190508608758379,0.00201765793020361,-0.000112571842619822,0.000112571842619822,"pc = 1 − pc = 0.5"
"6fc0afa4ca20c38dd455d90b8d8099ab","Hirschia","clr_1","clr_0.5",0.00190277998438263,0.00172685726827734,0.000175922716105291,0.000175922716105291,"pc = 1 − pc = 0.5"
"2bba1f8c49fb19b800398943a216a572","Bryobacter","clr_1","clr_0.5",0.00189373327992017,0.00190314999378215,-9.41671386197728e-06,9.41671386197728e-06,"pc = 1 − pc = 0.5"
"7402c6fd98e177d4694261a9dd23eac6","Candidatus Berkiella","clr_1","clr_0.5",0.00189090863288119,0.00190159471285664,-1.06860799754488e-05,1.06860799754488e-05,"pc = 1 − pc = 0.5"
"ce7deedd0f541b5286425938fcd6e413","Oligoflexaceae Family","clr_1","clr_0.5",0.00183880887553382,0.00182153493812257,1.72739374112482e-05,1.72739374112482e-05,"pc = 1 − pc = 0.5"
"3078d0e997dde104f7d25c0dd9473003","Sandarakinorhabdus","clr_1","clr_0.5",0.00183604259301167,0.00161125602086994,0.000224786572141734,0.000224786572141734,"pc = 1 − pc = 0.5"
"67af8ea66a8349d04cd4bda199abe5da","Fimbriiglobus","clr_1","clr_0.5",0.00176660015544774,0.00176660015544774,0,0,"pc = 1 − pc = 0.5"
"768d500dec54c80d5ef769902dadd792","Fimbriiglobus","clr_1","clr_0.5",0.00176403203758953,0.00168956497089286,7.44670666966622e-05,7.44670666966622e-05,"pc = 1 − pc = 0.5"
"3a6e99903dd0d336c713866f52bd4244","Saprospiraceae Family","clr_1","clr_0.5",0.00172238776566909,0.00173598182705099,-1.35940613819007e-05,1.35940613819007e-05,"pc = 1 − pc = 0.5"
"37c9c05391818c7a6ffa38262321f5fc","CL500-29 marine group","clr_1","clr_0.5",0.00170511718416697,0.00170511718416697,0,0,"pc = 1 − pc = 0.5"
"ec1d103f66d06bf61cf3cf6d9bcf8e52","OM190 Class","clr_1","clr_0.5",0.00170000262874868,0.00159140171010559,0.000108600918643097,0.000108600918643097,"pc = 1 − pc = 0.5"
"42c734e954e79fffc18510aabe34471b","OM27 clade","clr_1","clr_0.5",0.00169814504527369,0.00190295197086497,-0.000204806925591281,0.000204806925591281,"pc = 1 − pc = 0.5"
"53e8389028f3821f782fbf4186e1ef22","SM1A02","clr_1","clr_0.5",0.00167440961147482,0.00173489555166149,-6.04859401866747e-05,6.04859401866747e-05,"pc = 1 − pc = 0.5"
"76a12bde0263c31c5275292cb5b1d6f2","Roseococcus","clr_1","clr_0.5",0.00167177471811326,0.00137214833667834,0.000299626381434927,0.000299626381434927,"pc = 1 − pc = 0.5"
"1a44b9628088d4f47816066198670b8e","SM2D12 Family","clr_1","clr_0.5",0.00166957672352694,0.00144781545306712,0.000221761270459825,0.000221761270459825,"pc = 1 − pc = 0.5"
"0de2768e56408332050e94db50b132bc","Ilumatobacteraceae Family","clr_1","clr_0.5",0.00166723872826791,0.00166723872826791,0,0,"pc = 1 − pc = 0.5"
"33e5681d81c11baedc5f46c7b394484c","Midichloriaceae Family","clr_1","clr_0.5",0.00166335309468003,0.00177940717591703,-0.000116054081237005,0.000116054081237005,"pc = 1 − pc = 0.5"
"6c561c59c84d61ce5f4036074028dbca","Bryobacter","clr_1","clr_0.5",0.00163863174674729,0.00207150673904642,-0.000432874992299137,0.000432874992299137,"pc = 1 − pc = 0.5"
"c27c683380e07dda90941851518bf036","Babeliales Order","clr_1","clr_0.5",0.00162541096297347,0.00162541096297347,0,0,"pc = 1 − pc = 0.5"
"9f391663c5a41de8935c4443d7625a3d","Rhodospirillales Order","clr_1","clr_0.5",0.0015881789015519,0.00182618815354994,-0.000238009251998031,0.000238009251998031,"pc = 1 − pc = 0.5"
"23a4b6bc2c58466eb2b87814a8ebbbf7","Comamonadaceae Family","clr_1","clr_0.5",0.00158557573203377,0.00133098313247099,0.000254592599562781,0.000254592599562781,"pc = 1 − pc = 0.5"
"396cc69217c9a6fb253a45860cafee90","Fimbriiglobus","clr_1","clr_0.5",0.00153247120135458,0.00153247120135458,0,0,"pc = 1 − pc = 0.5"
"9cdde29fca3a13e2e0f5d96088860c87","Nostoc","clr_1","clr_0.5",0.0015308050963876,0.00151070016339204,2.0104932995561e-05,2.0104932995561e-05,"pc = 1 − pc = 0.5"
"8afb445ed3cdc963718ea8a09d66617b","Fimbriimonadaceae Family","clr_1","clr_0.5",0.00148254240806951,0.00153992029627337,-5.73778882038646e-05,5.73778882038646e-05,"pc = 1 − pc = 0.5"
"1e6c51b99d65fb93d42ad3ff651b5763","SM2D12 Family","clr_1","clr_0.5",0.00144641938738874,0.00144641938738874,0,0,"pc = 1 − pc = 0.5"
"e0bf3607d3a5ccbac1a50f826a8e1d70","Pirellulaceae Family","clr_1","clr_0.5",0.00143026540586086,0.00136621021073066,6.40551951302003e-05,6.40551951302003e-05,"pc = 1 − pc = 0.5"
"6815f1f2c2d38299f363940f8e312c3c","Deinococcaceae Family","clr_1","clr_0.5",0.0014239649234752,0.00165642724969168,-0.000232462326216476,0.000232462326216476,"pc = 1 − pc = 0.5"
"06d00f760cc0e151c5d5e991c9034e10","SH3-11","clr_1","clr_0.5",0.00140671138044241,0.00156323700634635,-0.000156525625903933,0.000156525625903933,"pc = 1 − pc = 0.5"
"27dd7e35cd564c093c78eb0ccb36c808","Chthoniobacter","clr_1","clr_0.5",0.00139837218292925,0.00139837218292925,0,0,"pc = 1 − pc = 0.5"
"794fea1efb1825bf0a088dd1c923bca0","Candidatus Amoebophilus","clr_1","clr_0.5",0.00138662297743139,0.00139037098017315,-3.74800274175369e-06,3.74800274175369e-06,"pc = 1 − pc = 0.5"
"7334cc4e674b5e9d56db1a9081437f8f","Hyphomicrobium","clr_1","clr_0.5",0.00136501302293066,0.001514380467612,-0.000149367444681339,0.000149367444681339,"pc = 1 − pc = 0.5"
"ff66b771cf24ac801cd8e74b446791a6","CL500-29 marine group","clr_1","clr_0.5",0.001356008213809,0.00141235966904394,-5.63514552349462e-05,5.63514552349462e-05,"pc = 1 − pc = 0.5"
"360106ff8200f47dee77f0f2e1d9f359","Hymenobacter","clr_1","clr_0.5",0.00129197703041412,0.00131846935028665,-2.64923198725335e-05,2.64923198725335e-05,"pc = 1 − pc = 0.5"
"fc24096138e3cf0b2775bd2b8e01b5b2","Deinococcus","clr_1","clr_0.5",0.00127854734174988,0.00127854734174988,0,0,"pc = 1 − pc = 0.5"
"8d86c76119abb8cee5563d24dfd5019c","Sphingomonadaceae Family","clr_1","clr_0.5",0.00126817497870608,0.00126817497870608,0,0,"pc = 1 − pc = 0.5"
"500fb8b8ee8585ac51166621f12ba6c1","Spirosomataceae Family","clr_1","clr_0.5",0.00124030782079889,0.00135984284681895,-0.000119535026020059,0.000119535026020059,"pc = 1 − pc = 0.5"
"2593ef9eab12897237f8371e3a856adb","SM1A02","clr_1","clr_0.5",0.00123466155501779,0.00124358659948693,-8.92504446913878e-06,8.92504446913878e-06,"pc = 1 − pc = 0.5"
"46df32bbd857e8288a2f65086e0fd1c4","Ideonella","clr_1","clr_0.5",0.00123098933324886,0.00106430271454827,0.00016668661870059,0.00016668661870059,"pc = 1 − pc = 0.5"
"254cd54eaf0e7301dc9d0c9e2dc53710","Nodosilineaceae Family","clr_1","clr_0.5",0.00121508403218153,0.00116887577854808,4.62082536334485e-05,4.62082536334485e-05,"pc = 1 − pc = 0.5"
"5da845af2892f5c8fd8161364c7b4997","Sandarakinorhabdus","clr_1","clr_0.5",0.00121142280187244,0.00114032839618072,7.10944056917186e-05,7.10944056917186e-05,"pc = 1 − pc = 0.5"
"47c12b61c90c5033a1bb474f6c7ae154","LD29","clr_1","clr_0.5",0.00119803001131496,0.00119803001131496,0,0,"pc = 1 − pc = 0.5"
"f4a774667177b16cb72b2efba954744e","Pirellulaceae Family","clr_1","clr_0.5",0.00119635729786225,0.00104943231990879,0.000146924977953463,0.000146924977953463,"pc = 1 − pc = 0.5"
"48e44d7f0b561b30935a67c41c75101d","Chthoniobacter","clr_1","clr_0.5",0.00119166025962792,0.00139342620699164,-0.000201765947363725,0.000201765947363725,"pc = 1 − pc = 0.5"
"ab6b7b90747341ce39f82d0a22a1d37d","Methylobacterium","clr_1","clr_0.5",0.00117198709768318,0.00117198709768318,0,0,"pc = 1 − pc = 0.5"
"27ec05c431a025fda07b2a8e37f2bf93","Fimbriiglobus","clr_1","clr_0.5",0.00115230060647527,0.00115230060647527,0,0,"pc = 1 − pc = 0.5"
"102fc16adc262f00c457357b35540be5","Rubinisphaeraceae Family","clr_1","clr_0.5",0.0011199497269174,0.0011199497269174,0,0,"pc = 1 − pc = 0.5"
"179e2e4ad12d2a505f12bf7110a80cde","Sphingomonadaceae Family","clr_1","clr_0.5",0.00111965158866482,0.00111965158866482,0,0,"pc = 1 − pc = 0.5"
"53835d1295531799bc64c8fd9b406ac2","Leptothrix","clr_1","clr_0.5",0.00110181582992066,0.00110181582992066,0,0,"pc = 1 − pc = 0.5"
"3e125655918e305a3842a79b6972775f","Rhodovarius","clr_1","clr_0.5",0.00108216614981791,0.00155391440374713,-0.00047174825392922,0.00047174825392922,"pc = 1 − pc = 0.5"
"bcba47620c299fd34809f143e3d26dff","Sphingomonas","clr_1","clr_0.5",0.00106929719695363,0.000794244548853388,0.000275052648100238,0.000275052648100238,"pc = 1 − pc = 0.5"
"fb9358e4192b4e3fb1a6210327ee6ff2","Parablastomonas","clr_1","clr_0.5",0.00103420140639609,0.00205092187124942,-0.00101672046485333,0.00101672046485333,"pc = 1 − pc = 0.5"
"dc17a99d06059905b9fe7239b0b6072a","Gemmataceae Family","clr_1","clr_0.5",0.00103187822865861,0.00103187822865861,0,0,"pc = 1 − pc = 0.5"
"58233cde931d4317c4aec4e9d3ad14f3","FukuN18 freshwater group","clr_1","clr_0.5",0.000997986950175338,0.000997986950175338,0,0,"pc = 1 − pc = 0.5"
"214496ebb8360b204e3f3a03d8641287","P3OB-42","clr_1","clr_0.5",0.00098466258403617,0.00131197354642697,-0.000327310962390799,0.000327310962390799,"pc = 1 − pc = 0.5"
"de2f81775998c151256d2a2b1ebaeee0","Rhodospirillales Order","clr_1","clr_0.5",0.00093399731186819,0.000559264682802713,0.000374732629065478,0.000374732629065478,"pc = 1 − pc = 0.5"
"d922e28fdfb36aa671e51df99219225a","Leptothrix","clr_1","clr_0.5",0.000916218605592748,0.000916218605592748,0,0,"pc = 1 − pc = 0.5"
"2563ceb7d15a84f5d59f225adc9b06a5","Rickettsiales Order","clr_1","clr_0.5",0.000908836698351805,0.00115501634928622,-0.000246179650934415,0.000246179650934415,"pc = 1 − pc = 0.5"
"56d37d5bf0c2169e087e1488886eefde","Oxalobacteraceae Family","clr_1","clr_0.5",0.000906563411088947,0.00107071749401138,-0.000164154082922432,0.000164154082922432,"pc = 1 − pc = 0.5"
"396bbebd81d93d6c824d49cc652eb76a","Flavipsychrobacter","clr_1","clr_0.5",0.000854469640928167,0.00100027292583063,-0.00014580328490246,0.00014580328490246,"pc = 1 − pc = 0.5"
"92b48d9d2ebf3f4b0d153805997488d7","Rhodospirillales Order","clr_1","clr_0.5",0.000845042885304318,0.000788767599309962,5.62752859943563e-05,5.62752859943563e-05,"pc = 1 − pc = 0.5"
"ee2d56600bef5d134884d0354366d6e8","Paracaedibacteraceae Family","clr_1","clr_0.5",0.000821239612137175,0.000796076843532686,2.51627686044886e-05,2.51627686044886e-05,"pc = 1 − pc = 0.5"
"36097ef26957ce4fdd7a71fe7f7cb7af","Candidatus-Obscuribacter","clr_1","clr_0.5",0.000819236161032243,0.00104891162203267,-0.000229675461000428,0.000229675461000428,"pc = 1 − pc = 0.5"
"c1c1dfe0cd247065dcc7160055106657","Rhodospirillales Order","clr_1","clr_0.5",0.000807344488343128,0.00142697013505743,-0.000619625646714297,0.000619625646714297,"pc = 1 − pc = 0.5"
"5483883d288edbb58b4e3376b6dd87b1","Rhodovarius","clr_1","clr_0.5",0.00080402044299811,0.000758399933668439,4.56205093296704e-05,4.56205093296704e-05,"pc = 1 − pc = 0.5"
"0a4893b9a6062b1e61e27c920e0e38ca","Comamonadaceae Family","clr_1","clr_0.5",0.000800392894633583,0.000800392894633583,0,0,"pc = 1 − pc = 0.5"
"35e1bbfd3ea58cec02a0fedead1ce5ce","Stenomitos","clr_1","clr_0.5",0.000796488305179373,0.00104805840402872,-0.000251570098849345,0.000251570098849345,"pc = 1 − pc = 0.5"
"84e1f74b7363f0321d0df8986283c5fa","Nannocystis","clr_1","clr_0.5",0.000791535990462368,0.000791535990462368,0,0,"pc = 1 − pc = 0.5"
"6ea9472deca150f97a7bcfe87126d9b9","Phreatobacter","clr_1","clr_0.5",0.000780837258700445,0.000832333720412287,-5.14964617118419e-05,5.14964617118419e-05,"pc = 1 − pc = 0.5"
"a61ee78f47a62b26743ab3e11ceccc41","Legionella","clr_1","clr_0.5",0.000780117798628569,0.000724493065454326,5.56247331742431e-05,5.56247331742431e-05,"pc = 1 − pc = 0.5"
"d0c787f177dccc8f247649354da0273e","OM27 clade","clr_1","clr_0.5",0.000774007458945486,0.000594917724362136,0.000179089734583349,0.000179089734583349,"pc = 1 − pc = 0.5"
"55fba7b4dd6e9303c85c5a54e0251df2","Pirellulaceae Family","clr_1","clr_0.5",0.000765993397633092,0.000932708114424626,-0.000166714716791534,0.000166714716791534,"pc = 1 − pc = 0.5"
"bf6e216d6fe910e0f4033563819975d2","Pirellula","clr_1","clr_0.5",0.000765540630956118,0.000947166588594181,-0.000181625957638063,0.000181625957638063,"pc = 1 − pc = 0.5"
"79029fa983ec4eda60117a273a52cfc0","Caulobacter","clr_1","clr_0.5",0.000755197533377283,0.000737147382886872,1.80501504904104e-05,1.80501504904104e-05,"pc = 1 − pc = 0.5"
"54658c5cabc3c6c07f1e6556120cc99c","Rhizobacter","clr_1","clr_0.5",0.000751152340415589,0.000715541918060389,3.56104223551996e-05,3.56104223551996e-05,"pc = 1 − pc = 0.5"
"2f0427c95f58bc8b33730d6bebc06828","SWB02","clr_1","clr_0.5",0.00074015288050275,0.000670767694979428,6.93851855233223e-05,6.93851855233223e-05,"pc = 1 − pc = 0.5"
"f68c45909b99408dc34d145a2e374c45","alphaI cluster","clr_1","clr_0.5",0.000732408813040809,0.000380076939300104,0.000352331873740705,0.000352331873740705,"pc = 1 − pc = 0.5"
"d7df8a68ccfac5afb8ff817e0f532385","Pedosphaeraceae Family","clr_1","clr_0.5",0.000730246213680071,0.000351763162691012,0.000378483050989058,0.000378483050989058,"pc = 1 − pc = 0.5"
"71ea54160cc86ce702cedff2acd9c71b","Microscillaceae Family","clr_1","clr_0.5",0.000721793096240451,0.000569388749609961,0.000152404346630491,0.000152404346630491,"pc = 1 − pc = 0.5"
"556c3d1034e2eec13db898aa075da658","Candidatus Jidaibacter","clr_1","clr_0.5",0.000695965316500461,0.00068772373022713,8.24158627333108e-06,8.24158627333108e-06,"pc = 1 − pc = 0.5"
"92d53dbcf18e8b0d7ac36b3a48166638","Caulobacteraceae Family","clr_1","clr_0.5",0.000673023613139911,-3.20190735542484e-05,0.00070504268669416,0.00070504268669416,"pc = 1 − pc = 0.5"
"7148f89a064752c2b79f8b43fcfdf028","Rickettsiellaceae Family","clr_1","clr_0.5",0.000664773928777324,0.000849240279859029,-0.000184466351081705,0.000184466351081705,"pc = 1 − pc = 0.5"
"4078fc5ccccbf133e10b6bf4f6461c02","Pirellula","clr_1","clr_0.5",0.000653003131950769,0.00307269350989712,-0.00241969037794635,0.00241969037794635,"pc = 1 − pc = 0.5"
"1e046bb4b737284bdbae0d7b21a6ddbe","Fibrisoma","clr_1","clr_0.5",0.000650579869237124,0.00105281864048663,-0.000402238771249506,0.000402238771249506,"pc = 1 − pc = 0.5"
"129ef8665d470f7e31e3ddbdb6dd47b4","Oculatellaceae Family","clr_1","clr_0.5",0.000640833747200844,0.000839177487840207,-0.000198343740639363,0.000198343740639363,"pc = 1 − pc = 0.5"
"ea4317d7222c2b5526d500d503663459","Aphanizomenonaceae Family","clr_1","clr_0.5",0.000629337704364314,0.000597806372848533,3.15313315157814e-05,3.15313315157814e-05,"pc = 1 − pc = 0.5"
"60c62612dc5338eb921aa2f7d765ae55","Cephaloticoccus","clr_1","clr_0.5",0.000617949882014414,0.000609827491442048,8.12239057236595e-06,8.12239057236595e-06,"pc = 1 − pc = 0.5"
"56483f8000e7a15a0ef8932e02cff7c4","Micavibrionales Order","clr_1","clr_0.5",0.00060675777151754,0.000470364871898469,0.000136392899619071,0.000136392899619071,"pc = 1 − pc = 0.5"
"3c47a5b25bdba36dd7911384b66f1371","Armatimonadaceae Family","clr_1","clr_0.5",0.000603972622629076,-0.000116049583952183,0.000720022206581259,0.000720022206581259,"pc = 1 − pc = 0.5"
"d68f525366c1dfdc0984a90b89867e95","Longivirga","clr_1","clr_0.5",0.000576929163556032,-2.1542225402358e-05,0.00059847138895839,0.00059847138895839,"pc = 1 − pc = 0.5"
"ebb58c2ffbbb54748fa6385f9d3224df","Sphingomonadaceae Family","clr_1","clr_0.5",0.000571407275373354,0.000568836678866063,2.57059650729107e-06,2.57059650729107e-06,"pc = 1 − pc = 0.5"
"edb9c10a487ad4ace7c08ebe26d7145a","Bryobacter","clr_1","clr_0.5",0.000568338147736888,0.000516895807624762,5.1442340112126e-05,5.1442340112126e-05,"pc = 1 − pc = 0.5"
"6d766f67b6bd03ae7d1de4c4fc15b47f","SM2D12 Family","clr_1","clr_0.5",0.000564282044356298,0.000564282044356298,0,0,"pc = 1 − pc = 0.5"
"cf42bf36050435362713d9a47b22f948","Parvibium","clr_1","clr_0.5",0.000560416273944408,0.000560416273944408,0,0,"pc = 1 − pc = 0.5"
"43f8d1ced946461f54ea0b5b7001d5d6","Microbacteriaceae Family","clr_1","clr_0.5",0.000556188148686416,0.000467889955968963,8.82981927174522e-05,8.82981927174522e-05,"pc = 1 − pc = 0.5"
"544ad0fe7ff864b6f888b8cde90ed6cc","Leptothrix","clr_1","clr_0.5",0.000538015248191597,0.00036613756252049,0.000171877685671108,0.000171877685671108,"pc = 1 − pc = 0.5"
"9cde2373849523d28439507aa5411277","Haliscomenobacter","clr_1","clr_0.5",0.000527133981519704,0.000527133981519704,0,0,"pc = 1 − pc = 0.5"
"b20a5bb96396ea08495298fc1a90c26b","Parablastomonas","clr_1","clr_0.5",0.000483662788835908,0.000279954812391575,0.000203707976444333,0.000203707976444333,"pc = 1 − pc = 0.5"
"fd4df754d86be49bd629a82ee124ae11","Comamonadaceae Family","clr_1","clr_0.5",0.000466530630042416,0.00068770944455785,-0.000221178814515433,0.000221178814515433,"pc = 1 − pc = 0.5"
"38f0c358f69c2812f607221459e7dd9e","Microscillaceae Family","clr_1","clr_0.5",0.000457728627500086,0.000457728627500086,0,0,"pc = 1 − pc = 0.5"
"ad9cc38b5ccf51413138567ba4f60b42","Babeliales Order","clr_1","clr_0.5",0.000455296846892078,0.000402835914253108,5.24609326389704e-05,5.24609326389704e-05,"pc = 1 − pc = 0.5"
"8f0fb68673a8b3c26f3fd210e29b7916","Clostridium","clr_1","clr_0.5",0.000450754653092649,0.000450754653092649,0,0,"pc = 1 − pc = 0.5"
"5c63b3749641851b368c8a181ddf1180","Xanthobacteraceae Family","clr_1","clr_0.5",0.000445698514867544,0.0004687307584134,-2.30322435458556e-05,2.30322435458556e-05,"pc = 1 − pc = 0.5"
"e82d519024df8980ba749ba0e7e8dbf1","Ferruginibacter","clr_1","clr_0.5",0.000437991374528054,-0.000113963048294632,0.000551954422822687,0.000551954422822687,"pc = 1 − pc = 0.5"
"2d2cfe3970153f65df6fb6d1a6da95cf","Chitinophagaceae Family","clr_1","clr_0.5",0.00043184670730104,0.00043184670730104,0,0,"pc = 1 − pc = 0.5"
"7558ae080e554f69632fa9f0078925a8","SM2D12 Family","clr_1","clr_0.5",0.000412208691862731,0.000257129611465432,0.0001550790803973,0.0001550790803973,"pc = 1 − pc = 0.5"
"34b262693d693a0cbf5d81d87ea6cdc3","Zavarziniales Order","clr_1","clr_0.5",0.000397081663859179,0.000397081663859179,0,0,"pc = 1 − pc = 0.5"
"8d4b51998b3310a1e96483dae8166a38","Candidatus Ovatusbacter","clr_1","clr_0.5",0.000382519468655458,0.000444725406344279,-6.22059376888211e-05,6.22059376888211e-05,"pc = 1 − pc = 0.5"
"508e4d4db7e2c0220a19fafa294e0670","Methylotenera","clr_1","clr_0.5",0.00036619366320242,0.000530255602557892,-0.000164061939355472,0.000164061939355472,"pc = 1 − pc = 0.5"
"f04a2d7063257d451dee16f014b55e63","Snowella","clr_1","clr_0.5",0.000363483234038498,0.00069947278284393,-0.000335989548805432,0.000335989548805432,"pc = 1 − pc = 0.5"
"482f65b152c5702150de2b27ea2c9521","Endobacter","clr_1","clr_0.5",0.00034667320510082,0.00034667320510082,0,0,"pc = 1 − pc = 0.5"
"69e49e83ce1d7c260ab365773d82ed94","Phreatobacter","clr_1","clr_0.5",0.000344861896989076,0.000736435331431858,-0.000391573434442782,0.000391573434442782,"pc = 1 − pc = 0.5"
"6376ea6dab7d0fde3cd66f53b57e1484","Pseudomonas","clr_1","clr_0.5",0.000337541754367234,0.000337541754367234,0,0,"pc = 1 − pc = 0.5"
"9b4645c464d957064aed5e31e37b75f9","Comamonadaceae Family","clr_1","clr_0.5",0.000321450639437236,0.000147534411858607,0.000173916227578629,0.000173916227578629,"pc = 1 − pc = 0.5"
"33cd0c133837d614ac29262c17209759","Microscillaceae Family","clr_1","clr_0.5",0.000316496255110742,0.000309099870641012,7.39638446972977e-06,7.39638446972977e-06,"pc = 1 − pc = 0.5"
"ab4793724d4650358e1d40f5cb713049","Pseudanabaena","clr_1","clr_0.5",0.000310038873259425,0.000291669159975849,1.83697132835759e-05,1.83697132835759e-05,"pc = 1 − pc = 0.5"
"134bdbaec661c28d109690d78b59214b","Saprospiraceae Family","clr_1","clr_0.5",0.000301953913395172,0.000486495930916178,-0.000184542017521006,0.000184542017521006,"pc = 1 − pc = 0.5"
"eddfa9460b8fe2df12344f6da501b116","Rhizobacter","clr_1","clr_0.5",0.00030195039731656,0.000206230327666697,9.57200696498627e-05,9.57200696498627e-05,"pc = 1 − pc = 0.5"
"c24525e8eccad35e27387f77998cbd04","Paracaedibacteraceae Family","clr_1","clr_0.5",0.000298711279885377,0.000298711279885377,0,0,"pc = 1 − pc = 0.5"
"bb7f85879d3368b4cb7312e19bddcd5c","Candidatus Paracaedibacter","clr_1","clr_0.5",0.000288484010360831,0.000288484010360832,-1.0842021724855e-19,1.0842021724855e-19,"pc = 1 − pc = 0.5"
"0da352d12778a23d94aef13982c319f4","Rickettsiaceae Family","clr_1","clr_0.5",0.000281802222349789,0.000281802222349789,0,0,"pc = 1 − pc = 0.5"
"4c06bb79b0e22b616bf426c36315a839","Sumerlaea","clr_1","clr_0.5",0.000279499740615424,0.000279499740615424,0,0,"pc = 1 − pc = 0.5"
"dd0a8be594bd6d7f08121de2aa5df471","Anagnostidinema","clr_1","clr_0.5",0.000266820601950118,0.000266820601950118,0,0,"pc = 1 − pc = 0.5"
"7ef48551cce7e0d840508208665333f5","Gemmatimonadaceae Family","clr_1","clr_0.5",0.000265285664894085,0.000319187589304588,-5.39019244105035e-05,5.39019244105035e-05,"pc = 1 − pc = 0.5"
"9b596b9eb067d0ee46fb12b98a26ca77","Pseudanabaena","clr_1","clr_0.5",0.000260994374119895,0.000261889302090959,-8.94927971063363e-07,8.94927971063363e-07,"pc = 1 − pc = 0.5"
"906a6d27477dd504345835ee5273a72c","Pirellula","clr_1","clr_0.5",0.000257227584975633,0.000195691674670401,6.15359103052325e-05,6.15359103052325e-05,"pc = 1 − pc = 0.5"
"ef944207e872617beee3d1d9405369af","Hyphomicrobiaceae Family","clr_1","clr_0.5",0.000252112521760077,0.000252263525096944,-1.51003336867558e-07,1.51003336867558e-07,"pc = 1 − pc = 0.5"
"5715ae257ea8de07cca43aa863484aa0","Saprospiraceae Family","clr_1","clr_0.5",0.000250562415096514,0.000116849055836393,0.000133713359260122,0.000133713359260122,"pc = 1 − pc = 0.5"
"dfa55444de9e265475ced8f630cda4a2","Aurantisolimonas","clr_1","clr_0.5",0.000242831568193677,0.000242831568193677,0,0,"pc = 1 − pc = 0.5"
"4902f0932539bec04c67444c8444ca7d","Labrys","clr_1","clr_0.5",0.000235310390796204,-0.00016443384484688,0.000399744235643084,0.000399744235643084,"pc = 1 − pc = 0.5"
"7a58a670654e91eb7bbbb340f5221038","Pseudanabaenaceae_X","clr_1","clr_0.5",0.000220764647321729,0.000268163501628718,-4.73988543069895e-05,4.73988543069895e-05,"pc = 1 − pc = 0.5"
"76363618e6a55a0556fa9cdda32b9519","Ellin6067","clr_1","clr_0.5",0.000218944648937017,0.000218944648937017,0,0,"pc = 1 − pc = 0.5"
"04ecfad5772d2e09a84a0f5ef460536c","Methylobacterium","clr_1","clr_0.5",0.000216896997244847,0.000340868077773459,-0.000123971080528612,0.000123971080528612,"pc = 1 − pc = 0.5"
"51af2c92d5b41fee1ef860eb59eee9d7","Vulcanococcus","clr_1","clr_0.5",0.000210543123627002,0.000210543123627002,0,0,"pc = 1 − pc = 0.5"
"26915c3209ae35ef27dd02617e8d7d91","Sphingorhabdus","clr_1","clr_0.5",0.000209788232308895,0.000290216694722462,-8.04284624135672e-05,8.04284624135672e-05,"pc = 1 − pc = 0.5"
"ef24d427e3b1d810ed78fd31347e4252","Acetobacteraceae Family","clr_1","clr_0.5",0.000209760432559296,0.000204245981058795,5.51445150050043e-06,5.51445150050043e-06,"pc = 1 − pc = 0.5"
"d597a051340ae987325f71bec5a48646","Polyangium","clr_1","clr_0.5",0.00020762146038837,0.00020762146038837,0,0,"pc = 1 − pc = 0.5"
"0b3d627ed430a03782c59b859dab9d67","Rhodoferax","clr_1","clr_0.5",0.000206944027987473,0.000107049063491183,9.98949644962905e-05,9.98949644962905e-05,"pc = 1 − pc = 0.5"
"7200c4bdfefe29961136146f9617dbd9","Microscillaceae Family","clr_1","clr_0.5",0.000202883630620111,0.000202883630620111,0,0,"pc = 1 − pc = 0.5"
"2c1f693832b28d9df00b5821e93593e3","Fimbriiglobus","clr_1","clr_0.5",0.000196750494423595,0.000196750494423595,0,0,"pc = 1 − pc = 0.5"
"4101b9eb70afe9a3ed1fb4c9eeaa28c6","Fimbriiglobus","clr_1","clr_0.5",0.000196466493625468,0.000225754950015105,-2.92884563896363e-05,2.92884563896363e-05,"pc = 1 − pc = 0.5"
"1a9d57d26606ba207da37f78a8ff2c58","Pseudanabaena","clr_1","clr_0.5",0.000195341544901035,0.00017190960316185,2.34319417391851e-05,2.34319417391851e-05,"pc = 1 − pc = 0.5"
"481de4037ed3f3bcf51b47e548dcbd9e","Novosphingobium","clr_1","clr_0.5",0.000186197801830702,0.000228532652368607,-4.23348505379051e-05,4.23348505379051e-05,"pc = 1 − pc = 0.5"
"0c3800224e14775f2abb6f91ff7450cf","Fimbriiglobus","clr_1","clr_0.5",0.000178027928026506,6.00944495414743e-05,0.000117933478485032,0.000117933478485032,"pc = 1 − pc = 0.5"
"0ea1dc2365236a4157aaae6a095fdfdd","Fibrella","clr_1","clr_0.5",0.000178002189167966,0.000180475028925303,-2.47283975733775e-06,2.47283975733775e-06,"pc = 1 − pc = 0.5"
"fd114ad6491bbfce6cc14cfaba316b67","Hyphomicrobiaceae Family","clr_1","clr_0.5",0.000176183187990576,0.000176183187990576,0,0,"pc = 1 − pc = 0.5"
"16da9716b4d7c3c9c904f3f799d67dfe","Comamonas","clr_1","clr_0.5",0.000174688600350063,0.000106360026539083,6.83285738109804e-05,6.83285738109804e-05,"pc = 1 − pc = 0.5"
"fc344c3d65897b11c8304a2bdf3d623e","Microbacteriaceae Family","clr_1","clr_0.5",0.000167128910992076,0.000167128910992076,0,0,"pc = 1 − pc = 0.5"
"73ab6d6608a93a7bc935f8048997c6fc","Rhodospirillales Order","clr_1","clr_0.5",0.000166613965734844,0.000166613965734844,0,0,"pc = 1 − pc = 0.5"
"08e95f8aadda45f7fa04b997b0579b10","A0839 Family","clr_1","clr_0.5",0.000152191513198108,-0.000323838336915517,0.000476029850113625,0.000476029850113625,"pc = 1 − pc = 0.5"
"f3e48c5b6a5d9c30baaf78f71f1706fa","Pirellula","clr_1","clr_0.5",0.000149293970347564,0.000163513900874542,-1.42199305269786e-05,1.42199305269786e-05,"pc = 1 − pc = 0.5"
"fb2b00a8282741f54559c37f4ce69e20","Cyanobium","clr_1","clr_0.5",0.000142237337680519,0.000142237337680519,0,0,"pc = 1 − pc = 0.5"
"0d7eacfd4c0aa8f5967e44aebcfea42f","Gemmata","clr_1","clr_0.5",0.000141734316331633,4.59483186827225e-05,9.57859976489105e-05,9.57859976489105e-05,"pc = 1 − pc = 0.5"
"0d9a85a8f16a66d5dc0e5eacea0c4d39","Candidatus Paracaedibacter","clr_1","clr_0.5",0.000140968087563608,0.000154751510576956,-1.37834230133475e-05,1.37834230133475e-05,"pc = 1 − pc = 0.5"
"af8f08828162de70db80a123f4d379ec","Gammaproteobacteria Class","clr_1","clr_0.5",0.000139670402783896,0.000143434038456698,-3.76363567280205e-06,3.76363567280205e-06,"pc = 1 − pc = 0.5"
"93522be911c0a10ef2cabf936ee5d2b5","PeM15 Order","clr_1","clr_0.5",0.00013620142745419,0.00013620142745419,0,0,"pc = 1 − pc = 0.5"
"800c01f333327cd99370115d8c568cc4","Elsterales Order","clr_1","clr_0.5",0.000131265289874473,-4.20325454809551e-05,0.000173297835355428,0.000173297835355428,"pc = 1 − pc = 0.5"
"cd73125f6ca8e56f73bbd3e6b780f8e9","Fimbriiglobus","clr_1","clr_0.5",0.000129909901340641,0.00022700309131443,-9.70931899737891e-05,9.70931899737891e-05,"pc = 1 − pc = 0.5"
"e8724520788bb38a7f9d22c91318f016","Rhizobacter","clr_1","clr_0.5",0.000121592465860008,0.000103966977273692,1.7625488586316e-05,1.7625488586316e-05,"pc = 1 − pc = 0.5"
"e7bf8b888611a3cd1b5c84cdcd76321f","Aggregatilineaceae Family","clr_1","clr_0.5",0.000117711243059816,0.000228806401114534,-0.000111095158054718,0.000111095158054718,"pc = 1 − pc = 0.5"
"4066bd673ae4accaad3d8a94bcdb2d24","Microcystaceae Family","clr_1","clr_0.5",0.000115662039479386,0.000115662039479386,0,0,"pc = 1 − pc = 0.5"
"ca274cac3782ce39f30b91a1ae9e19b8","Caulobacter","clr_1","clr_0.5",0.000112541737763587,0.000201259186344133,-8.8717448580546e-05,8.8717448580546e-05,"pc = 1 − pc = 0.5"
"5de27febf2c3146c05611c279e97767b","Cyanobium","clr_1","clr_0.5",0.000110156537488697,0.000110156537488697,0,0,"pc = 1 − pc = 0.5"
"2bd79804ec25f3151f8ec3f31c842dd0","Rhodovarius","clr_1","clr_0.5",0.000109340512769525,0.000194878823020586,-8.55383102510612e-05,8.55383102510612e-05,"pc = 1 − pc = 0.5"
"ab1257929cfef8e80de3736c30d4e7a9","SM2D12 Family","clr_1","clr_0.5",0.000107528746531067,-0.000178551796179572,0.00028608054271064,0.00028608054271064,"pc = 1 − pc = 0.5"
"9b3becce3e5841cf9cd818eda34e6f49","NS9 marine group Family","clr_1","clr_0.5",0.00010545519714211,0.00010545519714211,2.71050543121376e-20,2.71050543121376e-20,"pc = 1 − pc = 0.5"
"53ca06737199ee3678325edb8269c6a0","Pedomicrobium","clr_1","clr_0.5",0.00010466305064969,0.00010466305064969,0,0,"pc = 1 − pc = 0.5"
"d6c6e091960efb55e30fa71a4ebb16b1","CL500-29 marine group","clr_1","clr_0.5",9.82735006048588e-05,1.81683819027255e-05,8.01051187021334e-05,8.01051187021334e-05,"pc = 1 − pc = 0.5"
"fc7b257064027e1bc2b6fbfb4584677d","Piscinibacter","clr_1","clr_0.5",9.40565650402711e-05,9.40565650402711e-05,0,0,"pc = 1 − pc = 0.5"
"bd9fb85fbc617c063ef39df89e371752","Fimbriimonadaceae Family","clr_1","clr_0.5",9.07468437850621e-05,0.000112509601387079,-2.17627576020164e-05,2.17627576020164e-05,"pc = 1 − pc = 0.5"
"99be950acd04b1895e6a527e017fcfcc","Schlesneriaceae Family","clr_1","clr_0.5",8.9602842652199e-05,0.000158407542977082,-6.88047003248831e-05,6.88047003248831e-05,"pc = 1 − pc = 0.5"
"d74e073ecdeaccac7fc62dae8c532684","Acetobacteraceae Family","clr_1","clr_0.5",8.6516317920945e-05,8.6516317920945e-05,0,0,"pc = 1 − pc = 0.5"
"ca61a8ea13943524f0f63090b66d787e","Planctopirus","clr_1","clr_0.5",8.56857486937284e-05,8.56857486937284e-05,0,0,"pc = 1 − pc = 0.5"
"cff38044be14d54e8fbf9a0039c77f73","Gemmatimonas","clr_1","clr_0.5",7.70227312716028e-05,8.40187895388726e-05,-6.99605826726982e-06,6.99605826726982e-06,"pc = 1 − pc = 0.5"
"d3530350480a2196e24a004fa0027558","Comamonadaceae Family","clr_1","clr_0.5",7.69705345503691e-05,9.59673663281098e-05,-1.89968317777407e-05,1.89968317777407e-05,"pc = 1 − pc = 0.5"
"3d5baff45729bf2214074c2e9f77ad10","Acinetobacter","clr_1","clr_0.5",7.59034579640671e-05,7.59034579640671e-05,0,0,"pc = 1 − pc = 0.5"
"b05e5fdce9d1c40bb22414c1431ea80a","Hyphomicrobium","clr_1","clr_0.5",7.58149287923556e-05,3.58763001740468e-05,3.99386286183088e-05,3.99386286183088e-05,"pc = 1 − pc = 0.5"
"5ef8ac97132e326623e1522494b53da4","Ferruginibacter","clr_1","clr_0.5",7.19577310641535e-05,-2.61959376110829e-05,9.81536686752363e-05,9.81536686752363e-05,"pc = 1 − pc = 0.5"
"c100666cd6c73b060c39549a6e31b798","Sediminibacterium","clr_1","clr_0.5",7.10071282448078e-05,7.10071282448078e-05,0,0,"pc = 1 − pc = 0.5"
"62c61039659ab77c64267924fee58062","SM2D12 Family","clr_1","clr_0.5",7.05844220242803e-05,7.05844220242803e-05,0,0,"pc = 1 − pc = 0.5"
"57b92326c77017ea2f2bda05f0b71a66","Armatimonas","clr_1","clr_0.5",7.00365736447943e-05,-0.000158053521007959,0.000228090094652753,0.000228090094652753,"pc = 1 − pc = 0.5"
"db28c3826c685c75e7d3d5e7de1474a5","Pedomicrobium","clr_1","clr_0.5",6.81006403828842e-05,6.81006403828842e-05,0,0,"pc = 1 − pc = 0.5"
"fca1ed7792b0c80cd00c60203ba400e8","Flavobacterium","clr_1","clr_0.5",6.59846968689777e-05,6.59846968689777e-05,0,0,"pc = 1 − pc = 0.5"
"e8d79105228061b51c142e647eec6c36","Candidatus Captivus","clr_1","clr_0.5",6.5758684469953e-05,6.5758684469953e-05,1.35525271560688e-20,1.35525271560688e-20,"pc = 1 − pc = 0.5"
"535d90a8b6d18e5de86b35a5dc0e769f","Oculatellaceae_XX","clr_1","clr_0.5",6.41738925386558e-05,0.000185068007781349,-0.000120894115242693,0.000120894115242693,"pc = 1 − pc = 0.5"
"cc363a9ccd3549e646859ab1ffe9d460","Sandaracinus","clr_1","clr_0.5",6.40427813005264e-05,6.40427813005264e-05,0,0,"pc = 1 − pc = 0.5"
"3f2be21b85545072b2364e4a2273814a","Phaselicystis","clr_1","clr_0.5",6.38830963842137e-05,-0.000176652282681269,0.000240535379065483,0.000240535379065483,"pc = 1 − pc = 0.5"
"c453ebf9e2a74c4319a8c4da8f15e251","Gemmata","clr_1","clr_0.5",6.26352459765015e-05,6.26352459765015e-05,0,0,"pc = 1 − pc = 0.5"
"7a34943a25778b88caa26212d23df1c9","Paludibaculum","clr_1","clr_0.5",6.15602676398683e-05,7.53670810877628e-05,-1.38068134478945e-05,1.38068134478945e-05,"pc = 1 − pc = 0.5"
"8feef3ba03b14622d6d78fa37be76f0f","LiUU-11-161 Family","clr_1","clr_0.5",5.98011360819624e-05,5.98011360819624e-05,0,0,"pc = 1 − pc = 0.5"
"653334c36340a20181971e05d9b4e110","Rhodoferax","clr_1","clr_0.5",5.86176437080876e-05,7.85120200493573e-05,-1.98943763412697e-05,1.98943763412697e-05,"pc = 1 − pc = 0.5"
"55954ea021303330f19413b0882998fe","Rickettsiellaceae Family","clr_1","clr_0.5",5.76395407193339e-05,0.000103014703027349,-4.53751623080153e-05,4.53751623080153e-05,"pc = 1 − pc = 0.5"
"27802da899201a0ce58d65877a284e0f","Anthocerotibacter","clr_1","clr_0.5",5.68338957793908e-05,0.000181088776173664,-0.000124254880394274,0.000124254880394274,"pc = 1 − pc = 0.5"
"2f98cd1d4ed3112ff2bceffb6408476f","Hyphomicrobium","clr_1","clr_0.5",5.51436850814422e-05,6.38861495630669e-06,4.87550701251355e-05,4.87550701251355e-05,"pc = 1 − pc = 0.5"
"e234c0d07b0652afe259ec8b7d551ecb","P3OB-42","clr_1","clr_0.5",5.39038604596108e-05,5.39038604596108e-05,0,0,"pc = 1 − pc = 0.5"
"3fd07b98dedfbc282868e5061f99eb3e","Bryobacter","clr_1","clr_0.5",5.29884884668407e-05,-1.47495623709008e-05,6.77380508377414e-05,6.77380508377414e-05,"pc = 1 − pc = 0.5"
"1d2e606796281040981e67f350b44a64","Telmatocola","clr_1","clr_0.5",5.01316430029243e-05,5.01316430029243e-05,0,0,"pc = 1 − pc = 0.5"
"3b9a640a2fb04ef04b82b218fc1fb455","Fimbriiglobus","clr_1","clr_0.5",4.86877611396087e-05,-0.000190051110592247,0.000238738871731856,0.000238738871731856,"pc = 1 − pc = 0.5"
"cadab640e721ebedf3a98194c976aab3","Limnohabitans","clr_1","clr_0.5",3.95416656948369e-05,-6.67716897954695e-05,0.000106313355490306,0.000106313355490306,"pc = 1 − pc = 0.5"
"e2b82a3e451a8e43e175bbeb3a56a713","Verrucomicrobiaceae Family","clr_1","clr_0.5",3.95183053526276e-05,0.000143583659889199,-0.000104065354536571,0.000104065354536571,"pc = 1 − pc = 0.5"
"6510fa10b181e1f66b763278c64bf2ed","Ferruginibacter","clr_1","clr_0.5",3.9189205869226e-05,3.9189205869226e-05,0,0,"pc = 1 − pc = 0.5"
"edb114398ced5bf958f4f404493a6642","Haliscomenobacter","clr_1","clr_0.5",3.78644285408952e-05,0.000119407050811352,-8.15426222704571e-05,8.15426222704571e-05,"pc = 1 − pc = 0.5"
"0a773ec23d772b90f5c06258c6a4c659","Candidatus Nitrosoarchaeum","clr_1","clr_0.5",3.71226402589862e-05,3.71226402589862e-05,0,0,"pc = 1 − pc = 0.5"
"7103737162d2f1b8f90c0ed9364846b6","Pirellula","clr_1","clr_0.5",3.28403185542885e-05,3.28403185542885e-05,0,0,"pc = 1 − pc = 0.5"
"4ece9bc18568cfaeb4b26ec23189b235","Candidatus Nomurabacteria Order","clr_1","clr_0.5",3.01744975253472e-05,0.00023141328680212,-0.000201238789276773,0.000201238789276773,"pc = 1 − pc = 0.5"
"4112eeace57200636aefa80277a9968b","Simplicispira","clr_1","clr_0.5",3.0127346081676e-05,3.0127346081676e-05,0,0,"pc = 1 − pc = 0.5"
"a738568b261166a672bdd2c51055fff7","Rhodoferax","clr_1","clr_0.5",2.78818012855349e-05,-3.80567831202982e-05,6.5938584405833e-05,6.5938584405833e-05,"pc = 1 − pc = 0.5"
"315fae925226ac44af01d992c1732f74","Zavarzinella","clr_1","clr_0.5",2.32713177028338e-05,2.32713177028338e-05,0,0,"pc = 1 − pc = 0.5"
"01255b0ddc21923e6857364b7e46bf36","Candidatus-Aurora","clr_1","clr_0.5",2.22107238464968e-05,2.22107238464968e-05,0,0,"pc = 1 − pc = 0.5"
"949a525dcd53e0d62b3da8c15a35ac5e","Paludibacter","clr_1","clr_0.5",2.18414958256306e-05,2.18414958256306e-05,0,0,"pc = 1 − pc = 0.5"
"faa16231957f87bae62c66f794a67376","Hyphomicrobium","clr_1","clr_0.5",2.15948807439177e-05,7.16832611870307e-05,-5.00883804431129e-05,5.00883804431129e-05,"pc = 1 − pc = 0.5"
"790d6e02538d0700ac71d369d24e6b1b","Aquicella","clr_1","clr_0.5",1.68833959310963e-05,8.14282830747822e-05,-6.45448871436859e-05,6.45448871436859e-05,"pc = 1 − pc = 0.5"
"8600eaace3fdec4f4d5c4669474c7b19","Pegethrix","clr_1","clr_0.5",1.65505780516786e-05,4.60474915442356e-05,-2.94969134925569e-05,2.94969134925569e-05,"pc = 1 − pc = 0.5"
"23e57d22717a53eea9963f3b2112655f","Acetobacteraceae Family","clr_1","clr_0.5",1.44351559307057e-05,4.12634504493099e-05,-2.68282945186041e-05,2.68282945186041e-05,"pc = 1 − pc = 0.5"
"32982af14a72d3056a596a476694b112","Armatimonadaceae Family","clr_1","clr_0.5",1.39884892753913e-05,1.39884892753913e-05,0,0,"pc = 1 − pc = 0.5"
"1218881a7c5a7c49ba20eec9fd2c8822","Anthocerotibacter","clr_1","clr_0.5",8.53448176741285e-06,-2.23716102432086e-05,3.09060920106214e-05,3.09060920106214e-05,"pc = 1 − pc = 0.5"
"358570aef8edf93b0cdb2d12d1dcc03a","Gemmataceae Family","clr_1","clr_0.5",8.17496015262979e-06,8.17496015262979e-06,0,0,"pc = 1 − pc = 0.5"
"e193fca37f6107aebe91cc968fdcec83","Legionella","clr_1","clr_0.5",8.17253062361445e-06,8.17253062361445e-06,0,0,"pc = 1 − pc = 0.5"
"3bd636495ea065c51147a06fef77565b","Paracaedibacteraceae Family","clr_1","clr_0.5",5.05945600649647e-06,5.05945600649647e-06,0,0,"pc = 1 − pc = 0.5"
"573091d7ddd85f9c5f14a7e53d2ba0bf","Caulobacter","clr_1","clr_0.5",1.48354958899439e-06,1.48354958899439e-06,0,0,"pc = 1 − pc = 0.5"
"8d32cb7d685931e9669b78d2cde217c5","Polymorphobacter","clr_1","clr_0.5",7.83882308462736e-07,-4.18812876877769e-05,4.26651699962396e-05,4.26651699962396e-05,"pc = 1 − pc = 0.5"
"38443fb07dc38d25b81f1dbaf045de0b","Fimbriiglobus","clr_1","clr_0.5",2.43078599471469e-07,-0.000123216544597996,0.000123459623197468,0.000123459623197468,"pc = 1 − pc = 0.5"
"72ba808c71de462f4969aac003b05d84","Hyphomicrobium","clr_1","clr_0.5",0,0,0,0,"pc = 1 − pc = 0.5"
"1713ee6e69b4be9b82bb77cdbbae12b8","Chitinophagaceae Family","clr_1","clr_0.5",-1.33674469184292e-06,-1.33674469184292e-06,0,0,"pc = 1 − pc = 0.5"
"1a131635c7cef07af21b4ec48465d88d","Parablastomonas","clr_1","clr_0.5",-1.98167974139389e-06,0.000116303851622317,-0.000118285531363711,0.000118285531363711,"pc = 1 − pc = 0.5"
"1e8f19b66fc4e38497f12df420b9b9c2","Armatimonadaceae Family","clr_1","clr_0.5",-9.90084628227265e-06,-1.80140036639398e-05,8.1131573816672e-06,8.1131573816672e-06,"pc = 1 − pc = 0.5"
"b38fe94b163483eae343872c3e9860f0","Cylindrospermum","clr_1","clr_0.5",-1.23097774098303e-05,1.76457832238435e-05,-2.99555606336738e-05,2.99555606336738e-05,"pc = 1 − pc = 0.5"
"5db99293e9b1fc0a4ffea5bfc8dad05a","Anthocerotibacter","clr_1","clr_0.5",-1.33191005307943e-05,3.50034905983187e-05,-4.83225911291129e-05,4.83225911291129e-05,"pc = 1 − pc = 0.5"
"1e31234f3abac84a6cee692d11823046","AKYH767 Family","clr_1","clr_0.5",-1.53268253348278e-05,-0.000173954977930386,0.000158628152595558,0.000158628152595558,"pc = 1 − pc = 0.5"
"7069712c1deee58d640df6a9cbe743dd","Polaromonas","clr_1","clr_0.5",-1.64693781855501e-05,2.94334460503695e-05,-4.59028242359196e-05,4.59028242359196e-05,"pc = 1 − pc = 0.5"
"91b6ecde35c8798c2d40e3bb81c49994","SWB02","clr_1","clr_0.5",-1.84040334282384e-05,-1.84040334282384e-05,0,0,"pc = 1 − pc = 0.5"
"7fa5b852c14ad396b7c33bcc884f41dd","Armatimonadaceae Family","clr_1","clr_0.5",-2.86016015141874e-05,-3.45520842209551e-05,5.95048270676774e-06,5.95048270676774e-06,"pc = 1 − pc = 0.5"
"dda465c26be95ed7df6bf5e5b57d734f","Oculatellaceae Family","clr_1","clr_0.5",-2.98476987035091e-05,1.17708239912038e-05,-4.16185226947129e-05,4.16185226947129e-05,"pc = 1 − pc = 0.5"
"68bc1a630da2bea58a29c24bcacffe3d","Pirellula","clr_1","clr_0.5",-3.09862115533307e-05,9.9151260363435e-05,-0.000130137471916766,0.000130137471916766,"pc = 1 − pc = 0.5"
"32181b006051d0c53a829c211710b508","AAP99","clr_1","clr_0.5",-3.27368891168899e-05,-0.000329927313671701,0.000297190424554811,0.000297190424554811,"pc = 1 − pc = 0.5"
"ae9ca4f1c89de2162ba1c4051d205315","Comamonadaceae Family","clr_1","clr_0.5",-3.77514244338066e-05,-3.77514244338066e-05,0,0,"pc = 1 − pc = 0.5"
"891965af23715f131ba4c6fe0beae228","Candidatus Nitrosoarchaeum","clr_1","clr_0.5",-4.08934936641913e-05,-4.08934936641913e-05,0,0,"pc = 1 − pc = 0.5"
"5750c52ff8a6d630568878d3c75f5719","Rhodovastum","clr_1","clr_0.5",-4.47830878958293e-05,-4.47830878958293e-05,0,0,"pc = 1 − pc = 0.5"
"a4d78f7aef21dccbf726791e103fc440","Comamonadaceae Family","clr_1","clr_0.5",-4.8411825227769e-05,1.71107355593184e-05,-6.55225607870875e-05,6.55225607870875e-05,"pc = 1 − pc = 0.5"
"5aebf7678cfde20d9596757b464f477e","Pedosphaeraceae Family","clr_1","clr_0.5",-4.92203420191874e-05,4.35570355189201e-05,-9.27773775381075e-05,9.27773775381075e-05,"pc = 1 − pc = 0.5"
"c04c3567bb5be7ae906a80865e5932f1","Pedomicrobium","clr_1","clr_0.5",-5.78870707697374e-05,-5.78870707697374e-05,0,0,"pc = 1 − pc = 0.5"
"726adcf2c36b8506b1618c939afc6308","Fimbriiglobus","clr_1","clr_0.5",-5.89418078416375e-05,0.000195135388393247,-0.000254077196234884,0.000254077196234884,"pc = 1 − pc = 0.5"
"981316dd1f4cd311c729bcbf54ab7a18","Spirosoma","clr_1","clr_0.5",-6.65066461781535e-05,0,-6.65066461781535e-05,6.65066461781535e-05,"pc = 1 − pc = 0.5"
"6585f3f67b2080b20dd9d970bfd76132","env.OPS 17 Family","clr_1","clr_0.5",-6.74670398444688e-05,-6.74670398444688e-05,0,0,"pc = 1 − pc = 0.5"
"5a437028af9e0a2acd9a42474b7c6310","Acetobacteraceae Family","clr_1","clr_0.5",-6.96745615006294e-05,-6.96745615006294e-05,0,0,"pc = 1 − pc = 0.5"
"3b50e9874fa67e04b49f5a59ecf0059a","Erythrobacter","clr_1","clr_0.5",-7.13038198106456e-05,-1.60945162992294e-05,-5.52093035114162e-05,5.52093035114162e-05,"pc = 1 − pc = 0.5"
"bf9a8801c54bb6e455943138aaac2268","SH3-11","clr_1","clr_0.5",-8.93361470156569e-05,-9.02877137259364e-06,-8.03073756430633e-05,8.03073756430633e-05,"pc = 1 − pc = 0.5"
"0a165844daf38d8ce2008c94a5b4565e","Sphingomonas","clr_1","clr_0.5",-8.96902219761335e-05,-6.00102310299154e-05,-2.96799909462181e-05,2.96799909462181e-05,"pc = 1 − pc = 0.5"
"72d690501e343840c31a1f7abf932868","LiUU-11-161 Family","clr_1","clr_0.5",-9.70677444025692e-05,-0.000136778877769822,3.97111333672528e-05,3.97111333672528e-05,"pc = 1 − pc = 0.5"
"5a21435514338a7ba55a469f6e66171d","Rhodocyclaceae Family","clr_1","clr_0.5",-0.000101634546295146,-0.000101634546295146,0,0,"pc = 1 − pc = 0.5"
"6945d94103ada823c2811f2b81c56ba0","Fuscovulum","clr_1","clr_0.5",-0.000112608930651702,6.15353555066848e-05,-0.000174144286158387,0.000174144286158387,"pc = 1 − pc = 0.5"
"7d74b9425e04821baca8cb198ac1c948","Fimbriimonadaceae Family","clr_1","clr_0.5",-0.000114195134510599,-9.30109015460243e-05,-2.11842329645744e-05,2.11842329645744e-05,"pc = 1 − pc = 0.5"
"c93010ec80b60963dcf9274e964ada4b","Luteolibacter","clr_1","clr_0.5",-0.000143183782217603,8.11750535936933e-06,-0.000151301287576973,0.000151301287576973,"pc = 1 − pc = 0.5"
"c7acee529d50ca5e19f817efbff81af9","Aphanothece","clr_1","clr_0.5",-0.000155532305551136,-0.000155532305551136,0,0,"pc = 1 − pc = 0.5"
"881c2e31de3f5d2593495ac37a1590c1","Fimbriiglobus","clr_1","clr_0.5",-0.000162397962821949,-7.30164238783333e-05,-8.93815389436161e-05,8.93815389436161e-05,"pc = 1 − pc = 0.5"
"8df5a5aaa4151285e928fba5be95a4d3","Rubrivivax","clr_1","clr_0.5",-0.00016277911886838,-0.00016277911886838,2.71050543121376e-20,2.71050543121376e-20,"pc = 1 − pc = 0.5"
"f447af7c4b569979c11916fbb182be2a","Silvanigrellaceae Family","clr_1","clr_0.5",-0.000165220622558392,-0.000210157602170604,4.49369796122122e-05,4.49369796122122e-05,"pc = 1 − pc = 0.5"
"0742fb23302cfa34adb51a2634fe7219","Elsteraceae Family","clr_1","clr_0.5",-0.000171528967548224,-0.000174309753293011,2.78078574478718e-06,2.78078574478718e-06,"pc = 1 − pc = 0.5"
"103ad5940ac3b635fa0afe4680cbc582","Leptothrix","clr_1","clr_0.5",-0.000177249611703698,-0.000178182428590948,9.32816887249614e-07,9.32816887249614e-07,"pc = 1 − pc = 0.5"
"7e86ceaf56a9da491e637ed4c6aebdbb","Pseudobdellovibrionaceae Family","clr_1","clr_0.5",-0.00021167534404572,-9.50872392206225e-05,-0.000116588104825098,0.000116588104825098,"pc = 1 − pc = 0.5"
"919f52074a986016c7e460883cbe1484","Rhodoferax","clr_1","clr_0.5",-0.000241420402435225,0.000842342309920907,-0.00108376271235613,0.00108376271235613,"pc = 1 − pc = 0.5"
"6764f73585d62530651ccbf6cf8c3fe5","Sphaerotilus","clr_1","clr_0.5",-0.000250354125749887,-0.000318829346192773,6.84752204428862e-05,6.84752204428862e-05,"pc = 1 − pc = 0.5"
"35f34c808b950913c07c2c2aabb660b4","Elsteraceae Family","clr_1","clr_0.5",-0.00028445567481189,-0.000213364486233511,-7.10911885783786e-05,7.10911885783786e-05,"pc = 1 − pc = 0.5"
"79d376976c3bfb5e0a49c1f581b289c6","Sandaracinobacter","clr_1","clr_0.5",-0.000357564564001597,-0.000357564564001597,0,0,"pc = 1 − pc = 0.5"
"0f4d251ebd2112cffb56099bc4772b0a","Burkholderiaceae Family","clr_1","clr_0.5",-0.000385054656238648,-0.000440555117960611,5.55004617219635e-05,5.55004617219635e-05,"pc = 1 − pc = 0.5"
"92886da043b3cfb88c385fc9b72752d5","Panacibacter","clr_1","clr_0.5",-0.000388513684513533,-0.000208002469831258,-0.000180511214682275,0.000180511214682275,"pc = 1 − pc = 0.5"
"7f60fc3cb896896f7bdb1eca264a3682","CL500-3","clr_1","clr_0.5",-0.000463974815424925,-0.000240268711150637,-0.000223706104274287,0.000223706104274287,"pc = 1 − pc = 0.5"
"16acf0742b9bf7ac516eb47de2aa1f8c","Hyphomonadaceae Family","clr_1","clr_0.5",-0.00049930338190183,-0.000517594623293123,1.82912413912934e-05,1.82912413912934e-05,"pc = 1 − pc = 0.5"
"37bdabb058fbb4b5d00262bdfa49bff6","Phenylobacterium","clr_1","clr_0.5",-0.000637362428413221,-0.000554709449388533,-8.26529790246879e-05,8.26529790246879e-05,"pc = 1 − pc = 0.5"
"6c9f91b861ced47f136e2bf9b8b7a152","Leptolyngbyaceae Family","clr_1","clr_0.5",-0.000878086051790645,-0.000590577293286914,-0.000287508758503731,0.000287508758503731,"pc = 1 − pc = 0.5"
"772ad1eb60ac8444ec6adcaf9e9777c7","Spirochaeta 2","clr_1","clr_0.5",-0.000912846579116681,-0.000912846579116681,0,0,"pc = 1 − pc = 0.5"
"2e9efbeecb4de61ecc8d6522aa8d3410","Ferruginibacter","clr_1","clr_0.5",-0.00115990695606478,-0.000930331403479738,-0.000229575552585039,0.000229575552585039,"pc = 1 − pc = 0.5"
"2d9a9d6012e671d8135cb2df734d9edd","Gemmatimonas","clr_1","clr_0.1",0.00730006211809868,0.00121772390293102,0.00608233821516766,0.00608233821516766,"pc = 1 − pc = 0.1"
"b7a6de9f78e6c96910566ca3f2778318","Armatimonadaceae Family","clr_1","clr_0.1",0.00590565175270791,0.00195205536636995,0.00395359638633797,0.00395359638633797,"pc = 1 − pc = 0.1"
"c4bfdac27a83e2361cd70c4f37cbeb51","Paludibaculum","clr_1","clr_0.1",0.00486897444900041,0.00209749718279837,0.00277147726620204,0.00277147726620204,"pc = 1 − pc = 0.1"
"649f026cd615015b1c0f8e760d309122","Luteimonas","clr_1","clr_0.1",0.0044105477520672,0.00181944248232694,0.00259110526974025,0.00259110526974025,"pc = 1 − pc = 0.1"
"7a2f122fddae43a0010e633c008bc09b","Blfdi19 Order","clr_1","clr_0.1",0.0043705319800717,0.00141044925804932,0.00296008272202238,0.00296008272202238,"pc = 1 − pc = 0.1"
"6fa14f70b44f6de870d45c0e905c45fe","Fimbriiglobus","clr_1","clr_0.1",0.00410484332675136,0.00265780064491505,0.00144704268183631,0.00144704268183631,"pc = 1 − pc = 0.1"
"b44b7ef824cadcd24ea6fea45051a73e","Fimbriimonadaceae Family","clr_1","clr_0.1",0.0038511736529841,0.00377934859885805,7.18250541260558e-05,7.18250541260558e-05,"pc = 1 − pc = 0.1"
"65d43491988bfe557da4d86a5ba25dae","Staphylococcus","clr_1","clr_0.1",0.00372110532874555,0.00468500328432104,-0.000963897955575488,0.000963897955575488,"pc = 1 − pc = 0.1"
"cdc9eb301c1347f5753343884d1a5b41","mle1-27 Order","clr_1","clr_0.1",0.00363802688316164,0.00437574406700564,-0.000737717183843992,0.000737717183843992,"pc = 1 − pc = 0.1"
"66206d59214d8cc4ecb65a71e9350c9c","Phreatobacter","clr_1","clr_0.1",0.00361573931963143,0.00368359900747341,-6.78596878419826e-05,6.78596878419826e-05,"pc = 1 − pc = 0.1"
"5fa97937c087ce34a2c5ae09d617b9b1","Pedosphaeraceae Family","clr_1","clr_0.1",0.00357435519549626,0.00357959250811045,-5.23731261418666e-06,5.23731261418666e-06,"pc = 1 − pc = 0.1"
"15186d19694f00776956343942b4f186","Gloeobacter","clr_1","clr_0.1",0.00353011482111822,0.00167024424556226,0.00185987057555596,0.00185987057555596,"pc = 1 − pc = 0.1"
"9a7f96749fc3614a624e31996bd7b4d4","Vermiphilaceae Family","clr_1","clr_0.1",0.00347091900683798,0.00304649042580195,0.000424428581036029,0.000424428581036029,"pc = 1 − pc = 0.1"
"5fb691caf53996697fc5745ffa6620ae","Lacibacter","clr_1","clr_0.1",0.00339943459826133,0.00326571954133579,0.000133715056925534,0.000133715056925534,"pc = 1 − pc = 0.1"
"61c901297973162caaee28a638a3d9d9","Solirubrobacteraceae Family","clr_1","clr_0.1",0.00335690974470973,0.00305371209518156,0.00030319764952817,0.00030319764952817,"pc = 1 − pc = 0.1"
"34ec42044c0d886b375a356f164f6bd3","Methylorosula","clr_1","clr_0.1",0.0033046804722303,0.00315078870410096,0.000153891768129341,0.000153891768129341,"pc = 1 − pc = 0.1"
"3067f2c7606dcdd91e7f2803033e82b7","Silvanigrellaceae Family","clr_1","clr_0.1",0.00319490288425144,0.00307596907700535,0.000118933807246088,0.000118933807246088,"pc = 1 − pc = 0.1"
"de12a9a4b8be3995816194f3492ff412","Singulisphaera","clr_1","clr_0.1",0.00312205306291974,0.00332714223753893,-0.000205089174619184,0.000205089174619184,"pc = 1 − pc = 0.1"
"7303c7950d30d98f6084c7e1e4c54ea1","Nodosilinea","clr_1","clr_0.1",0.00304019297714469,0.000152384302025979,0.00288780867511871,0.00288780867511871,"pc = 1 − pc = 0.1"
"63f6feb8129502afd0ea246b2fec0692","Rickettsiellaceae Family","clr_1","clr_0.1",0.00299712876046371,0.00231399056217793,0.000683138198285778,0.000683138198285778,"pc = 1 − pc = 0.1"
"79cb0502666fb336451226c33970ec67","Chitinophagaceae Family","clr_1","clr_0.1",0.00285245094149937,0.00303927284687325,-0.000186821905373882,0.000186821905373882,"pc = 1 − pc = 0.1"
"9ed3e1edc621c9a94608480eb8b4351b","Pseudanabaena","clr_1","clr_0.1",0.00284601578329616,0.00213302585395296,0.000712989929343203,0.000712989929343203,"pc = 1 − pc = 0.1"
"c91235968ea14ce60ae7e2fa8b3aadb4","Latescibacterota Phylum","clr_1","clr_0.1",0.00283768980735856,0.00333557894475678,-0.000497889137398223,0.000497889137398223,"pc = 1 − pc = 0.1"
"bb286c96101b73e1bb46d5ff9b9da229","Polyangium","clr_1","clr_0.1",0.00272590347402722,0.0019028674616049,0.000823036012422317,0.000823036012422317,"pc = 1 − pc = 0.1"
"b701af8d98ca714dab16ab6724bb631a","Galbitalea","clr_1","clr_0.1",0.00270782237324924,0.00301172407516318,-0.000303901701913936,0.000303901701913936,"pc = 1 − pc = 0.1"
"328990122454db415c3696781e42778f","Phormidesmis","clr_1","clr_0.1",0.00270409892126589,0.00261725642097721,8.68425002886839e-05,8.68425002886839e-05,"pc = 1 − pc = 0.1"
"3505278bbef674c198e14875912fa8e5","Nocardioides","clr_1","clr_0.1",0.00263812767943833,0.00242960384208746,0.00020852383735087,0.00020852383735087,"pc = 1 − pc = 0.1"
"9e36c8c025b5170a2b5af14dc13bf3bf","Eremiobacteria Class","clr_1","clr_0.1",0.00263459104669004,0.00277231522291327,-0.000137724176223232,0.000137724176223232,"pc = 1 − pc = 0.1"
"afc8be1bf12a273aee66a9cf23603a63","Acetobacteraceae Family","clr_1","clr_0.1",0.00258444027273214,0.00413035785050487,-0.00154591757777273,0.00154591757777273,"pc = 1 − pc = 0.1"
"8c45d6dd71022de8cedfa07abbd65788","Tundrisphaera","clr_1","clr_0.1",0.00248492948008998,0.0015738380310795,0.000911091449010487,0.000911091449010487,"pc = 1 − pc = 0.1"
"ec0f2c0dafb364dfe9e9044a2db5f8fc","IMCC26207","clr_1","clr_0.1",0.00245357579984215,0.00230165490142478,0.000151920898417372,0.000151920898417372,"pc = 1 − pc = 0.1"
"170da4a26ca000e2245c8b471ff2fa71","NS9 marine group Family","clr_1","clr_0.1",0.0024335489357152,0.00269877683257264,-0.000265227896857436,0.000265227896857436,"pc = 1 − pc = 0.1"
"89c76625e45ab0499f29cc2dc2beb69c","SL56 marine group Class","clr_1","clr_0.1",0.00243289473045614,0.00261919346012659,-0.000186298729670451,0.000186298729670451,"pc = 1 − pc = 0.1"
"750dab93d926d40d7cd439faa6640f33","Haliscomenobacter","clr_1","clr_0.1",0.00240595032701025,0.00238315050290257,2.27998241076823e-05,2.27998241076823e-05,"pc = 1 − pc = 0.1"
"df824eff77d1e1a62e26119a49a422de","Comamonadaceae Family","clr_1","clr_0.1",0.00240393494980647,0.00238388462121323,2.00503285932361e-05,2.00503285932361e-05,"pc = 1 − pc = 0.1"
"c4e72b68a0138eb7ed4ec9390f496838","Luteolibacter","clr_1","clr_0.1",0.00240332882658279,0.00271625193461531,-0.000312923108032517,0.000312923108032517,"pc = 1 − pc = 0.1"
"7edb4e0c95b9fecd08046d75a5195d5c","SM1A02","clr_1","clr_0.1",0.00229135083728261,0.00220741062510617,8.39402121764329e-05,8.39402121764329e-05,"pc = 1 − pc = 0.1"
"2a4e8c5c2d9ffd70f271583b796168df","Dolichospermum","clr_1","clr_0.1",0.00227196479049017,0.00238989957509189,-0.000117934784601717,0.000117934784601717,"pc = 1 − pc = 0.1"
"5f168ff910ef1f6dce37cfa68e82e8d0","Polymorphobacter","clr_1","clr_0.1",0.00227136794045267,0.00247672407491639,-0.000205356134463716,0.000205356134463716,"pc = 1 − pc = 0.1"
"51a5955ebe58e2c36e26f6cfa32cbe22","Rhizobacter","clr_1","clr_0.1",0.00224085510050392,0.00262978869790844,-0.000388933597404512,0.000388933597404512,"pc = 1 − pc = 0.1"
"6797a25a8dfdb4774d859b8844087411","Rhizobacter","clr_1","clr_0.1",0.0022311198113559,0.00251373972207906,-0.000282619910723157,0.000282619910723157,"pc = 1 − pc = 0.1"
"7017030b94462f54ca0141f11f705833","Dankookia","clr_1","clr_0.1",0.00221514591138076,0.00235385458582826,-0.000138708674447493,0.000138708674447493,"pc = 1 − pc = 0.1"
"a2196497d13e4a3bd4ed23e2d2fe702c","Flavobacterium","clr_1","clr_0.1",0.00217833204248565,0.00304628894713785,-0.000867956904652198,0.000867956904652198,"pc = 1 − pc = 0.1"
"c1cc6b184d817c58b7c081b5665904cb","Regnicoccus","clr_1","clr_0.1",0.00211230776902541,0.00206946904027667,4.28387287487336e-05,4.28387287487336e-05,"pc = 1 − pc = 0.1"
"a6dd65fc8a794034ff7ebcd21aa0627d","Undibacterium","clr_1","clr_0.1",0.00209819159084741,0.00248401651048889,-0.000385824919641476,0.000385824919641476,"pc = 1 − pc = 0.1"
"443cbb31543da9477f5472d3e3b7898d","Rickettsiaceae Family","clr_1","clr_0.1",0.00206550381778953,0.00323845108019944,-0.0011729472624099,0.0011729472624099,"pc = 1 − pc = 0.1"
"d4531e60bc6de54c5eb09e54d2264553","Pirellula","clr_1","clr_0.1",0.00205769533438664,0.00237026904732299,-0.000312573712936344,0.000312573712936344,"pc = 1 − pc = 0.1"
"978c384ac0e388f780c925653b029d19","Haliangiaceae Family","clr_1","clr_0.1",0.00202623466590502,0.00217971406974457,-0.000153479403839554,0.000153479403839554,"pc = 1 − pc = 0.1"
"51b9a2e379c2555a3774ef13e9aac08d","alphaI cluster","clr_1","clr_0.1",0.00200900446828508,0.00211404348414521,-0.000105039015860124,0.000105039015860124,"pc = 1 − pc = 0.1"
"fb437033e226e6cda5fe9c3b74ef453f","Rhodovarius","clr_1","clr_0.1",0.00194983449431985,0.00174981839641394,0.000200016097905919,0.000200016097905919,"pc = 1 − pc = 0.1"
"ff98ab846c8f29e5e5f5cce385b28a7b","R7C24 Order","clr_1","clr_0.1",0.00192088883242482,0.00177246769586412,0.000148421136560705,0.000148421136560705,"pc = 1 − pc = 0.1"
"cad8cc3e7647d51e614b099398538e4d","Saprospiraceae Family","clr_1","clr_0.1",0.00190508608758379,0.00182385204283952,8.12340447442759e-05,8.12340447442759e-05,"pc = 1 − pc = 0.1"
"6fc0afa4ca20c38dd455d90b8d8099ab","Hirschia","clr_1","clr_0.1",0.00190277998438263,0.00205194655430116,-0.000149166569918527,0.000149166569918527,"pc = 1 − pc = 0.1"
"2bba1f8c49fb19b800398943a216a572","Bryobacter","clr_1","clr_0.1",0.00189373327992017,0.00278954705889821,-0.000895813778978039,0.000895813778978039,"pc = 1 − pc = 0.1"
"7402c6fd98e177d4694261a9dd23eac6","Candidatus Berkiella","clr_1","clr_0.1",0.00189090863288119,0.00213589789348009,-0.000244989260598903,0.000244989260598903,"pc = 1 − pc = 0.1"
"ce7deedd0f541b5286425938fcd6e413","Oligoflexaceae Family","clr_1","clr_0.1",0.00183880887553382,0.00124201172678758,0.000596797148746239,0.000596797148746239,"pc = 1 − pc = 0.1"
"3078d0e997dde104f7d25c0dd9473003","Sandarakinorhabdus","clr_1","clr_0.1",0.00183604259301167,0.00193041540748518,-9.43728144735105e-05,9.43728144735105e-05,"pc = 1 − pc = 0.1"
"67af8ea66a8349d04cd4bda199abe5da","Fimbriiglobus","clr_1","clr_0.1",0.00176660015544774,0.00196220190877352,-0.000195601753325785,0.000195601753325785,"pc = 1 − pc = 0.1"
"768d500dec54c80d5ef769902dadd792","Fimbriiglobus","clr_1","clr_0.1",0.00176403203758953,0.00250041681556807,-0.000736384777978542,0.000736384777978542,"pc = 1 − pc = 0.1"
"3a6e99903dd0d336c713866f52bd4244","Saprospiraceae Family","clr_1","clr_0.1",0.00172238776566909,0.00195695582666894,-0.00023456806099985,0.00023456806099985,"pc = 1 − pc = 0.1"
"37c9c05391818c7a6ffa38262321f5fc","CL500-29 marine group","clr_1","clr_0.1",0.00170511718416697,0.00215259235907601,-0.000447475174909043,0.000447475174909043,"pc = 1 − pc = 0.1"
"ec1d103f66d06bf61cf3cf6d9bcf8e52","OM190 Class","clr_1","clr_0.1",0.00170000262874868,0.00132513611095888,0.000374866517789805,0.000374866517789805,"pc = 1 − pc = 0.1"
"42c734e954e79fffc18510aabe34471b","OM27 clade","clr_1","clr_0.1",0.00169814504527369,0.00219873855505709,-0.000500593509783394,0.000500593509783394,"pc = 1 − pc = 0.1"
"53e8389028f3821f782fbf4186e1ef22","SM1A02","clr_1","clr_0.1",0.00167440961147482,0.0016854224134423,-1.10128019674782e-05,1.10128019674782e-05,"pc = 1 − pc = 0.1"
"76a12bde0263c31c5275292cb5b1d6f2","Roseococcus","clr_1","clr_0.1",0.00167177471811326,0.00133993497487743,0.000331839743235838,0.000331839743235838,"pc = 1 − pc = 0.1"
"1a44b9628088d4f47816066198670b8e","SM2D12 Family","clr_1","clr_0.1",0.00166957672352694,0.00196877496719849,-0.000299198243671548,0.000299198243671548,"pc = 1 − pc = 0.1"
"0de2768e56408332050e94db50b132bc","Ilumatobacteraceae Family","clr_1","clr_0.1",0.00166723872826791,0.00157534113870353,9.1897589564387e-05,9.1897589564387e-05,"pc = 1 − pc = 0.1"
"33e5681d81c11baedc5f46c7b394484c","Midichloriaceae Family","clr_1","clr_0.1",0.00166335309468003,0.00174963678169316,-8.62836870131334e-05,8.62836870131334e-05,"pc = 1 − pc = 0.1"
"6c561c59c84d61ce5f4036074028dbca","Bryobacter","clr_1","clr_0.1",0.00163863174674729,0.000513203846245583,0.0011254279005017,0.0011254279005017,"pc = 1 − pc = 0.1"
"c27c683380e07dda90941851518bf036","Babeliales Order","clr_1","clr_0.1",0.00162541096297347,0.00194476038142746,-0.000319349418453994,0.000319349418453994,"pc = 1 − pc = 0.1"
"9f391663c5a41de8935c4443d7625a3d","Rhodospirillales Order","clr_1","clr_0.1",0.0015881789015519,0.00140231643753605,0.000185862464015855,0.000185862464015855,"pc = 1 − pc = 0.1"
"23a4b6bc2c58466eb2b87814a8ebbbf7","Comamonadaceae Family","clr_1","clr_0.1",0.00158557573203377,-2.51570341548183e-05,0.00161073276618859,0.00161073276618859,"pc = 1 − pc = 0.1"
"396cc69217c9a6fb253a45860cafee90","Fimbriiglobus","clr_1","clr_0.1",0.00153247120135458,0.00136427895951193,0.000168192241842644,0.000168192241842644,"pc = 1 − pc = 0.1"
"9cdde29fca3a13e2e0f5d96088860c87","Nostoc","clr_1","clr_0.1",0.0015308050963876,0.00149087326447369,3.99318319139054e-05,3.99318319139054e-05,"pc = 1 − pc = 0.1"
"8afb445ed3cdc963718ea8a09d66617b","Fimbriimonadaceae Family","clr_1","clr_0.1",0.00148254240806951,0.00136916981943178,0.000113372588637723,0.000113372588637723,"pc = 1 − pc = 0.1"
"1e6c51b99d65fb93d42ad3ff651b5763","SM2D12 Family","clr_1","clr_0.1",0.00144641938738874,0.00141969061522272,2.67287721660194e-05,2.67287721660194e-05,"pc = 1 − pc = 0.1"
"e0bf3607d3a5ccbac1a50f826a8e1d70","Pirellulaceae Family","clr_1","clr_0.1",0.00143026540586086,0.0013843263560127,4.59390498481534e-05,4.59390498481534e-05,"pc = 1 − pc = 0.1"
"6815f1f2c2d38299f363940f8e312c3c","Deinococcaceae Family","clr_1","clr_0.1",0.0014239649234752,0.0022575339953272,-0.000833569071852004,0.000833569071852004,"pc = 1 − pc = 0.1"
"06d00f760cc0e151c5d5e991c9034e10","SH3-11","clr_1","clr_0.1",0.00140671138044241,0.00151202623655937,-0.000105314856116955,0.000105314856116955,"pc = 1 − pc = 0.1"
"794fea1efb1825bf0a088dd1c923bca0","Candidatus Amoebophilus","clr_1","clr_0.1",0.00138662297743139,0.000882084194045061,0.000504538783386333,0.000504538783386333,"pc = 1 − pc = 0.1"
"7334cc4e674b5e9d56db1a9081437f8f","Hyphomicrobium","clr_1","clr_0.1",0.00136501302293066,0.00209844572600643,-0.000733432703075773,0.000733432703075773,"pc = 1 − pc = 0.1"
"ff66b771cf24ac801cd8e74b446791a6","CL500-29 marine group","clr_1","clr_0.1",0.001356008213809,0.00101758916551642,0.000338419048292579,0.000338419048292579,"pc = 1 − pc = 0.1"
"360106ff8200f47dee77f0f2e1d9f359","Hymenobacter","clr_1","clr_0.1",0.00129197703041412,0.00121641669259538,7.5560337818744e-05,7.5560337818744e-05,"pc = 1 − pc = 0.1"
"fc24096138e3cf0b2775bd2b8e01b5b2","Deinococcus","clr_1","clr_0.1",0.00127854734174988,0.00061214395675828,0.000666403384991599,0.000666403384991599,"pc = 1 − pc = 0.1"
"8d86c76119abb8cee5563d24dfd5019c","Sphingomonadaceae Family","clr_1","clr_0.1",0.00126817497870608,0.00120578767882999,6.2387299876098e-05,6.2387299876098e-05,"pc = 1 − pc = 0.1"
"500fb8b8ee8585ac51166621f12ba6c1","Spirosomataceae Family","clr_1","clr_0.1",0.00124030782079889,0.00151946942825328,-0.000279161607454392,0.000279161607454392,"pc = 1 − pc = 0.1"
"2593ef9eab12897237f8371e3a856adb","SM1A02","clr_1","clr_0.1",0.00123466155501779,0.00156674516902874,-0.00033208361401095,0.00033208361401095,"pc = 1 − pc = 0.1"
"46df32bbd857e8288a2f65086e0fd1c4","Ideonella","clr_1","clr_0.1",0.00123098933324886,0.00130665572533068,-7.56663920818217e-05,7.56663920818217e-05,"pc = 1 − pc = 0.1"
"254cd54eaf0e7301dc9d0c9e2dc53710","Nodosilineaceae Family","clr_1","clr_0.1",0.00121508403218153,0.00115098175619538,6.4102275986154e-05,6.4102275986154e-05,"pc = 1 − pc = 0.1"
"5da845af2892f5c8fd8161364c7b4997","Sandarakinorhabdus","clr_1","clr_0.1",0.00121142280187244,0.00232047436466,-0.00110905156278756,0.00110905156278756,"pc = 1 − pc = 0.1"
"47c12b61c90c5033a1bb474f6c7ae154","LD29","clr_1","clr_0.1",0.00119803001131496,0.00100564519544076,0.000192384815874202,0.000192384815874202,"pc = 1 − pc = 0.1"
"f4a774667177b16cb72b2efba954744e","Pirellulaceae Family","clr_1","clr_0.1",0.00119635729786225,0.000804629181399238,0.000391728116463015,0.000391728116463015,"pc = 1 − pc = 0.1"
"48e44d7f0b561b30935a67c41c75101d","Chthoniobacter","clr_1","clr_0.1",0.00119166025962792,0.00252304220745646,-0.00133138194782855,0.00133138194782855,"pc = 1 − pc = 0.1"
"ab6b7b90747341ce39f82d0a22a1d37d","Methylobacterium","clr_1","clr_0.1",0.00117198709768318,0.00222729859574481,-0.00105531149806163,0.00105531149806163,"pc = 1 − pc = 0.1"
"27ec05c431a025fda07b2a8e37f2bf93","Fimbriiglobus","clr_1","clr_0.1",0.00115230060647527,0.00126349793123812,-0.00011119732476285,0.00011119732476285,"pc = 1 − pc = 0.1"
"102fc16adc262f00c457357b35540be5","Rubinisphaeraceae Family","clr_1","clr_0.1",0.0011199497269174,0.00127733588344547,-0.000157386156528064,0.000157386156528064,"pc = 1 − pc = 0.1"
"179e2e4ad12d2a505f12bf7110a80cde","Sphingomonadaceae Family","clr_1","clr_0.1",0.00111965158866482,0.00130044423998047,-0.000180792651315655,0.000180792651315655,"pc = 1 − pc = 0.1"
"53835d1295531799bc64c8fd9b406ac2","Leptothrix","clr_1","clr_0.1",0.00110181582992066,0.00101964921883449,8.21666110861737e-05,8.21666110861737e-05,"pc = 1 − pc = 0.1"
"3e125655918e305a3842a79b6972775f","Rhodovarius","clr_1","clr_0.1",0.00108216614981791,0.00432837607095413,-0.00324620992113622,0.00324620992113622,"pc = 1 − pc = 0.1"
"bcba47620c299fd34809f143e3d26dff","Sphingomonas","clr_1","clr_0.1",0.00106929719695363,0.000696429010174722,0.000372868186778905,0.000372868186778905,"pc = 1 − pc = 0.1"
"fb9358e4192b4e3fb1a6210327ee6ff2","Parablastomonas","clr_1","clr_0.1",0.00103420140639609,0.00190808090291266,-0.000873879496516572,0.000873879496516572,"pc = 1 − pc = 0.1"
"dc17a99d06059905b9fe7239b0b6072a","Gemmataceae Family","clr_1","clr_0.1",0.00103187822865861,0.00018515011697248,0.000846728111686132,0.000846728111686132,"pc = 1 − pc = 0.1"
"58233cde931d4317c4aec4e9d3ad14f3","FukuN18 freshwater group","clr_1","clr_0.1",0.000997986950175338,0.000997986950175338,0,0,"pc = 1 − pc = 0.1"
"214496ebb8360b204e3f3a03d8641287","P3OB-42","clr_1","clr_0.1",0.00098466258403617,0.00176199821024797,-0.000777335626211801,0.000777335626211801,"pc = 1 − pc = 0.1"
"de2f81775998c151256d2a2b1ebaeee0","Rhodospirillales Order","clr_1","clr_0.1",0.00093399731186819,0.000559264682802713,0.000374732629065478,0.000374732629065478,"pc = 1 − pc = 0.1"
"d922e28fdfb36aa671e51df99219225a","Leptothrix","clr_1","clr_0.1",0.000916218605592748,0.000321158164333742,0.000595060441259006,0.000595060441259006,"pc = 1 − pc = 0.1"
"2563ceb7d15a84f5d59f225adc9b06a5","Rickettsiales Order","clr_1","clr_0.1",0.000908836698351805,0.00172341655210334,-0.00081457985375153,0.00081457985375153,"pc = 1 − pc = 0.1"
"56d37d5bf0c2169e087e1488886eefde","Oxalobacteraceae Family","clr_1","clr_0.1",0.000906563411088947,0.00107071749401138,-0.000164154082922432,0.000164154082922432,"pc = 1 − pc = 0.1"
"396bbebd81d93d6c824d49cc652eb76a","Flavipsychrobacter","clr_1","clr_0.1",0.000854469640928167,0.000572167152415341,0.000282302488512826,0.000282302488512826,"pc = 1 − pc = 0.1"
"92b48d9d2ebf3f4b0d153805997488d7","Rhodospirillales Order","clr_1","clr_0.1",0.000845042885304318,0.00167460457522589,-0.000829561689921573,0.000829561689921573,"pc = 1 − pc = 0.1"
"ee2d56600bef5d134884d0354366d6e8","Paracaedibacteraceae Family","clr_1","clr_0.1",0.000821239612137175,0.000690465974348628,0.000130773637788547,0.000130773637788547,"pc = 1 − pc = 0.1"
"36097ef26957ce4fdd7a71fe7f7cb7af","Candidatus-Obscuribacter","clr_1","clr_0.1",0.000819236161032243,0.000902249353700791,-8.3013192668548e-05,8.3013192668548e-05,"pc = 1 − pc = 0.1"
"c1c1dfe0cd247065dcc7160055106657","Rhodospirillales Order","clr_1","clr_0.1",0.000807344488343128,0.00191431941045208,-0.00110697492210895,0.00110697492210895,"pc = 1 − pc = 0.1"
"5483883d288edbb58b4e3376b6dd87b1","Rhodovarius","clr_1","clr_0.1",0.00080402044299811,0.00147463584818606,-0.00067061540518795,0.00067061540518795,"pc = 1 − pc = 0.1"
"0a4893b9a6062b1e61e27c920e0e38ca","Comamonadaceae Family","clr_1","clr_0.1",0.000800392894633583,0.000883155055586014,-8.27621609524304e-05,8.27621609524304e-05,"pc = 1 − pc = 0.1"
"35e1bbfd3ea58cec02a0fedead1ce5ce","Stenomitos","clr_1","clr_0.1",0.000796488305179373,0.00137863813692313,-0.000582149831743754,0.000582149831743754,"pc = 1 − pc = 0.1"
"84e1f74b7363f0321d0df8986283c5fa","Nannocystis","clr_1","clr_0.1",0.000791535990462368,0.00106024598756318,-0.000268709997100816,0.000268709997100816,"pc = 1 − pc = 0.1"
"6ea9472deca150f97a7bcfe87126d9b9","Phreatobacter","clr_1","clr_0.1",0.000780837258700445,0.000766880009862719,1.39572488377263e-05,1.39572488377263e-05,"pc = 1 − pc = 0.1"
"a61ee78f47a62b26743ab3e11ceccc41","Legionella","clr_1","clr_0.1",0.000780117798628569,0.00115918569874968,-0.000379067900121108,0.000379067900121108,"pc = 1 − pc = 0.1"
"d0c787f177dccc8f247649354da0273e","OM27 clade","clr_1","clr_0.1",0.000774007458945486,0.00148120752036117,-0.000707200061415682,0.000707200061415682,"pc = 1 − pc = 0.1"
"55fba7b4dd6e9303c85c5a54e0251df2","Pirellulaceae Family","clr_1","clr_0.1",0.000765993397633092,0.000373249349940628,0.000392744047692464,0.000392744047692464,"pc = 1 − pc = 0.1"
"bf6e216d6fe910e0f4033563819975d2","Pirellula","clr_1","clr_0.1",0.000765540630956118,-0.000665857696035043,0.00143139832699116,0.00143139832699116,"pc = 1 − pc = 0.1"
"79029fa983ec4eda60117a273a52cfc0","Caulobacter","clr_1","clr_0.1",0.000755197533377283,0.00168716825230918,-0.000931970718931899,0.000931970718931899,"pc = 1 − pc = 0.1"
"54658c5cabc3c6c07f1e6556120cc99c","Rhizobacter","clr_1","clr_0.1",0.000751152340415589,0.000343686503713198,0.000407465836702391,0.000407465836702391,"pc = 1 − pc = 0.1"
"2f0427c95f58bc8b33730d6bebc06828","SWB02","clr_1","clr_0.1",0.00074015288050275,0.000629061730302285,0.000111091150200465,0.000111091150200465,"pc = 1 − pc = 0.1"
"f68c45909b99408dc34d145a2e374c45","alphaI cluster","clr_1","clr_0.1",0.000732408813040809,0.000448752265831268,0.000283656547209541,0.000283656547209541,"pc = 1 − pc = 0.1"
"d7df8a68ccfac5afb8ff817e0f532385","Pedosphaeraceae Family","clr_1","clr_0.1",0.000730246213680071,0.00015712132230878,0.000573124891371291,0.000573124891371291,"pc = 1 − pc = 0.1"
"71ea54160cc86ce702cedff2acd9c71b","Microscillaceae Family","clr_1","clr_0.1",0.000721793096240451,0.000970704255522137,-0.000248911159281686,0.000248911159281686,"pc = 1 − pc = 0.1"
"556c3d1034e2eec13db898aa075da658","Candidatus Jidaibacter","clr_1","clr_0.1",0.000695965316500461,0.000826195180668618,-0.000130229864168157,0.000130229864168157,"pc = 1 − pc = 0.1"
"92d53dbcf18e8b0d7ac36b3a48166638","Caulobacteraceae Family","clr_1","clr_0.1",0.000673023613139911,-8.68587859735997e-05,0.000759882399113511,0.000759882399113511,"pc = 1 − pc = 0.1"
"7148f89a064752c2b79f8b43fcfdf028","Rickettsiellaceae Family","clr_1","clr_0.1",0.000664773928777324,0.000849933521304313,-0.000185159592526989,0.000185159592526989,"pc = 1 − pc = 0.1"
"4078fc5ccccbf133e10b6bf4f6461c02","Pirellula","clr_1","clr_0.1",0.000653003131950769,0.000423941247741944,0.000229061884208824,0.000229061884208824,"pc = 1 − pc = 0.1"
"1e046bb4b737284bdbae0d7b21a6ddbe","Fibrisoma","clr_1","clr_0.1",0.000650579869237124,0.00113556465622066,-0.000484984786983535,0.000484984786983535,"pc = 1 − pc = 0.1"
"129ef8665d470f7e31e3ddbdb6dd47b4","Oculatellaceae Family","clr_1","clr_0.1",0.000640833747200844,0.00070558921372407,-6.47554665232261e-05,6.47554665232261e-05,"pc = 1 − pc = 0.1"
"ea4317d7222c2b5526d500d503663459","Aphanizomenonaceae Family","clr_1","clr_0.1",0.000629337704364314,0.000597806372848533,3.15313315157814e-05,3.15313315157814e-05,"pc = 1 − pc = 0.1"
"60c62612dc5338eb921aa2f7d765ae55","Cephaloticoccus","clr_1","clr_0.1",0.000617949882014414,0.000759878252291027,-0.000141928370276613,0.000141928370276613,"pc = 1 − pc = 0.1"
"56483f8000e7a15a0ef8932e02cff7c4","Micavibrionales Order","clr_1","clr_0.1",0.00060675777151754,0.000567105180429485,3.96525910880552e-05,3.96525910880552e-05,"pc = 1 − pc = 0.1"
"3c47a5b25bdba36dd7911384b66f1371","Armatimonadaceae Family","clr_1","clr_0.1",0.000603972622629076,-0.000206768556456199,0.000810741179085274,0.000810741179085274,"pc = 1 − pc = 0.1"
"d68f525366c1dfdc0984a90b89867e95","Longivirga","clr_1","clr_0.1",0.000576929163556032,-0.00023616659446075,0.000813095758016782,0.000813095758016782,"pc = 1 − pc = 0.1"
"ebb58c2ffbbb54748fa6385f9d3224df","Sphingomonadaceae Family","clr_1","clr_0.1",0.000571407275373354,0.000694950052947119,-0.000123542777573766,0.000123542777573766,"pc = 1 − pc = 0.1"
"edb9c10a487ad4ace7c08ebe26d7145a","Bryobacter","clr_1","clr_0.1",0.000568338147736888,0.000377705213730371,0.000190632934006518,0.000190632934006518,"pc = 1 − pc = 0.1"
"6d766f67b6bd03ae7d1de4c4fc15b47f","SM2D12 Family","clr_1","clr_0.1",0.000564282044356298,0.000533932320650354,3.03497237059438e-05,3.03497237059438e-05,"pc = 1 − pc = 0.1"
"cf42bf36050435362713d9a47b22f948","Parvibium","clr_1","clr_0.1",0.000560416273944408,-2.71211659370829e-05,0.00058753743988149,0.00058753743988149,"pc = 1 − pc = 0.1"
"43f8d1ced946461f54ea0b5b7001d5d6","Microbacteriaceae Family","clr_1","clr_0.1",0.000556188148686416,-0.000528905430014465,0.00108509357870088,0.00108509357870088,"pc = 1 − pc = 0.1"
"544ad0fe7ff864b6f888b8cde90ed6cc","Leptothrix","clr_1","clr_0.1",0.000538015248191597,1.64228906394489e-05,0.000521592357552149,0.000521592357552149,"pc = 1 − pc = 0.1"
"9cde2373849523d28439507aa5411277","Haliscomenobacter","clr_1","clr_0.1",0.000527133981519704,0.000654846403336378,-0.000127712421816674,0.000127712421816674,"pc = 1 − pc = 0.1"
"b20a5bb96396ea08495298fc1a90c26b","Parablastomonas","clr_1","clr_0.1",0.000483662788835908,2.62770307114968e-07,0.000483400018528793,0.000483400018528793,"pc = 1 − pc = 0.1"
"fd4df754d86be49bd629a82ee124ae11","Comamonadaceae Family","clr_1","clr_0.1",0.000466530630042416,0.000975473167189338,-0.000508942537146921,0.000508942537146921,"pc = 1 − pc = 0.1"
"38f0c358f69c2812f607221459e7dd9e","Microscillaceae Family","clr_1","clr_0.1",0.000457728627500086,0.000743840486680894,-0.000286111859180807,0.000286111859180807,"pc = 1 − pc = 0.1"
"ad9cc38b5ccf51413138567ba4f60b42","Babeliales Order","clr_1","clr_0.1",0.000455296846892078,0.00076214872085641,-0.000306851873964332,0.000306851873964332,"pc = 1 − pc = 0.1"
"8f0fb68673a8b3c26f3fd210e29b7916","Clostridium","clr_1","clr_0.1",0.000450754653092649,0.00101394265054424,-0.000563187997451588,0.000563187997451588,"pc = 1 − pc = 0.1"
"5c63b3749641851b368c8a181ddf1180","Xanthobacteraceae Family","clr_1","clr_0.1",0.000445698514867544,0.000856261598816532,-0.000410563083948988,0.000410563083948988,"pc = 1 − pc = 0.1"
"e82d519024df8980ba749ba0e7e8dbf1","Ferruginibacter","clr_1","clr_0.1",0.000437991374528054,0.000216423148080963,0.000221568226447092,0.000221568226447092,"pc = 1 − pc = 0.1"
"2d2cfe3970153f65df6fb6d1a6da95cf","Chitinophagaceae Family","clr_1","clr_0.1",0.00043184670730104,0.000519786631278197,-8.79399239771568e-05,8.79399239771568e-05,"pc = 1 − pc = 0.1"
"7558ae080e554f69632fa9f0078925a8","SM2D12 Family","clr_1","clr_0.1",0.000412208691862731,0.000230517591763011,0.00018169110009972,0.00018169110009972,"pc = 1 − pc = 0.1"
"34b262693d693a0cbf5d81d87ea6cdc3","Zavarziniales Order","clr_1","clr_0.1",0.000397081663859179,0.000683540891779562,-0.000286459227920383,0.000286459227920383,"pc = 1 − pc = 0.1"
"8d4b51998b3310a1e96483dae8166a38","Candidatus Ovatusbacter","clr_1","clr_0.1",0.000382519468655458,0.000523312775700898,-0.00014079330704544,0.00014079330704544,"pc = 1 − pc = 0.1"
"508e4d4db7e2c0220a19fafa294e0670","Methylotenera","clr_1","clr_0.1",0.00036619366320242,0.00111472306116195,-0.000748529397959525,0.000748529397959525,"pc = 1 − pc = 0.1"
"f04a2d7063257d451dee16f014b55e63","Snowella","clr_1","clr_0.1",0.000363483234038498,0.00152189906123168,-0.00115841582719318,0.00115841582719318,"pc = 1 − pc = 0.1"
"482f65b152c5702150de2b27ea2c9521","Endobacter","clr_1","clr_0.1",0.00034667320510082,0.000617496090963036,-0.000270822885862217,0.000270822885862217,"pc = 1 − pc = 0.1"
"69e49e83ce1d7c260ab365773d82ed94","Phreatobacter","clr_1","clr_0.1",0.000344861896989076,9.63562875095067e-05,0.000248505609479569,0.000248505609479569,"pc = 1 − pc = 0.1"
"6376ea6dab7d0fde3cd66f53b57e1484","Pseudomonas","clr_1","clr_0.1",0.000337541754367234,0.000366546421991962,-2.90046676247279e-05,2.90046676247279e-05,"pc = 1 − pc = 0.1"
"9b4645c464d957064aed5e31e37b75f9","Comamonadaceae Family","clr_1","clr_0.1",0.000321450639437236,0.000147534411858607,0.000173916227578629,0.000173916227578629,"pc = 1 − pc = 0.1"
"33cd0c133837d614ac29262c17209759","Microscillaceae Family","clr_1","clr_0.1",0.000316496255110742,0.000196494464492903,0.000120001790617839,0.000120001790617839,"pc = 1 − pc = 0.1"
"ab4793724d4650358e1d40f5cb713049","Pseudanabaena","clr_1","clr_0.1",0.000310038873259425,0.00140759673529952,-0.00109755786204009,0.00109755786204009,"pc = 1 − pc = 0.1"
"134bdbaec661c28d109690d78b59214b","Saprospiraceae Family","clr_1","clr_0.1",0.000301953913395172,0.000301953913395172,0,0,"pc = 1 − pc = 0.1"
"eddfa9460b8fe2df12344f6da501b116","Rhizobacter","clr_1","clr_0.1",0.00030195039731656,0.00012718730714426,0.0001747630901723,0.0001747630901723,"pc = 1 − pc = 0.1"
"c24525e8eccad35e27387f77998cbd04","Paracaedibacteraceae Family","clr_1","clr_0.1",0.000298711279885377,0.000246329068308429,5.23822115769485e-05,5.23822115769485e-05,"pc = 1 − pc = 0.1"
"bb7f85879d3368b4cb7312e19bddcd5c","Candidatus Paracaedibacter","clr_1","clr_0.1",0.000288484010360831,0.000288484010360832,-1.0842021724855e-19,1.0842021724855e-19,"pc = 1 − pc = 0.1"
"0da352d12778a23d94aef13982c319f4","Rickettsiaceae Family","clr_1","clr_0.1",0.000281802222349789,7.40626718078689e-05,0.000207739550541921,0.000207739550541921,"pc = 1 − pc = 0.1"
"4c06bb79b0e22b616bf426c36315a839","Sumerlaea","clr_1","clr_0.1",0.000279499740615424,0.000422270873246572,-0.000142771132631148,0.000142771132631148,"pc = 1 − pc = 0.1"
"dd0a8be594bd6d7f08121de2aa5df471","Anagnostidinema","clr_1","clr_0.1",0.000266820601950118,0.000225548692919305,4.12719090308128e-05,4.12719090308128e-05,"pc = 1 − pc = 0.1"
"7ef48551cce7e0d840508208665333f5","Gemmatimonadaceae Family","clr_1","clr_0.1",0.000265285664894085,0.000319187589304588,-5.39019244105035e-05,5.39019244105035e-05,"pc = 1 − pc = 0.1"
"9b596b9eb067d0ee46fb12b98a26ca77","Pseudanabaena","clr_1","clr_0.1",0.000260994374119895,0.00018314694116792,7.78474329519749e-05,7.78474329519749e-05,"pc = 1 − pc = 0.1"
"906a6d27477dd504345835ee5273a72c","Pirellula","clr_1","clr_0.1",0.000257227584975633,0.000675018068320535,-0.000417790483344902,0.000417790483344902,"pc = 1 − pc = 0.1"
"ef944207e872617beee3d1d9405369af","Hyphomicrobiaceae Family","clr_1","clr_0.1",0.000252112521760077,0.000178172317005613,7.39402047544637e-05,7.39402047544637e-05,"pc = 1 − pc = 0.1"
"5715ae257ea8de07cca43aa863484aa0","Saprospiraceae Family","clr_1","clr_0.1",0.000250562415096514,5.92476313730819e-05,0.000191314783723432,0.000191314783723432,"pc = 1 − pc = 0.1"
"dfa55444de9e265475ced8f630cda4a2","Aurantisolimonas","clr_1","clr_0.1",0.000242831568193677,0.000219875681570215,2.2955886623462e-05,2.2955886623462e-05,"pc = 1 − pc = 0.1"
"4902f0932539bec04c67444c8444ca7d","Labrys","clr_1","clr_0.1",0.000235310390796204,-0.00021649249072475,0.000451802881520954,0.000451802881520954,"pc = 1 − pc = 0.1"
"7a58a670654e91eb7bbbb340f5221038","Pseudanabaenaceae_X","clr_1","clr_0.1",0.000220764647321729,0.000470794194952799,-0.00025002954763107,0.00025002954763107,"pc = 1 − pc = 0.1"
"76363618e6a55a0556fa9cdda32b9519","Ellin6067","clr_1","clr_0.1",0.000218944648937017,0.00107896707523994,-0.000860022426302927,0.000860022426302927,"pc = 1 − pc = 0.1"
"51af2c92d5b41fee1ef860eb59eee9d7","Vulcanococcus","clr_1","clr_0.1",0.000210543123627002,0.0002546886355881,-4.41455119610975e-05,4.41455119610975e-05,"pc = 1 − pc = 0.1"
"26915c3209ae35ef27dd02617e8d7d91","Sphingorhabdus","clr_1","clr_0.1",0.000209788232308895,0.000382334265016521,-0.000172546032707626,0.000172546032707626,"pc = 1 − pc = 0.1"
"ef24d427e3b1d810ed78fd31347e4252","Acetobacteraceae Family","clr_1","clr_0.1",0.000209760432559296,0.00023883419788254,-2.90737653232447e-05,2.90737653232447e-05,"pc = 1 − pc = 0.1"
"d597a051340ae987325f71bec5a48646","Polyangium","clr_1","clr_0.1",0.00020762146038837,0.000137570760408471,7.00506999798989e-05,7.00506999798989e-05,"pc = 1 − pc = 0.1"
"0b3d627ed430a03782c59b859dab9d67","Rhodoferax","clr_1","clr_0.1",0.000206944027987473,0.000107049063491183,9.98949644962905e-05,9.98949644962905e-05,"pc = 1 − pc = 0.1"
"7200c4bdfefe29961136146f9617dbd9","Microscillaceae Family","clr_1","clr_0.1",0.000202883630620111,0.000202883630620111,0,0,"pc = 1 − pc = 0.1"
"2c1f693832b28d9df00b5821e93593e3","Fimbriiglobus","clr_1","clr_0.1",0.000196750494423595,-5.31735791023159e-05,0.000249924073525911,0.000249924073525911,"pc = 1 − pc = 0.1"
"4101b9eb70afe9a3ed1fb4c9eeaa28c6","Fimbriiglobus","clr_1","clr_0.1",0.000196466493625468,-5.87725879206007e-05,0.000255239081546069,0.000255239081546069,"pc = 1 − pc = 0.1"
"1a9d57d26606ba207da37f78a8ff2c58","Pseudanabaena","clr_1","clr_0.1",0.000195341544901035,0.00119922777124469,-0.00100388622634366,0.00100388622634366,"pc = 1 − pc = 0.1"
"481de4037ed3f3bcf51b47e548dcbd9e","Novosphingobium","clr_1","clr_0.1",0.000186197801830702,-0.00014906374638672,0.000335261548217422,0.000335261548217422,"pc = 1 − pc = 0.1"
"0c3800224e14775f2abb6f91ff7450cf","Fimbriiglobus","clr_1","clr_0.1",0.000178027928026506,0.000102844999169327,7.51829288571787e-05,7.51829288571787e-05,"pc = 1 − pc = 0.1"
"0ea1dc2365236a4157aaae6a095fdfdd","Fibrella","clr_1","clr_0.1",0.000178002189167966,1.5363713049973e-05,0.000162638476117993,0.000162638476117993,"pc = 1 − pc = 0.1"
"fd114ad6491bbfce6cc14cfaba316b67","Hyphomicrobiaceae Family","clr_1","clr_0.1",0.000176183187990576,0.000584987940032511,-0.000408804752041935,0.000408804752041935,"pc = 1 − pc = 0.1"
"16da9716b4d7c3c9c904f3f799d67dfe","Comamonas","clr_1","clr_0.1",0.000174688600350063,-0.000132658506972849,0.000307347107322912,0.000307347107322912,"pc = 1 − pc = 0.1"
"fc344c3d65897b11c8304a2bdf3d623e","Microbacteriaceae Family","clr_1","clr_0.1",0.000167128910992076,0.000214253852327714,-4.71249413356388e-05,4.71249413356388e-05,"pc = 1 − pc = 0.1"
"73ab6d6608a93a7bc935f8048997c6fc","Rhodospirillales Order","clr_1","clr_0.1",0.000166613965734844,0.00024965402600009,-8.30400602652466e-05,8.30400602652466e-05,"pc = 1 − pc = 0.1"
"08e95f8aadda45f7fa04b997b0579b10","A0839 Family","clr_1","clr_0.1",0.000152191513198108,-2.19847672503754e-05,0.000174176280448483,0.000174176280448483,"pc = 1 − pc = 0.1"
"f3e48c5b6a5d9c30baaf78f71f1706fa","Pirellula","clr_1","clr_0.1",0.000149293970347564,-0.000551655283088182,0.000700949253435746,0.000700949253435746,"pc = 1 − pc = 0.1"
"fb2b00a8282741f54559c37f4ce69e20","Cyanobium","clr_1","clr_0.1",0.000142237337680519,8.45885433588074e-05,5.76487943217114e-05,5.76487943217114e-05,"pc = 1 − pc = 0.1"
"0d7eacfd4c0aa8f5967e44aebcfea42f","Gemmata","clr_1","clr_0.1",0.000141734316331633,0.000387945315703655,-0.000246210999372022,0.000246210999372022,"pc = 1 − pc = 0.1"
"0d9a85a8f16a66d5dc0e5eacea0c4d39","Candidatus Paracaedibacter","clr_1","clr_0.1",0.000140968087563608,0.000140968087563608,0,0,"pc = 1 − pc = 0.1"
"af8f08828162de70db80a123f4d379ec","Gammaproteobacteria Class","clr_1","clr_0.1",0.000139670402783896,0.000254407726925022,-0.000114737324141126,0.000114737324141126,"pc = 1 − pc = 0.1"
"93522be911c0a10ef2cabf936ee5d2b5","PeM15 Order","clr_1","clr_0.1",0.00013620142745419,0.000230393285446817,-9.41918579926274e-05,9.41918579926274e-05,"pc = 1 − pc = 0.1"
"800c01f333327cd99370115d8c568cc4","Elsterales Order","clr_1","clr_0.1",0.000131265289874473,0.000108402312857112,2.28629770173608e-05,2.28629770173608e-05,"pc = 1 − pc = 0.1"
"cd73125f6ca8e56f73bbd3e6b780f8e9","Fimbriiglobus","clr_1","clr_0.1",0.000129909901340641,-0.00010019323506664,0.000230103136407281,0.000230103136407281,"pc = 1 − pc = 0.1"
"e8724520788bb38a7f9d22c91318f016","Rhizobacter","clr_1","clr_0.1",0.000121592465860008,-9.2337479631088e-05,0.000213929945491096,0.000213929945491096,"pc = 1 − pc = 0.1"
"e7bf8b888611a3cd1b5c84cdcd76321f","Aggregatilineaceae Family","clr_1","clr_0.1",0.000117711243059816,0.000323378350493629,-0.000205667107433813,0.000205667107433813,"pc = 1 − pc = 0.1"
"4066bd673ae4accaad3d8a94bcdb2d24","Microcystaceae Family","clr_1","clr_0.1",0.000115662039479386,0.000115662039479386,0,0,"pc = 1 − pc = 0.1"
"ca274cac3782ce39f30b91a1ae9e19b8","Caulobacter","clr_1","clr_0.1",0.000112541737763587,5.72650402885449e-05,5.52766974750423e-05,5.52766974750423e-05,"pc = 1 − pc = 0.1"
"5de27febf2c3146c05611c279e97767b","Cyanobium","clr_1","clr_0.1",0.000110156537488697,4.60908504287774e-05,6.40656870599192e-05,6.40656870599192e-05,"pc = 1 − pc = 0.1"
"2bd79804ec25f3151f8ec3f31c842dd0","Rhodovarius","clr_1","clr_0.1",0.000109340512769525,2.15412745574504e-05,8.77992382120743e-05,8.77992382120743e-05,"pc = 1 − pc = 0.1"
"ab1257929cfef8e80de3736c30d4e7a9","SM2D12 Family","clr_1","clr_0.1",0.000107528746531067,-0.000102482034433669,0.000210010780964736,0.000210010780964736,"pc = 1 − pc = 0.1"
"9b3becce3e5841cf9cd818eda34e6f49","NS9 marine group Family","clr_1","clr_0.1",0.00010545519714211,-3.23723753769194e-05,0.000137827572519029,0.000137827572519029,"pc = 1 − pc = 0.1"
"53ca06737199ee3678325edb8269c6a0","Pedomicrobium","clr_1","clr_0.1",0.00010466305064969,-0.000163360572039429,0.000268023622689119,0.000268023622689119,"pc = 1 − pc = 0.1"
"d6c6e091960efb55e30fa71a4ebb16b1","CL500-29 marine group","clr_1","clr_0.1",9.82735006048588e-05,0.00024380778116978,-0.000145534280564921,0.000145534280564921,"pc = 1 − pc = 0.1"
"fc7b257064027e1bc2b6fbfb4584677d","Piscinibacter","clr_1","clr_0.1",9.40565650402711e-05,9.41937405547524e-05,-1.37175514481315e-07,1.37175514481315e-07,"pc = 1 − pc = 0.1"
"bd9fb85fbc617c063ef39df89e371752","Fimbriimonadaceae Family","clr_1","clr_0.1",9.07468437850621e-05,0.00104535758005787,-0.000954610736272808,0.000954610736272808,"pc = 1 − pc = 0.1"
"99be950acd04b1895e6a527e017fcfcc","Schlesneriaceae Family","clr_1","clr_0.1",8.9602842652199e-05,0.000147915640042229,-5.83127973900298e-05,5.83127973900298e-05,"pc = 1 − pc = 0.1"
"d74e073ecdeaccac7fc62dae8c532684","Acetobacteraceae Family","clr_1","clr_0.1",8.6516317920945e-05,5.95636753141066e-05,2.69526426068384e-05,2.69526426068384e-05,"pc = 1 − pc = 0.1"
"ca61a8ea13943524f0f63090b66d787e","Planctopirus","clr_1","clr_0.1",8.56857486937284e-05,0.000130240404905319,-4.45546562115907e-05,4.45546562115907e-05,"pc = 1 − pc = 0.1"
"cff38044be14d54e8fbf9a0039c77f73","Gemmatimonas","clr_1","clr_0.1",7.70227312716028e-05,-0.00108860695032059,0.0011656296815922,0.0011656296815922,"pc = 1 − pc = 0.1"
"d3530350480a2196e24a004fa0027558","Comamonadaceae Family","clr_1","clr_0.1",7.69705345503691e-05,9.31167015297003e-05,-1.61461669793312e-05,1.61461669793312e-05,"pc = 1 − pc = 0.1"
"3d5baff45729bf2214074c2e9f77ad10","Acinetobacter","clr_1","clr_0.1",7.59034579640671e-05,5.34263175193114e-05,2.24771404447557e-05,2.24771404447557e-05,"pc = 1 − pc = 0.1"
"b05e5fdce9d1c40bb22414c1431ea80a","Hyphomicrobium","clr_1","clr_0.1",7.58149287923556e-05,2.92978952099333e-05,4.65170335824223e-05,4.65170335824223e-05,"pc = 1 − pc = 0.1"
"5ef8ac97132e326623e1522494b53da4","Ferruginibacter","clr_1","clr_0.1",7.19577310641535e-05,-2.61959376110829e-05,9.81536686752363e-05,9.81536686752363e-05,"pc = 1 − pc = 0.1"
"c100666cd6c73b060c39549a6e31b798","Sediminibacterium","clr_1","clr_0.1",7.10071282448078e-05,6.23393741605772e-05,8.6677540842306e-06,8.6677540842306e-06,"pc = 1 − pc = 0.1"
"62c61039659ab77c64267924fee58062","SM2D12 Family","clr_1","clr_0.1",7.05844220242803e-05,6.91159241293843e-05,1.46849789489607e-06,1.46849789489607e-06,"pc = 1 − pc = 0.1"
"57b92326c77017ea2f2bda05f0b71a66","Armatimonas","clr_1","clr_0.1",7.00365736447943e-05,-0.000242385444601416,0.000312422018246211,0.000312422018246211,"pc = 1 − pc = 0.1"
"db28c3826c685c75e7d3d5e7de1474a5","Pedomicrobium","clr_1","clr_0.1",6.81006403828842e-05,7.36614755627989e-06,6.07344928266043e-05,6.07344928266043e-05,"pc = 1 − pc = 0.1"
"fca1ed7792b0c80cd00c60203ba400e8","Flavobacterium","clr_1","clr_0.1",6.59846968689777e-05,-2.71120602307496e-05,9.30967570997274e-05,9.30967570997274e-05,"pc = 1 − pc = 0.1"
"e8d79105228061b51c142e647eec6c36","Candidatus Captivus","clr_1","clr_0.1",6.5758684469953e-05,0.000146686740248017,-8.0928055778064e-05,8.0928055778064e-05,"pc = 1 − pc = 0.1"
"535d90a8b6d18e5de86b35a5dc0e769f","Oculatellaceae_XX","clr_1","clr_0.1",6.41738925386558e-05,0.000174296614598031,-0.000110122722059375,0.000110122722059375,"pc = 1 − pc = 0.1"
"cc363a9ccd3549e646859ab1ffe9d460","Sandaracinus","clr_1","clr_0.1",6.40427813005264e-05,0.00142118677433124,-0.00135714399303071,0.00135714399303071,"pc = 1 − pc = 0.1"
"3f2be21b85545072b2364e4a2273814a","Phaselicystis","clr_1","clr_0.1",6.38830963842137e-05,-0.000154522311835069,0.000218405408219283,0.000218405408219283,"pc = 1 − pc = 0.1"
"c453ebf9e2a74c4319a8c4da8f15e251","Gemmata","clr_1","clr_0.1",6.26352459765015e-05,2.39307055510465e-05,3.8704540425455e-05,3.8704540425455e-05,"pc = 1 − pc = 0.1"
"7a34943a25778b88caa26212d23df1c9","Paludibaculum","clr_1","clr_0.1",6.15602676398683e-05,0.000376982663354302,-0.000315422395714434,0.000315422395714434,"pc = 1 − pc = 0.1"
"8feef3ba03b14622d6d78fa37be76f0f","LiUU-11-161 Family","clr_1","clr_0.1",5.98011360819624e-05,-0.000369904125306419,0.000429705261388381,0.000429705261388381,"pc = 1 − pc = 0.1"
"653334c36340a20181971e05d9b4e110","Rhodoferax","clr_1","clr_0.1",5.86176437080876e-05,-0.000217873978867304,0.000276491622575392,0.000276491622575392,"pc = 1 − pc = 0.1"
"55954ea021303330f19413b0882998fe","Rickettsiellaceae Family","clr_1","clr_0.1",5.76395407193339e-05,0.000403101559437755,-0.000345462018718421,0.000345462018718421,"pc = 1 − pc = 0.1"
"27802da899201a0ce58d65877a284e0f","Anthocerotibacter","clr_1","clr_0.1",5.68338957793908e-05,0.000380028586479949,-0.000323194690700558,0.000323194690700558,"pc = 1 − pc = 0.1"
"2f98cd1d4ed3112ff2bceffb6408476f","Hyphomicrobium","clr_1","clr_0.1",5.51436850814422e-05,9.23347804338814e-05,-3.71910953524392e-05,3.71910953524392e-05,"pc = 1 − pc = 0.1"
"e234c0d07b0652afe259ec8b7d551ecb","P3OB-42","clr_1","clr_0.1",5.39038604596108e-05,9.33516498287004e-05,-3.94477893690896e-05,3.94477893690896e-05,"pc = 1 − pc = 0.1"
"3fd07b98dedfbc282868e5061f99eb3e","Bryobacter","clr_1","clr_0.1",5.29884884668407e-05,0.000103866921339761,-5.08784328729204e-05,5.08784328729204e-05,"pc = 1 − pc = 0.1"
"1d2e606796281040981e67f350b44a64","Telmatocola","clr_1","clr_0.1",5.01316430029243e-05,5.01316430029243e-05,0,0,"pc = 1 − pc = 0.1"
"3b9a640a2fb04ef04b82b218fc1fb455","Fimbriiglobus","clr_1","clr_0.1",4.86877611396087e-05,0.000157288971238055,-0.000108601210098446,0.000108601210098446,"pc = 1 − pc = 0.1"
"cadab640e721ebedf3a98194c976aab3","Limnohabitans","clr_1","clr_0.1",3.95416656948369e-05,-6.67716897954695e-05,0.000106313355490306,0.000106313355490306,"pc = 1 − pc = 0.1"
"e2b82a3e451a8e43e175bbeb3a56a713","Verrucomicrobiaceae Family","clr_1","clr_0.1",3.95183053526276e-05,-4.70018176756511e-05,8.65201230282787e-05,8.65201230282787e-05,"pc = 1 − pc = 0.1"
"6510fa10b181e1f66b763278c64bf2ed","Ferruginibacter","clr_1","clr_0.1",3.9189205869226e-05,-2.69462008244244e-05,6.61354066936504e-05,6.61354066936504e-05,"pc = 1 − pc = 0.1"
"edb114398ced5bf958f4f404493a6642","Haliscomenobacter","clr_1","clr_0.1",3.78644285408952e-05,0.000133449253318775,-9.55848247778797e-05,9.55848247778797e-05,"pc = 1 − pc = 0.1"
"0a773ec23d772b90f5c06258c6a4c659","Candidatus Nitrosoarchaeum","clr_1","clr_0.1",3.71226402589862e-05,7.09968161858875e-05,-3.38741759269013e-05,3.38741759269013e-05,"pc = 1 − pc = 0.1"
"7103737162d2f1b8f90c0ed9364846b6","Pirellula","clr_1","clr_0.1",3.28403185542885e-05,6.13315569845696e-07,3.22270029844428e-05,3.22270029844428e-05,"pc = 1 − pc = 0.1"
"4ece9bc18568cfaeb4b26ec23189b235","Candidatus Nomurabacteria Order","clr_1","clr_0.1",3.01744975253472e-05,0.00020695891868986,-0.000176784421164512,0.000176784421164512,"pc = 1 − pc = 0.1"
"4112eeace57200636aefa80277a9968b","Simplicispira","clr_1","clr_0.1",3.0127346081676e-05,-0.000114180538365138,0.000144307884446814,0.000144307884446814,"pc = 1 − pc = 0.1"
"a738568b261166a672bdd2c51055fff7","Rhodoferax","clr_1","clr_0.1",2.78818012855349e-05,-0.000538701089112901,0.000566582890398436,0.000566582890398436,"pc = 1 − pc = 0.1"
"315fae925226ac44af01d992c1732f74","Zavarzinella","clr_1","clr_0.1",2.32713177028338e-05,1.60078742094909e-05,7.26344349334296e-06,7.26344349334296e-06,"pc = 1 − pc = 0.1"
"01255b0ddc21923e6857364b7e46bf36","Candidatus-Aurora","clr_1","clr_0.1",2.22107238464968e-05,5.26683711286791e-06,1.69438867336289e-05,1.69438867336289e-05,"pc = 1 − pc = 0.1"
"949a525dcd53e0d62b3da8c15a35ac5e","Paludibacter","clr_1","clr_0.1",2.18414958256306e-05,9.74723270246291e-05,-7.56308311989986e-05,7.56308311989986e-05,"pc = 1 − pc = 0.1"
"faa16231957f87bae62c66f794a67376","Hyphomicrobium","clr_1","clr_0.1",2.15948807439177e-05,9.2842177589824e-05,-7.12472968459063e-05,7.12472968459063e-05,"pc = 1 − pc = 0.1"
"790d6e02538d0700ac71d369d24e6b1b","Aquicella","clr_1","clr_0.1",1.68833959310963e-05,-0.000120819643280342,0.000137703039211438,0.000137703039211438,"pc = 1 − pc = 0.1"
"8600eaace3fdec4f4d5c4669474c7b19","Pegethrix","clr_1","clr_0.1",1.65505780516786e-05,0.000385621779035033,-0.000369071200983354,0.000369071200983354,"pc = 1 − pc = 0.1"
"23e57d22717a53eea9963f3b2112655f","Acetobacteraceae Family","clr_1","clr_0.1",1.44351559307057e-05,4.15004469560026e-05,-2.70652910252968e-05,2.70652910252968e-05,"pc = 1 − pc = 0.1"
"32982af14a72d3056a596a476694b112","Armatimonadaceae Family","clr_1","clr_0.1",1.39884892753913e-05,0.000121770769219992,-0.0001077822799446,0.0001077822799446,"pc = 1 − pc = 0.1"
"1218881a7c5a7c49ba20eec9fd2c8822","Anthocerotibacter","clr_1","clr_0.1",8.53448176741285e-06,-5.9257724725837e-05,6.77922064932498e-05,6.77922064932498e-05,"pc = 1 − pc = 0.1"
"358570aef8edf93b0cdb2d12d1dcc03a","Gemmataceae Family","clr_1","clr_0.1",8.17496015262979e-06,-3.66218964961739e-06,1.18371498022472e-05,1.18371498022472e-05,"pc = 1 − pc = 0.1"
"e193fca37f6107aebe91cc968fdcec83","Legionella","clr_1","clr_0.1",8.17253062361445e-06,8.17253062361445e-06,0,0,"pc = 1 − pc = 0.1"
"3bd636495ea065c51147a06fef77565b","Paracaedibacteraceae Family","clr_1","clr_0.1",5.05945600649647e-06,2.07859814379931e-06,2.98085786269715e-06,2.98085786269715e-06,"pc = 1 − pc = 0.1"
"573091d7ddd85f9c5f14a7e53d2ba0bf","Caulobacter","clr_1","clr_0.1",1.48354958899439e-06,-1.82387661017083e-05,1.97223156907027e-05,1.97223156907027e-05,"pc = 1 − pc = 0.1"
"8d32cb7d685931e9669b78d2cde217c5","Polymorphobacter","clr_1","clr_0.1",7.83882308462736e-07,-4.40197375506322e-05,4.48036198590949e-05,4.48036198590949e-05,"pc = 1 − pc = 0.1"
"38443fb07dc38d25b81f1dbaf045de0b","Fimbriiglobus","clr_1","clr_0.1",2.43078599471469e-07,-3.2996447425697e-05,3.32395260251685e-05,3.32395260251685e-05,"pc = 1 − pc = 0.1"
"72ba808c71de462f4969aac003b05d84","Hyphomicrobium","clr_1","clr_0.1",0,6.49451576179028e-05,-6.49451576179028e-05,6.49451576179028e-05,"pc = 1 − pc = 0.1"
"1713ee6e69b4be9b82bb77cdbbae12b8","Chitinophagaceae Family","clr_1","clr_0.1",-1.33674469184292e-06,8.26123807692336e-07,-2.16286849953525e-06,2.16286849953525e-06,"pc = 1 − pc = 0.1"
"1a131635c7cef07af21b4ec48465d88d","Parablastomonas","clr_1","clr_0.1",-1.98167974139389e-06,8.414374765215e-06,-1.03960545066089e-05,1.03960545066089e-05,"pc = 1 − pc = 0.1"
"1e8f19b66fc4e38497f12df420b9b9c2","Armatimonadaceae Family","clr_1","clr_0.1",-9.90084628227265e-06,6.96905911917507e-06,-1.68699054014477e-05,1.68699054014477e-05,"pc = 1 − pc = 0.1"
"b38fe94b163483eae343872c3e9860f0","Cylindrospermum","clr_1","clr_0.1",-1.23097774098303e-05,1.76457832238435e-05,-2.99555606336738e-05,2.99555606336738e-05,"pc = 1 − pc = 0.1"
"5db99293e9b1fc0a4ffea5bfc8dad05a","Anthocerotibacter","clr_1","clr_0.1",-1.33191005307943e-05,0.000548630395401991,-0.000561949495932785,0.000561949495932785,"pc = 1 − pc = 0.1"
"1e31234f3abac84a6cee692d11823046","AKYH767 Family","clr_1","clr_0.1",-1.53268253348278e-05,0.000161491540836733,-0.00017681836617156,0.00017681836617156,"pc = 1 − pc = 0.1"
"7069712c1deee58d640df6a9cbe743dd","Polaromonas","clr_1","clr_0.1",-1.64693781855501e-05,0.000564203375259656,-0.000580672753445206,0.000580672753445206,"pc = 1 − pc = 0.1"
"91b6ecde35c8798c2d40e3bb81c49994","SWB02","clr_1","clr_0.1",-1.84040334282384e-05,0.0003774552757257,-0.000395859309153939,0.000395859309153939,"pc = 1 − pc = 0.1"
"7fa5b852c14ad396b7c33bcc884f41dd","Armatimonadaceae Family","clr_1","clr_0.1",-2.86016015141874e-05,5.07470385064096e-05,-7.9348640020597e-05,7.9348640020597e-05,"pc = 1 − pc = 0.1"
"dda465c26be95ed7df6bf5e5b57d734f","Oculatellaceae Family","clr_1","clr_0.1",-2.98476987035091e-05,-2.81943640339998e-05,-1.65333466950927e-06,1.65333466950927e-06,"pc = 1 − pc = 0.1"
"68bc1a630da2bea58a29c24bcacffe3d","Pirellula","clr_1","clr_0.1",-3.09862115533307e-05,9.9151260363435e-05,-0.000130137471916766,0.000130137471916766,"pc = 1 − pc = 0.1"
"32181b006051d0c53a829c211710b508","AAP99","clr_1","clr_0.1",-3.27368891168899e-05,0.000365352151885888,-0.000398089041002778,0.000398089041002778,"pc = 1 − pc = 0.1"
"ae9ca4f1c89de2162ba1c4051d205315","Comamonadaceae Family","clr_1","clr_0.1",-3.77514244338066e-05,9.8099180346748e-05,-0.000135850604780555,0.000135850604780555,"pc = 1 − pc = 0.1"
"891965af23715f131ba4c6fe0beae228","Candidatus Nitrosoarchaeum","clr_1","clr_0.1",-4.08934936641913e-05,1.61052946941387e-06,-4.25040231336051e-05,4.25040231336051e-05,"pc = 1 − pc = 0.1"
"5750c52ff8a6d630568878d3c75f5719","Rhodovastum","clr_1","clr_0.1",-4.47830878958293e-05,0.000260604347395511,-0.00030538743529134,0.00030538743529134,"pc = 1 − pc = 0.1"
"a4d78f7aef21dccbf726791e103fc440","Comamonadaceae Family","clr_1","clr_0.1",-4.8411825227769e-05,-5.85783417187196e-06,-4.25539910558971e-05,4.25539910558971e-05,"pc = 1 − pc = 0.1"
"5aebf7678cfde20d9596757b464f477e","Pedosphaeraceae Family","clr_1","clr_0.1",-4.92203420191874e-05,-2.28234325235663e-05,-2.63969094956211e-05,2.63969094956211e-05,"pc = 1 − pc = 0.1"
"c04c3567bb5be7ae906a80865e5932f1","Pedomicrobium","clr_1","clr_0.1",-5.78870707697374e-05,4.90652455876583e-07,-5.8377723225614e-05,5.8377723225614e-05,"pc = 1 − pc = 0.1"
"726adcf2c36b8506b1618c939afc6308","Fimbriiglobus","clr_1","clr_0.1",-5.89418078416375e-05,0.000195360209718372,-0.000254302017560009,0.000254302017560009,"pc = 1 − pc = 0.1"
"981316dd1f4cd311c729bcbf54ab7a18","Spirosoma","clr_1","clr_0.1",-6.65066461781535e-05,7.02684051432859e-05,-0.000136775051321439,0.000136775051321439,"pc = 1 − pc = 0.1"
"6585f3f67b2080b20dd9d970bfd76132","env.OPS 17 Family","clr_1","clr_0.1",-6.74670398444688e-05,6.17707689494604e-05,-0.000129237808793929,0.000129237808793929,"pc = 1 − pc = 0.1"
"5a437028af9e0a2acd9a42474b7c6310","Acetobacteraceae Family","clr_1","clr_0.1",-6.96745615006294e-05,4.05957808908236e-05,-0.000110270342391453,0.000110270342391453,"pc = 1 − pc = 0.1"
"3b50e9874fa67e04b49f5a59ecf0059a","Erythrobacter","clr_1","clr_0.1",-7.13038198106456e-05,6.50025708953042e-05,-0.00013630639070595,0.00013630639070595,"pc = 1 − pc = 0.1"
"bf9a8801c54bb6e455943138aaac2268","SH3-11","clr_1","clr_0.1",-8.93361470156569e-05,3.69499382792391e-05,-0.000126286085294896,0.000126286085294896,"pc = 1 − pc = 0.1"
"0a165844daf38d8ce2008c94a5b4565e","Sphingomonas","clr_1","clr_0.1",-8.96902219761335e-05,3.59108377757614e-05,-0.000125601059751895,0.000125601059751895,"pc = 1 − pc = 0.1"
"72d690501e343840c31a1f7abf932868","LiUU-11-161 Family","clr_1","clr_0.1",-9.70677444025692e-05,2.44807596299744e-05,-0.000121548504032544,0.000121548504032544,"pc = 1 − pc = 0.1"
"5a21435514338a7ba55a469f6e66171d","Rhodocyclaceae Family","clr_1","clr_0.1",-0.000101634546295146,0.000198895809067776,-0.000300530355362922,0.000300530355362922,"pc = 1 − pc = 0.1"
"6945d94103ada823c2811f2b81c56ba0","Fuscovulum","clr_1","clr_0.1",-0.000112608930651702,-0.000119540530706532,6.93160005482997e-06,6.93160005482997e-06,"pc = 1 − pc = 0.1"
"7d74b9425e04821baca8cb198ac1c948","Fimbriimonadaceae Family","clr_1","clr_0.1",-0.000114195134510599,9.34249140539084e-05,-0.000207620048564507,0.000207620048564507,"pc = 1 − pc = 0.1"
"c93010ec80b60963dcf9274e964ada4b","Luteolibacter","clr_1","clr_0.1",-0.000143183782217603,-8.06777635601788e-05,-6.25060186574245e-05,6.25060186574245e-05,"pc = 1 − pc = 0.1"
"c7acee529d50ca5e19f817efbff81af9","Aphanothece","clr_1","clr_0.1",-0.000155532305551136,2.22069956740274e-05,-0.000177739301225163,0.000177739301225163,"pc = 1 − pc = 0.1"
"881c2e31de3f5d2593495ac37a1590c1","Fimbriiglobus","clr_1","clr_0.1",-0.000162397962821949,0.000133037197336635,-0.000295435160158584,0.000295435160158584,"pc = 1 − pc = 0.1"
"8df5a5aaa4151285e928fba5be95a4d3","Rubrivivax","clr_1","clr_0.1",-0.00016277911886838,0.000322060857730845,-0.000484839976599225,0.000484839976599225,"pc = 1 − pc = 0.1"
"f447af7c4b569979c11916fbb182be2a","Silvanigrellaceae Family","clr_1","clr_0.1",-0.000165220622558392,0.000268392126411275,-0.000433612748969667,0.000433612748969667,"pc = 1 − pc = 0.1"
"0742fb23302cfa34adb51a2634fe7219","Elsteraceae Family","clr_1","clr_0.1",-0.000171528967548224,1.13430547488892e-05,-0.000182872022297113,0.000182872022297113,"pc = 1 − pc = 0.1"
"103ad5940ac3b635fa0afe4680cbc582","Leptothrix","clr_1","clr_0.1",-0.000177249611703698,0.000188730497654455,-0.000365980109358153,0.000365980109358153,"pc = 1 − pc = 0.1"
"7e86ceaf56a9da491e637ed4c6aebdbb","Pseudobdellovibrionaceae Family","clr_1","clr_0.1",-0.00021167534404572,2.07873465512016e-05,-0.000232462690596922,0.000232462690596922,"pc = 1 − pc = 0.1"
"919f52074a986016c7e460883cbe1484","Rhodoferax","clr_1","clr_0.1",-0.000241420402435225,0.000905375640080149,-0.00114679604251537,0.00114679604251537,"pc = 1 − pc = 0.1"
"6764f73585d62530651ccbf6cf8c3fe5","Sphaerotilus","clr_1","clr_0.1",-0.000250354125749887,2.47699098954077e-05,-0.000275124035645294,0.000275124035645294,"pc = 1 − pc = 0.1"
"35f34c808b950913c07c2c2aabb660b4","Elsteraceae Family","clr_1","clr_0.1",-0.00028445567481189,0.000170552443379485,-0.000455008118191375,0.000455008118191375,"pc = 1 − pc = 0.1"
"79d376976c3bfb5e0a49c1f581b289c6","Sandaracinobacter","clr_1","clr_0.1",-0.000357564564001597,0.000128692272262738,-0.000486256836264335,0.000486256836264335,"pc = 1 − pc = 0.1"
"0f4d251ebd2112cffb56099bc4772b0a","Burkholderiaceae Family","clr_1","clr_0.1",-0.000385054656238648,0.000133255138782429,-0.000518309795021077,0.000518309795021077,"pc = 1 − pc = 0.1"
"92886da043b3cfb88c385fc9b72752d5","Panacibacter","clr_1","clr_0.1",-0.000388513684513533,0.000402998062691272,-0.000791511747204805,0.000791511747204805,"pc = 1 − pc = 0.1"
"7f60fc3cb896896f7bdb1eca264a3682","CL500-3","clr_1","clr_0.1",-0.000463974815424925,0.000185425089335645,-0.00064939990476057,0.00064939990476057,"pc = 1 − pc = 0.1"
"16acf0742b9bf7ac516eb47de2aa1f8c","Hyphomonadaceae Family","clr_1","clr_0.1",-0.00049930338190183,7.26966428413942e-05,-0.000572000024743224,0.000572000024743224,"pc = 1 − pc = 0.1"
"37bdabb058fbb4b5d00262bdfa49bff6","Phenylobacterium","clr_1","clr_0.1",-0.000637362428413221,0.000479846265098483,-0.0011172086935117,0.0011172086935117,"pc = 1 − pc = 0.1"
"6c9f91b861ced47f136e2bf9b8b7a152","Leptolyngbyaceae Family","clr_1","clr_0.1",-0.000878086051790645,3.60975732660477e-05,-0.000914183625056692,0.000914183625056692,"pc = 1 − pc = 0.1"
"772ad1eb60ac8444ec6adcaf9e9777c7","Spirochaeta 2","clr_1","clr_0.1",-0.000912846579116681,0.000472889749559173,-0.00138573632867585,0.00138573632867585,"pc = 1 − pc = 0.1"
"2e9efbeecb4de61ecc8d6522aa8d3410","Ferruginibacter","clr_1","clr_0.1",-0.00115990695606478,0.000219570787145249,-0.00137947774321003,0.00137947774321003,"pc = 1 − pc = 0.1"
"2d9a9d6012e671d8135cb2df734d9edd","Gemmatimonas","clr_0.5","clr_0.1",0.004263550916245,0.00121772390293102,0.00304582701331398,0.00304582701331398,"pc = 0.5 − pc = 0.1"
"b7a6de9f78e6c96910566ca3f2778318","Armatimonadaceae Family","clr_0.5","clr_0.1",0.0061266028876023,0.00195205536636995,0.00417454752123235,0.00417454752123235,"pc = 0.5 − pc = 0.1"
"c4bfdac27a83e2361cd70c4f37cbeb51","Paludibaculum","clr_0.5","clr_0.1",0.00486813686636849,0.00209749718279837,0.00277063968357012,0.00277063968357012,"pc = 0.5 − pc = 0.1"
"649f026cd615015b1c0f8e760d309122","Luteimonas","clr_0.5","clr_0.1",0.00422725385173223,0.00181944248232694,0.00240781136940529,0.00240781136940529,"pc = 0.5 − pc = 0.1"
"7a2f122fddae43a0010e633c008bc09b","Blfdi19 Order","clr_0.5","clr_0.1",0.00379382136930943,0.00141044925804932,0.00238337211126011,0.00238337211126011,"pc = 0.5 − pc = 0.1"
"6fa14f70b44f6de870d45c0e905c45fe","Fimbriiglobus","clr_0.5","clr_0.1",0.0046331446775699,0.00265780064491505,0.00197534403265484,0.00197534403265484,"pc = 0.5 − pc = 0.1"
"b44b7ef824cadcd24ea6fea45051a73e","Fimbriimonadaceae Family","clr_0.5","clr_0.1",0.00400284872407077,0.00377934859885805,0.000223500125212725,0.000223500125212725,"pc = 0.5 − pc = 0.1"
"65d43491988bfe557da4d86a5ba25dae","Staphylococcus","clr_0.5","clr_0.1",0.00378702870935605,0.00468500328432104,-0.000897974574964988,0.000897974574964988,"pc = 0.5 − pc = 0.1"
"cdc9eb301c1347f5753343884d1a5b41","mle1-27 Order","clr_0.5","clr_0.1",0.00363802688316164,0.00437574406700564,-0.000737717183843992,0.000737717183843992,"pc = 0.5 − pc = 0.1"
"66206d59214d8cc4ecb65a71e9350c9c","Phreatobacter","clr_0.5","clr_0.1",0.00360501894604362,0.00368359900747341,-7.85800614297957e-05,7.85800614297957e-05,"pc = 0.5 − pc = 0.1"
"5fa97937c087ce34a2c5ae09d617b9b1","Pedosphaeraceae Family","clr_0.5","clr_0.1",0.00362977517109366,0.00357959250811045,5.01826629832145e-05,5.01826629832145e-05,"pc = 0.5 − pc = 0.1"
"15186d19694f00776956343942b4f186","Gloeobacter","clr_0.5","clr_0.1",0.00184514552004431,0.00167024424556226,0.000174901274482046,0.000174901274482046,"pc = 0.5 − pc = 0.1"
"9a7f96749fc3614a624e31996bd7b4d4","Vermiphilaceae Family","clr_0.5","clr_0.1",0.00342670819809019,0.00304649042580195,0.000380217772288243,0.000380217772288243,"pc = 0.5 − pc = 0.1"
"5fb691caf53996697fc5745ffa6620ae","Lacibacter","clr_0.5","clr_0.1",0.00338802301993287,0.00326571954133579,0.000122303478597075,0.000122303478597075,"pc = 0.5 − pc = 0.1"
"61c901297973162caaee28a638a3d9d9","Solirubrobacteraceae Family","clr_0.5","clr_0.1",0.00275594856664615,0.00305371209518156,-0.000297763528535412,0.000297763528535412,"pc = 0.5 − pc = 0.1"
"34ec42044c0d886b375a356f164f6bd3","Methylorosula","clr_0.5","clr_0.1",0.00329710350130157,0.00315078870410096,0.000146314797200616,0.000146314797200616,"pc = 0.5 − pc = 0.1"
"3067f2c7606dcdd91e7f2803033e82b7","Silvanigrellaceae Family","clr_0.5","clr_0.1",0.00316498317189042,0.00307596907700535,8.9014094885063e-05,8.9014094885063e-05,"pc = 0.5 − pc = 0.1"
"de12a9a4b8be3995816194f3492ff412","Singulisphaera","clr_0.5","clr_0.1",0.00331777498571377,0.00332714223753893,-9.36725182515852e-06,9.36725182515852e-06,"pc = 0.5 − pc = 0.1"
"7303c7950d30d98f6084c7e1e4c54ea1","Nodosilinea","clr_0.5","clr_0.1",0.00226823473817413,0.000152384302025979,0.00211585043614815,0.00211585043614815,"pc = 0.5 − pc = 0.1"
"63f6feb8129502afd0ea246b2fec0692","Rickettsiellaceae Family","clr_0.5","clr_0.1",0.00302574399115246,0.00231399056217793,0.000711753428974527,0.000711753428974527,"pc = 0.5 − pc = 0.1"
"79cb0502666fb336451226c33970ec67","Chitinophagaceae Family","clr_0.5","clr_0.1",0.00283159676963876,0.00303927284687325,-0.000207676077234488,0.000207676077234488,"pc = 0.5 − pc = 0.1"
"9ed3e1edc621c9a94608480eb8b4351b","Pseudanabaena","clr_0.5","clr_0.1",0.0026697487909744,0.00213302585395296,0.00053672293702144,0.00053672293702144,"pc = 0.5 − pc = 0.1"
"c91235968ea14ce60ae7e2fa8b3aadb4","Latescibacterota Phylum","clr_0.5","clr_0.1",0.00283768980735856,0.00333557894475678,-0.000497889137398223,0.000497889137398223,"pc = 0.5 − pc = 0.1"
"bb286c96101b73e1bb46d5ff9b9da229","Polyangium","clr_0.5","clr_0.1",0.00259281572883261,0.0019028674616049,0.000689948267227711,0.000689948267227711,"pc = 0.5 − pc = 0.1"
"b701af8d98ca714dab16ab6724bb631a","Galbitalea","clr_0.5","clr_0.1",0.00252242589970255,0.00301172407516318,-0.000489298175460633,0.000489298175460633,"pc = 0.5 − pc = 0.1"
"328990122454db415c3696781e42778f","Phormidesmis","clr_0.5","clr_0.1",0.00286437994366966,0.00261725642097721,0.000247123522692454,0.000247123522692454,"pc = 0.5 − pc = 0.1"
"3505278bbef674c198e14875912fa8e5","Nocardioides","clr_0.5","clr_0.1",0.00270466619749926,0.00242960384208746,0.000275062355411805,0.000275062355411805,"pc = 0.5 − pc = 0.1"
"9e36c8c025b5170a2b5af14dc13bf3bf","Eremiobacteria Class","clr_0.5","clr_0.1",0.0024282844261049,0.00277231522291327,-0.000344030796808373,0.000344030796808373,"pc = 0.5 − pc = 0.1"
"afc8be1bf12a273aee66a9cf23603a63","Acetobacteraceae Family","clr_0.5","clr_0.1",0.0026818261100909,0.00413035785050487,-0.00144853174041398,0.00144853174041398,"pc = 0.5 − pc = 0.1"
"8c45d6dd71022de8cedfa07abbd65788","Tundrisphaera","clr_0.5","clr_0.1",0.00186615337468111,0.0015738380310795,0.000292315343601617,0.000292315343601617,"pc = 0.5 − pc = 0.1"
"ec0f2c0dafb364dfe9e9044a2db5f8fc","IMCC26207","clr_0.5","clr_0.1",0.00252074375056294,0.00230165490142478,0.000219088849138165,0.000219088849138165,"pc = 0.5 − pc = 0.1"
"170da4a26ca000e2245c8b471ff2fa71","NS9 marine group Family","clr_0.5","clr_0.1",0.0024335489357152,0.00269877683257264,-0.000265227896857436,0.000265227896857436,"pc = 0.5 − pc = 0.1"
"89c76625e45ab0499f29cc2dc2beb69c","SL56 marine group Class","clr_0.5","clr_0.1",0.00244494962263911,0.00261919346012659,-0.000174243837487474,0.000174243837487474,"pc = 0.5 − pc = 0.1"
"750dab93d926d40d7cd439faa6640f33","Haliscomenobacter","clr_0.5","clr_0.1",0.00235042867702547,0.00238315050290257,-3.2721825877104e-05,3.2721825877104e-05,"pc = 0.5 − pc = 0.1"
"df824eff77d1e1a62e26119a49a422de","Comamonadaceae Family","clr_0.5","clr_0.1",0.0019667389646224,0.00238388462121323,-0.000417145656590831,0.000417145656590831,"pc = 0.5 − pc = 0.1"
"c4e72b68a0138eb7ed4ec9390f496838","Luteolibacter","clr_0.5","clr_0.1",0.00254314305580721,0.00271625193461531,-0.000173108878808096,0.000173108878808096,"pc = 0.5 − pc = 0.1"
"7edb4e0c95b9fecd08046d75a5195d5c","SM1A02","clr_0.5","clr_0.1",0.00219241703111825,0.00220741062510617,-1.49935939879249e-05,1.49935939879249e-05,"pc = 0.5 − pc = 0.1"
"2a4e8c5c2d9ffd70f271583b796168df","Dolichospermum","clr_0.5","clr_0.1",0.00226623252622224,0.00238989957509189,-0.000123667048869644,0.000123667048869644,"pc = 0.5 − pc = 0.1"
"5f168ff910ef1f6dce37cfa68e82e8d0","Polymorphobacter","clr_0.5","clr_0.1",0.0023215127746527,0.00247672407491639,-0.000155211300263689,0.000155211300263689,"pc = 0.5 − pc = 0.1"
"51a5955ebe58e2c36e26f6cfa32cbe22","Rhizobacter","clr_0.5","clr_0.1",0.00236104962384635,0.00262978869790844,-0.000268739074062083,0.000268739074062083,"pc = 0.5 − pc = 0.1"
"6797a25a8dfdb4774d859b8844087411","Rhizobacter","clr_0.5","clr_0.1",0.00218046525999241,0.00251373972207906,-0.000333274462086656,0.000333274462086656,"pc = 0.5 − pc = 0.1"
"7017030b94462f54ca0141f11f705833","Dankookia","clr_0.5","clr_0.1",0.00219138109673955,0.00235385458582826,-0.000162473489088708,0.000162473489088708,"pc = 0.5 − pc = 0.1"
"a2196497d13e4a3bd4ed23e2d2fe702c","Flavobacterium","clr_0.5","clr_0.1",0.00227339101324885,0.00304628894713785,-0.000772897933888999,0.000772897933888999,"pc = 0.5 − pc = 0.1"
"c1cc6b184d817c58b7c081b5665904cb","Regnicoccus","clr_0.5","clr_0.1",0.00200023324034561,0.00206946904027667,-6.9235799931064e-05,6.9235799931064e-05,"pc = 0.5 − pc = 0.1"
"a6dd65fc8a794034ff7ebcd21aa0627d","Undibacterium","clr_0.5","clr_0.1",0.00225191531827798,0.00248401651048889,-0.000232101192210909,0.000232101192210909,"pc = 0.5 − pc = 0.1"
"443cbb31543da9477f5472d3e3b7898d","Rickettsiaceae Family","clr_0.5","clr_0.1",0.0022414556299232,0.00323845108019944,-0.000996995450276233,0.000996995450276233,"pc = 0.5 − pc = 0.1"
"d4531e60bc6de54c5eb09e54d2264553","Pirellula","clr_0.5","clr_0.1",0.00254430174383613,0.00237026904732299,0.000174032696513143,0.000174032696513143,"pc = 0.5 − pc = 0.1"
"978c384ac0e388f780c925653b029d19","Haliangiaceae Family","clr_0.5","clr_0.1",0.00202114565155448,0.00217971406974457,-0.000158568418190089,0.000158568418190089,"pc = 0.5 − pc = 0.1"
"51b9a2e379c2555a3774ef13e9aac08d","alphaI cluster","clr_0.5","clr_0.1",0.0019965448786617,0.00211404348414521,-0.000117498605483507,0.000117498605483507,"pc = 0.5 − pc = 0.1"
"fb437033e226e6cda5fe9c3b74ef453f","Rhodovarius","clr_0.5","clr_0.1",0.00183859019786237,0.00174981839641394,8.87718014484385e-05,8.87718014484385e-05,"pc = 0.5 − pc = 0.1"
"ff98ab846c8f29e5e5f5cce385b28a7b","R7C24 Order","clr_0.5","clr_0.1",0.00192088883242482,0.00177246769586412,0.000148421136560705,0.000148421136560705,"pc = 0.5 − pc = 0.1"
"cad8cc3e7647d51e614b099398538e4d","Saprospiraceae Family","clr_0.5","clr_0.1",0.00201765793020361,0.00182385204283952,0.000193805887364098,0.000193805887364098,"pc = 0.5 − pc = 0.1"
"6fc0afa4ca20c38dd455d90b8d8099ab","Hirschia","clr_0.5","clr_0.1",0.00172685726827734,0.00205194655430116,-0.000325089286023818,0.000325089286023818,"pc = 0.5 − pc = 0.1"
"2bba1f8c49fb19b800398943a216a572","Bryobacter","clr_0.5","clr_0.1",0.00190314999378215,0.00278954705889821,-0.000886397065116062,0.000886397065116062,"pc = 0.5 − pc = 0.1"
"7402c6fd98e177d4694261a9dd23eac6","Candidatus Berkiella","clr_0.5","clr_0.1",0.00190159471285664,0.00213589789348009,-0.000234303180623455,0.000234303180623455,"pc = 0.5 − pc = 0.1"
"ce7deedd0f541b5286425938fcd6e413","Oligoflexaceae Family","clr_0.5","clr_0.1",0.00182153493812257,0.00124201172678758,0.000579523211334991,0.000579523211334991,"pc = 0.5 − pc = 0.1"
"3078d0e997dde104f7d25c0dd9473003","Sandarakinorhabdus","clr_0.5","clr_0.1",0.00161125602086994,0.00193041540748518,-0.000319159386615244,0.000319159386615244,"pc = 0.5 − pc = 0.1"
"67af8ea66a8349d04cd4bda199abe5da","Fimbriiglobus","clr_0.5","clr_0.1",0.00176660015544774,0.00196220190877352,-0.000195601753325785,0.000195601753325785,"pc = 0.5 − pc = 0.1"
"768d500dec54c80d5ef769902dadd792","Fimbriiglobus","clr_0.5","clr_0.1",0.00168956497089286,0.00250041681556807,-0.000810851844675204,0.000810851844675204,"pc = 0.5 − pc = 0.1"
"3a6e99903dd0d336c713866f52bd4244","Saprospiraceae Family","clr_0.5","clr_0.1",0.00173598182705099,0.00195695582666894,-0.00022097399961795,0.00022097399961795,"pc = 0.5 − pc = 0.1"
"37c9c05391818c7a6ffa38262321f5fc","CL500-29 marine group","clr_0.5","clr_0.1",0.00170511718416697,0.00215259235907601,-0.000447475174909043,0.000447475174909043,"pc = 0.5 − pc = 0.1"
"ec1d103f66d06bf61cf3cf6d9bcf8e52","OM190 Class","clr_0.5","clr_0.1",0.00159140171010559,0.00132513611095888,0.000266265599146707,0.000266265599146707,"pc = 0.5 − pc = 0.1"
"42c734e954e79fffc18510aabe34471b","OM27 clade","clr_0.5","clr_0.1",0.00190295197086497,0.00219873855505709,-0.000295786584192113,0.000295786584192113,"pc = 0.5 − pc = 0.1"
"53e8389028f3821f782fbf4186e1ef22","SM1A02","clr_0.5","clr_0.1",0.00173489555166149,0.0016854224134423,4.94731382191965e-05,4.94731382191965e-05,"pc = 0.5 − pc = 0.1"
"76a12bde0263c31c5275292cb5b1d6f2","Roseococcus","clr_0.5","clr_0.1",0.00137214833667834,0.00133993497487743,3.22133618009105e-05,3.22133618009105e-05,"pc = 0.5 − pc = 0.1"
"1a44b9628088d4f47816066198670b8e","SM2D12 Family","clr_0.5","clr_0.1",0.00144781545306712,0.00196877496719849,-0.000520959514131373,0.000520959514131373,"pc = 0.5 − pc = 0.1"
"0de2768e56408332050e94db50b132bc","Ilumatobacteraceae Family","clr_0.5","clr_0.1",0.00166723872826791,0.00157534113870353,9.1897589564387e-05,9.1897589564387e-05,"pc = 0.5 − pc = 0.1"
"33e5681d81c11baedc5f46c7b394484c","Midichloriaceae Family","clr_0.5","clr_0.1",0.00177940717591703,0.00174963678169316,2.97703942238714e-05,2.97703942238714e-05,"pc = 0.5 − pc = 0.1"
"6c561c59c84d61ce5f4036074028dbca","Bryobacter","clr_0.5","clr_0.1",0.00207150673904642,0.000513203846245583,0.00155830289280084,0.00155830289280084,"pc = 0.5 − pc = 0.1"
"c27c683380e07dda90941851518bf036","Babeliales Order","clr_0.5","clr_0.1",0.00162541096297347,0.00194476038142746,-0.000319349418453994,0.000319349418453994,"pc = 0.5 − pc = 0.1"
"9f391663c5a41de8935c4443d7625a3d","Rhodospirillales Order","clr_0.5","clr_0.1",0.00182618815354994,0.00140231643753605,0.000423871716013887,0.000423871716013887,"pc = 0.5 − pc = 0.1"
"23a4b6bc2c58466eb2b87814a8ebbbf7","Comamonadaceae Family","clr_0.5","clr_0.1",0.00133098313247099,-2.51570341548183e-05,0.00135614016662581,0.00135614016662581,"pc = 0.5 − pc = 0.1"
"396cc69217c9a6fb253a45860cafee90","Fimbriiglobus","clr_0.5","clr_0.1",0.00153247120135458,0.00136427895951193,0.000168192241842644,0.000168192241842644,"pc = 0.5 − pc = 0.1"
"9cdde29fca3a13e2e0f5d96088860c87","Nostoc","clr_0.5","clr_0.1",0.00151070016339204,0.00149087326447369,1.98268989183444e-05,1.98268989183444e-05,"pc = 0.5 − pc = 0.1"
"8afb445ed3cdc963718ea8a09d66617b","Fimbriimonadaceae Family","clr_0.5","clr_0.1",0.00153992029627337,0.00136916981943178,0.000170750476841588,0.000170750476841588,"pc = 0.5 − pc = 0.1"
"1e6c51b99d65fb93d42ad3ff651b5763","SM2D12 Family","clr_0.5","clr_0.1",0.00144641938738874,0.00141969061522272,2.67287721660194e-05,2.67287721660194e-05,"pc = 0.5 − pc = 0.1"
"e0bf3607d3a5ccbac1a50f826a8e1d70","Pirellulaceae Family","clr_0.5","clr_0.1",0.00136621021073066,0.0013843263560127,-1.81161452820469e-05,1.81161452820469e-05,"pc = 0.5 − pc = 0.1"
"6815f1f2c2d38299f363940f8e312c3c","Deinococcaceae Family","clr_0.5","clr_0.1",0.00165642724969168,0.0022575339953272,-0.000601106745635527,0.000601106745635527,"pc = 0.5 − pc = 0.1"
"06d00f760cc0e151c5d5e991c9034e10","SH3-11","clr_0.5","clr_0.1",0.00156323700634635,0.00151202623655937,5.12107697869782e-05,5.12107697869782e-05,"pc = 0.5 − pc = 0.1"
"794fea1efb1825bf0a088dd1c923bca0","Candidatus Amoebophilus","clr_0.5","clr_0.1",0.00139037098017315,0.000882084194045061,0.000508286786128087,0.000508286786128087,"pc = 0.5 − pc = 0.1"
"7334cc4e674b5e9d56db1a9081437f8f","Hyphomicrobium","clr_0.5","clr_0.1",0.001514380467612,0.00209844572600643,-0.000584065258394434,0.000584065258394434,"pc = 0.5 − pc = 0.1"
"ff66b771cf24ac801cd8e74b446791a6","CL500-29 marine group","clr_0.5","clr_0.1",0.00141235966904394,0.00101758916551642,0.000394770503527525,0.000394770503527525,"pc = 0.5 − pc = 0.1"
"360106ff8200f47dee77f0f2e1d9f359","Hymenobacter","clr_0.5","clr_0.1",0.00131846935028665,0.00121641669259538,0.000102052657691278,0.000102052657691278,"pc = 0.5 − pc = 0.1"
"fc24096138e3cf0b2775bd2b8e01b5b2","Deinococcus","clr_0.5","clr_0.1",0.00127854734174988,0.00061214395675828,0.000666403384991599,0.000666403384991599,"pc = 0.5 − pc = 0.1"
"8d86c76119abb8cee5563d24dfd5019c","Sphingomonadaceae Family","clr_0.5","clr_0.1",0.00126817497870608,0.00120578767882999,6.2387299876098e-05,6.2387299876098e-05,"pc = 0.5 − pc = 0.1"
"500fb8b8ee8585ac51166621f12ba6c1","Spirosomataceae Family","clr_0.5","clr_0.1",0.00135984284681895,0.00151946942825328,-0.000159626581434333,0.000159626581434333,"pc = 0.5 − pc = 0.1"
"2593ef9eab12897237f8371e3a856adb","SM1A02","clr_0.5","clr_0.1",0.00124358659948693,0.00156674516902874,-0.000323158569541812,0.000323158569541812,"pc = 0.5 − pc = 0.1"
"46df32bbd857e8288a2f65086e0fd1c4","Ideonella","clr_0.5","clr_0.1",0.00106430271454827,0.00130665572533068,-0.000242353010782412,0.000242353010782412,"pc = 0.5 − pc = 0.1"
"254cd54eaf0e7301dc9d0c9e2dc53710","Nodosilineaceae Family","clr_0.5","clr_0.1",0.00116887577854808,0.00115098175619538,1.78940223527055e-05,1.78940223527055e-05,"pc = 0.5 − pc = 0.1"
"5da845af2892f5c8fd8161364c7b4997","Sandarakinorhabdus","clr_0.5","clr_0.1",0.00114032839618072,0.00232047436466,-0.00118014596847928,0.00118014596847928,"pc = 0.5 − pc = 0.1"
"47c12b61c90c5033a1bb474f6c7ae154","LD29","clr_0.5","clr_0.1",0.00119803001131496,0.00100564519544076,0.000192384815874202,0.000192384815874202,"pc = 0.5 − pc = 0.1"
"f4a774667177b16cb72b2efba954744e","Pirellulaceae Family","clr_0.5","clr_0.1",0.00104943231990879,0.000804629181399238,0.000244803138509553,0.000244803138509553,"pc = 0.5 − pc = 0.1"
"48e44d7f0b561b30935a67c41c75101d","Chthoniobacter","clr_0.5","clr_0.1",0.00139342620699164,0.00252304220745646,-0.00112961600046482,0.00112961600046482,"pc = 0.5 − pc = 0.1"
"ab6b7b90747341ce39f82d0a22a1d37d","Methylobacterium","clr_0.5","clr_0.1",0.00117198709768318,0.00222729859574481,-0.00105531149806163,0.00105531149806163,"pc = 0.5 − pc = 0.1"
"27ec05c431a025fda07b2a8e37f2bf93","Fimbriiglobus","clr_0.5","clr_0.1",0.00115230060647527,0.00126349793123812,-0.00011119732476285,0.00011119732476285,"pc = 0.5 − pc = 0.1"
"102fc16adc262f00c457357b35540be5","Rubinisphaeraceae Family","clr_0.5","clr_0.1",0.0011199497269174,0.00127733588344547,-0.000157386156528064,0.000157386156528064,"pc = 0.5 − pc = 0.1"
"179e2e4ad12d2a505f12bf7110a80cde","Sphingomonadaceae Family","clr_0.5","clr_0.1",0.00111965158866482,0.00130044423998047,-0.000180792651315655,0.000180792651315655,"pc = 0.5 − pc = 0.1"
"53835d1295531799bc64c8fd9b406ac2","Leptothrix","clr_0.5","clr_0.1",0.00110181582992066,0.00101964921883449,8.21666110861737e-05,8.21666110861737e-05,"pc = 0.5 − pc = 0.1"
"3e125655918e305a3842a79b6972775f","Rhodovarius","clr_0.5","clr_0.1",0.00155391440374713,0.00432837607095413,-0.002774461667207,0.002774461667207,"pc = 0.5 − pc = 0.1"
"bcba47620c299fd34809f143e3d26dff","Sphingomonas","clr_0.5","clr_0.1",0.000794244548853388,0.000696429010174722,9.78155386786666e-05,9.78155386786666e-05,"pc = 0.5 − pc = 0.1"
"fb9358e4192b4e3fb1a6210327ee6ff2","Parablastomonas","clr_0.5","clr_0.1",0.00205092187124942,0.00190808090291266,0.000142840968336761,0.000142840968336761,"pc = 0.5 − pc = 0.1"
"dc17a99d06059905b9fe7239b0b6072a","Gemmataceae Family","clr_0.5","clr_0.1",0.00103187822865861,0.00018515011697248,0.000846728111686132,0.000846728111686132,"pc = 0.5 − pc = 0.1"
"58233cde931d4317c4aec4e9d3ad14f3","FukuN18 freshwater group","clr_0.5","clr_0.1",0.000997986950175338,0.000997986950175338,0,0,"pc = 0.5 − pc = 0.1"
"214496ebb8360b204e3f3a03d8641287","P3OB-42","clr_0.5","clr_0.1",0.00131197354642697,0.00176199821024797,-0.000450024663821001,0.000450024663821001,"pc = 0.5 − pc = 0.1"
"de2f81775998c151256d2a2b1ebaeee0","Rhodospirillales Order","clr_0.5","clr_0.1",0.000559264682802713,0.000559264682802713,0,0,"pc = 0.5 − pc = 0.1"
"d922e28fdfb36aa671e51df99219225a","Leptothrix","clr_0.5","clr_0.1",0.000916218605592748,0.000321158164333742,0.000595060441259006,0.000595060441259006,"pc = 0.5 − pc = 0.1"
"2563ceb7d15a84f5d59f225adc9b06a5","Rickettsiales Order","clr_0.5","clr_0.1",0.00115501634928622,0.00172341655210334,-0.000568400202817115,0.000568400202817115,"pc = 0.5 − pc = 0.1"
"56d37d5bf0c2169e087e1488886eefde","Oxalobacteraceae Family","clr_0.5","clr_0.1",0.00107071749401138,0.00107071749401138,0,0,"pc = 0.5 − pc = 0.1"
"396bbebd81d93d6c824d49cc652eb76a","Flavipsychrobacter","clr_0.5","clr_0.1",0.00100027292583063,0.000572167152415341,0.000428105773415286,0.000428105773415286,"pc = 0.5 − pc = 0.1"
"92b48d9d2ebf3f4b0d153805997488d7","Rhodospirillales Order","clr_0.5","clr_0.1",0.000788767599309962,0.00167460457522589,-0.000885836975915929,0.000885836975915929,"pc = 0.5 − pc = 0.1"
"ee2d56600bef5d134884d0354366d6e8","Paracaedibacteraceae Family","clr_0.5","clr_0.1",0.000796076843532686,0.000690465974348628,0.000105610869184058,0.000105610869184058,"pc = 0.5 − pc = 0.1"
"36097ef26957ce4fdd7a71fe7f7cb7af","Candidatus-Obscuribacter","clr_0.5","clr_0.1",0.00104891162203267,0.000902249353700791,0.00014666226833188,0.00014666226833188,"pc = 0.5 − pc = 0.1"
"c1c1dfe0cd247065dcc7160055106657","Rhodospirillales Order","clr_0.5","clr_0.1",0.00142697013505743,0.00191431941045208,-0.000487349275394657,0.000487349275394657,"pc = 0.5 − pc = 0.1"
"5483883d288edbb58b4e3376b6dd87b1","Rhodovarius","clr_0.5","clr_0.1",0.000758399933668439,0.00147463584818606,-0.000716235914517621,0.000716235914517621,"pc = 0.5 − pc = 0.1"
"0a4893b9a6062b1e61e27c920e0e38ca","Comamonadaceae Family","clr_0.5","clr_0.1",0.000800392894633583,0.000883155055586014,-8.27621609524304e-05,8.27621609524304e-05,"pc = 0.5 − pc = 0.1"
"35e1bbfd3ea58cec02a0fedead1ce5ce","Stenomitos","clr_0.5","clr_0.1",0.00104805840402872,0.00137863813692313,-0.000330579732894409,0.000330579732894409,"pc = 0.5 − pc = 0.1"
"84e1f74b7363f0321d0df8986283c5fa","Nannocystis","clr_0.5","clr_0.1",0.000791535990462368,0.00106024598756318,-0.000268709997100816,0.000268709997100816,"pc = 0.5 − pc = 0.1"
"6ea9472deca150f97a7bcfe87126d9b9","Phreatobacter","clr_0.5","clr_0.1",0.000832333720412287,0.000766880009862719,6.54537105495682e-05,6.54537105495682e-05,"pc = 0.5 − pc = 0.1"
"a61ee78f47a62b26743ab3e11ceccc41","Legionella","clr_0.5","clr_0.1",0.000724493065454326,0.00115918569874968,-0.000434692633295351,0.000434692633295351,"pc = 0.5 − pc = 0.1"
"d0c787f177dccc8f247649354da0273e","OM27 clade","clr_0.5","clr_0.1",0.000594917724362136,0.00148120752036117,-0.000886289795999032,0.000886289795999032,"pc = 0.5 − pc = 0.1"
"55fba7b4dd6e9303c85c5a54e0251df2","Pirellulaceae Family","clr_0.5","clr_0.1",0.000932708114424626,0.000373249349940628,0.000559458764483998,0.000559458764483998,"pc = 0.5 − pc = 0.1"
"bf6e216d6fe910e0f4033563819975d2","Pirellula","clr_0.5","clr_0.1",0.000947166588594181,-0.000665857696035043,0.00161302428462922,0.00161302428462922,"pc = 0.5 − pc = 0.1"
"79029fa983ec4eda60117a273a52cfc0","Caulobacter","clr_0.5","clr_0.1",0.000737147382886872,0.00168716825230918,-0.000950020869422309,0.000950020869422309,"pc = 0.5 − pc = 0.1"
"54658c5cabc3c6c07f1e6556120cc99c","Rhizobacter","clr_0.5","clr_0.1",0.000715541918060389,0.000343686503713198,0.000371855414347191,0.000371855414347191,"pc = 0.5 − pc = 0.1"
"2f0427c95f58bc8b33730d6bebc06828","SWB02","clr_0.5","clr_0.1",0.000670767694979428,0.000629061730302285,4.1705964677143e-05,4.1705964677143e-05,"pc = 0.5 − pc = 0.1"
"f68c45909b99408dc34d145a2e374c45","alphaI cluster","clr_0.5","clr_0.1",0.000380076939300104,0.000448752265831268,-6.86753265311636e-05,6.86753265311636e-05,"pc = 0.5 − pc = 0.1"
"d7df8a68ccfac5afb8ff817e0f532385","Pedosphaeraceae Family","clr_0.5","clr_0.1",0.000351763162691012,0.00015712132230878,0.000194641840382233,0.000194641840382233,"pc = 0.5 − pc = 0.1"
"71ea54160cc86ce702cedff2acd9c71b","Microscillaceae Family","clr_0.5","clr_0.1",0.000569388749609961,0.000970704255522137,-0.000401315505912176,0.000401315505912176,"pc = 0.5 − pc = 0.1"
"556c3d1034e2eec13db898aa075da658","Candidatus Jidaibacter","clr_0.5","clr_0.1",0.00068772373022713,0.000826195180668618,-0.000138471450441488,0.000138471450441488,"pc = 0.5 − pc = 0.1"
"92d53dbcf18e8b0d7ac36b3a48166638","Caulobacteraceae Family","clr_0.5","clr_0.1",-3.20190735542484e-05,-8.68587859735997e-05,5.48397124193513e-05,5.48397124193513e-05,"pc = 0.5 − pc = 0.1"
"7148f89a064752c2b79f8b43fcfdf028","Rickettsiellaceae Family","clr_0.5","clr_0.1",0.000849240279859029,0.000849933521304313,-6.93241445283758e-07,6.93241445283758e-07,"pc = 0.5 − pc = 0.1"
"4078fc5ccccbf133e10b6bf4f6461c02","Pirellula","clr_0.5","clr_0.1",0.00307269350989712,0.000423941247741944,0.00264875226215517,0.00264875226215517,"pc = 0.5 − pc = 0.1"
"1e046bb4b737284bdbae0d7b21a6ddbe","Fibrisoma","clr_0.5","clr_0.1",0.00105281864048663,0.00113556465622066,-8.2746015734029e-05,8.2746015734029e-05,"pc = 0.5 − pc = 0.1"
"129ef8665d470f7e31e3ddbdb6dd47b4","Oculatellaceae Family","clr_0.5","clr_0.1",0.000839177487840207,0.00070558921372407,0.000133588274116137,0.000133588274116137,"pc = 0.5 − pc = 0.1"
"ea4317d7222c2b5526d500d503663459","Aphanizomenonaceae Family","clr_0.5","clr_0.1",0.000597806372848533,0.000597806372848533,0,0,"pc = 0.5 − pc = 0.1"
"60c62612dc5338eb921aa2f7d765ae55","Cephaloticoccus","clr_0.5","clr_0.1",0.000609827491442048,0.000759878252291027,-0.000150050760848979,0.000150050760848979,"pc = 0.5 − pc = 0.1"
"56483f8000e7a15a0ef8932e02cff7c4","Micavibrionales Order","clr_0.5","clr_0.1",0.000470364871898469,0.000567105180429485,-9.67403085310157e-05,9.67403085310157e-05,"pc = 0.5 − pc = 0.1"
"3c47a5b25bdba36dd7911384b66f1371","Armatimonadaceae Family","clr_0.5","clr_0.1",-0.000116049583952183,-0.000206768556456199,9.07189725040154e-05,9.07189725040154e-05,"pc = 0.5 − pc = 0.1"
"d68f525366c1dfdc0984a90b89867e95","Longivirga","clr_0.5","clr_0.1",-2.1542225402358e-05,-0.00023616659446075,0.000214624369058392,0.000214624369058392,"pc = 0.5 − pc = 0.1"
"ebb58c2ffbbb54748fa6385f9d3224df","Sphingomonadaceae Family","clr_0.5","clr_0.1",0.000568836678866063,0.000694950052947119,-0.000126113374081057,0.000126113374081057,"pc = 0.5 − pc = 0.1"
"edb9c10a487ad4ace7c08ebe26d7145a","Bryobacter","clr_0.5","clr_0.1",0.000516895807624762,0.000377705213730371,0.000139190593894392,0.000139190593894392,"pc = 0.5 − pc = 0.1"
"6d766f67b6bd03ae7d1de4c4fc15b47f","SM2D12 Family","clr_0.5","clr_0.1",0.000564282044356298,0.000533932320650354,3.03497237059438e-05,3.03497237059438e-05,"pc = 0.5 − pc = 0.1"
"cf42bf36050435362713d9a47b22f948","Parvibium","clr_0.5","clr_0.1",0.000560416273944408,-2.71211659370829e-05,0.00058753743988149,0.00058753743988149,"pc = 0.5 − pc = 0.1"
"43f8d1ced946461f54ea0b5b7001d5d6","Microbacteriaceae Family","clr_0.5","clr_0.1",0.000467889955968963,-0.000528905430014465,0.000996795385983428,0.000996795385983428,"pc = 0.5 − pc = 0.1"
"544ad0fe7ff864b6f888b8cde90ed6cc","Leptothrix","clr_0.5","clr_0.1",0.00036613756252049,1.64228906394489e-05,0.000349714671881041,0.000349714671881041,"pc = 0.5 − pc = 0.1"
"9cde2373849523d28439507aa5411277","Haliscomenobacter","clr_0.5","clr_0.1",0.000527133981519704,0.000654846403336378,-0.000127712421816674,0.000127712421816674,"pc = 0.5 − pc = 0.1"
"b20a5bb96396ea08495298fc1a90c26b","Parablastomonas","clr_0.5","clr_0.1",0.000279954812391575,2.62770307114968e-07,0.00027969204208446,0.00027969204208446,"pc = 0.5 − pc = 0.1"
"fd4df754d86be49bd629a82ee124ae11","Comamonadaceae Family","clr_0.5","clr_0.1",0.00068770944455785,0.000975473167189338,-0.000287763722631488,0.000287763722631488,"pc = 0.5 − pc = 0.1"
"38f0c358f69c2812f607221459e7dd9e","Microscillaceae Family","clr_0.5","clr_0.1",0.000457728627500086,0.000743840486680894,-0.000286111859180807,0.000286111859180807,"pc = 0.5 − pc = 0.1"
"ad9cc38b5ccf51413138567ba4f60b42","Babeliales Order","clr_0.5","clr_0.1",0.000402835914253108,0.00076214872085641,-0.000359312806603302,0.000359312806603302,"pc = 0.5 − pc = 0.1"
"8f0fb68673a8b3c26f3fd210e29b7916","Clostridium","clr_0.5","clr_0.1",0.000450754653092649,0.00101394265054424,-0.000563187997451588,0.000563187997451588,"pc = 0.5 − pc = 0.1"
"5c63b3749641851b368c8a181ddf1180","Xanthobacteraceae Family","clr_0.5","clr_0.1",0.0004687307584134,0.000856261598816532,-0.000387530840403133,0.000387530840403133,"pc = 0.5 − pc = 0.1"
"e82d519024df8980ba749ba0e7e8dbf1","Ferruginibacter","clr_0.5","clr_0.1",-0.000113963048294632,0.000216423148080963,-0.000330386196375595,0.000330386196375595,"pc = 0.5 − pc = 0.1"
"2d2cfe3970153f65df6fb6d1a6da95cf","Chitinophagaceae Family","clr_0.5","clr_0.1",0.00043184670730104,0.000519786631278197,-8.79399239771568e-05,8.79399239771568e-05,"pc = 0.5 − pc = 0.1"
"7558ae080e554f69632fa9f0078925a8","SM2D12 Family","clr_0.5","clr_0.1",0.000257129611465432,0.000230517591763011,2.66120197024206e-05,2.66120197024206e-05,"pc = 0.5 − pc = 0.1"
"34b262693d693a0cbf5d81d87ea6cdc3","Zavarziniales Order","clr_0.5","clr_0.1",0.000397081663859179,0.000683540891779562,-0.000286459227920383,0.000286459227920383,"pc = 0.5 − pc = 0.1"
"8d4b51998b3310a1e96483dae8166a38","Candidatus Ovatusbacter","clr_0.5","clr_0.1",0.000444725406344279,0.000523312775700898,-7.85873693566192e-05,7.85873693566192e-05,"pc = 0.5 − pc = 0.1"
"508e4d4db7e2c0220a19fafa294e0670","Methylotenera","clr_0.5","clr_0.1",0.000530255602557892,0.00111472306116195,-0.000584467458604053,0.000584467458604053,"pc = 0.5 − pc = 0.1"
"f04a2d7063257d451dee16f014b55e63","Snowella","clr_0.5","clr_0.1",0.00069947278284393,0.00152189906123168,-0.000822426278387751,0.000822426278387751,"pc = 0.5 − pc = 0.1"
"482f65b152c5702150de2b27ea2c9521","Endobacter","clr_0.5","clr_0.1",0.00034667320510082,0.000617496090963036,-0.000270822885862217,0.000270822885862217,"pc = 0.5 − pc = 0.1"
"69e49e83ce1d7c260ab365773d82ed94","Phreatobacter","clr_0.5","clr_0.1",0.000736435331431858,9.63562875095067e-05,0.000640079043922351,0.000640079043922351,"pc = 0.5 − pc = 0.1"
"6376ea6dab7d0fde3cd66f53b57e1484","Pseudomonas","clr_0.5","clr_0.1",0.000337541754367234,0.000366546421991962,-2.90046676247279e-05,2.90046676247279e-05,"pc = 0.5 − pc = 0.1"
"9b4645c464d957064aed5e31e37b75f9","Comamonadaceae Family","clr_0.5","clr_0.1",0.000147534411858607,0.000147534411858607,0,0,"pc = 0.5 − pc = 0.1"
"33cd0c133837d614ac29262c17209759","Microscillaceae Family","clr_0.5","clr_0.1",0.000309099870641012,0.000196494464492903,0.000112605406148109,0.000112605406148109,"pc = 0.5 − pc = 0.1"
"ab4793724d4650358e1d40f5cb713049","Pseudanabaena","clr_0.5","clr_0.1",0.000291669159975849,0.00140759673529952,-0.00111592757532367,0.00111592757532367,"pc = 0.5 − pc = 0.1"
"134bdbaec661c28d109690d78b59214b","Saprospiraceae Family","clr_0.5","clr_0.1",0.000486495930916178,0.000301953913395172,0.000184542017521006,0.000184542017521006,"pc = 0.5 − pc = 0.1"
"eddfa9460b8fe2df12344f6da501b116","Rhizobacter","clr_0.5","clr_0.1",0.000206230327666697,0.00012718730714426,7.90430205224368e-05,7.90430205224368e-05,"pc = 0.5 − pc = 0.1"
"c24525e8eccad35e27387f77998cbd04","Paracaedibacteraceae Family","clr_0.5","clr_0.1",0.000298711279885377,0.000246329068308429,5.23822115769485e-05,5.23822115769485e-05,"pc = 0.5 − pc = 0.1"
"bb7f85879d3368b4cb7312e19bddcd5c","Candidatus Paracaedibacter","clr_0.5","clr_0.1",0.000288484010360832,0.000288484010360832,0,0,"pc = 0.5 − pc = 0.1"
"0da352d12778a23d94aef13982c319f4","Rickettsiaceae Family","clr_0.5","clr_0.1",0.000281802222349789,7.40626718078689e-05,0.000207739550541921,0.000207739550541921,"pc = 0.5 − pc = 0.1"
"4c06bb79b0e22b616bf426c36315a839","Sumerlaea","clr_0.5","clr_0.1",0.000279499740615424,0.000422270873246572,-0.000142771132631148,0.000142771132631148,"pc = 0.5 − pc = 0.1"
"dd0a8be594bd6d7f08121de2aa5df471","Anagnostidinema","clr_0.5","clr_0.1",0.000266820601950118,0.000225548692919305,4.12719090308128e-05,4.12719090308128e-05,"pc = 0.5 − pc = 0.1"
"7ef48551cce7e0d840508208665333f5","Gemmatimonadaceae Family","clr_0.5","clr_0.1",0.000319187589304588,0.000319187589304588,0,0,"pc = 0.5 − pc = 0.1"
"9b596b9eb067d0ee46fb12b98a26ca77","Pseudanabaena","clr_0.5","clr_0.1",0.000261889302090959,0.00018314694116792,7.87423609230383e-05,7.87423609230383e-05,"pc = 0.5 − pc = 0.1"
"906a6d27477dd504345835ee5273a72c","Pirellula","clr_0.5","clr_0.1",0.000195691674670401,0.000675018068320535,-0.000479326393650135,0.000479326393650135,"pc = 0.5 − pc = 0.1"
"ef944207e872617beee3d1d9405369af","Hyphomicrobiaceae Family","clr_0.5","clr_0.1",0.000252263525096944,0.000178172317005613,7.40912080913312e-05,7.40912080913312e-05,"pc = 0.5 − pc = 0.1"
"5715ae257ea8de07cca43aa863484aa0","Saprospiraceae Family","clr_0.5","clr_0.1",0.000116849055836393,5.92476313730819e-05,5.76014244633107e-05,5.76014244633107e-05,"pc = 0.5 − pc = 0.1"
"dfa55444de9e265475ced8f630cda4a2","Aurantisolimonas","clr_0.5","clr_0.1",0.000242831568193677,0.000219875681570215,2.2955886623462e-05,2.2955886623462e-05,"pc = 0.5 − pc = 0.1"
"4902f0932539bec04c67444c8444ca7d","Labrys","clr_0.5","clr_0.1",-0.00016443384484688,-0.00021649249072475,5.20586458778704e-05,5.20586458778704e-05,"pc = 0.5 − pc = 0.1"
"7a58a670654e91eb7bbbb340f5221038","Pseudanabaenaceae_X","clr_0.5","clr_0.1",0.000268163501628718,0.000470794194952799,-0.00020263069332408,0.00020263069332408,"pc = 0.5 − pc = 0.1"
"76363618e6a55a0556fa9cdda32b9519","Ellin6067","clr_0.5","clr_0.1",0.000218944648937017,0.00107896707523994,-0.000860022426302927,0.000860022426302927,"pc = 0.5 − pc = 0.1"
"51af2c92d5b41fee1ef860eb59eee9d7","Vulcanococcus","clr_0.5","clr_0.1",0.000210543123627002,0.0002546886355881,-4.41455119610975e-05,4.41455119610975e-05,"pc = 0.5 − pc = 0.1"
"26915c3209ae35ef27dd02617e8d7d91","Sphingorhabdus","clr_0.5","clr_0.1",0.000290216694722462,0.000382334265016521,-9.21175702940589e-05,9.21175702940589e-05,"pc = 0.5 − pc = 0.1"
"ef24d427e3b1d810ed78fd31347e4252","Acetobacteraceae Family","clr_0.5","clr_0.1",0.000204245981058795,0.00023883419788254,-3.45882168237452e-05,3.45882168237452e-05,"pc = 0.5 − pc = 0.1"
"d597a051340ae987325f71bec5a48646","Polyangium","clr_0.5","clr_0.1",0.00020762146038837,0.000137570760408471,7.00506999798989e-05,7.00506999798989e-05,"pc = 0.5 − pc = 0.1"
"0b3d627ed430a03782c59b859dab9d67","Rhodoferax","clr_0.5","clr_0.1",0.000107049063491183,0.000107049063491183,0,0,"pc = 0.5 − pc = 0.1"
"7200c4bdfefe29961136146f9617dbd9","Microscillaceae Family","clr_0.5","clr_0.1",0.000202883630620111,0.000202883630620111,0,0,"pc = 0.5 − pc = 0.1"
"2c1f693832b28d9df00b5821e93593e3","Fimbriiglobus","clr_0.5","clr_0.1",0.000196750494423595,-5.31735791023159e-05,0.000249924073525911,0.000249924073525911,"pc = 0.5 − pc = 0.1"
"4101b9eb70afe9a3ed1fb4c9eeaa28c6","Fimbriiglobus","clr_0.5","clr_0.1",0.000225754950015105,-5.87725879206007e-05,0.000284527537935705,0.000284527537935705,"pc = 0.5 − pc = 0.1"
"1a9d57d26606ba207da37f78a8ff2c58","Pseudanabaena","clr_0.5","clr_0.1",0.00017190960316185,0.00119922777124469,-0.00102731816808284,0.00102731816808284,"pc = 0.5 − pc = 0.1"
"481de4037ed3f3bcf51b47e548dcbd9e","Novosphingobium","clr_0.5","clr_0.1",0.000228532652368607,-0.00014906374638672,0.000377596398755327,0.000377596398755327,"pc = 0.5 − pc = 0.1"
"0c3800224e14775f2abb6f91ff7450cf","Fimbriiglobus","clr_0.5","clr_0.1",6.00944495414743e-05,0.000102844999169327,-4.27505496278529e-05,4.27505496278529e-05,"pc = 0.5 − pc = 0.1"
"0ea1dc2365236a4157aaae6a095fdfdd","Fibrella","clr_0.5","clr_0.1",0.000180475028925303,1.5363713049973e-05,0.00016511131587533,0.00016511131587533,"pc = 0.5 − pc = 0.1"
"fd114ad6491bbfce6cc14cfaba316b67","Hyphomicrobiaceae Family","clr_0.5","clr_0.1",0.000176183187990576,0.000584987940032511,-0.000408804752041935,0.000408804752041935,"pc = 0.5 − pc = 0.1"
"16da9716b4d7c3c9c904f3f799d67dfe","Comamonas","clr_0.5","clr_0.1",0.000106360026539083,-0.000132658506972849,0.000239018533511931,0.000239018533511931,"pc = 0.5 − pc = 0.1"
"fc344c3d65897b11c8304a2bdf3d623e","Microbacteriaceae Family","clr_0.5","clr_0.1",0.000167128910992076,0.000214253852327714,-4.71249413356388e-05,4.71249413356388e-05,"pc = 0.5 − pc = 0.1"
"73ab6d6608a93a7bc935f8048997c6fc","Rhodospirillales Order","clr_0.5","clr_0.1",0.000166613965734844,0.00024965402600009,-8.30400602652466e-05,8.30400602652466e-05,"pc = 0.5 − pc = 0.1"
"08e95f8aadda45f7fa04b997b0579b10","A0839 Family","clr_0.5","clr_0.1",-0.000323838336915517,-2.19847672503754e-05,-0.000301853569665142,0.000301853569665142,"pc = 0.5 − pc = 0.1"
"f3e48c5b6a5d9c30baaf78f71f1706fa","Pirellula","clr_0.5","clr_0.1",0.000163513900874542,-0.000551655283088182,0.000715169183962725,0.000715169183962725,"pc = 0.5 − pc = 0.1"
"fb2b00a8282741f54559c37f4ce69e20","Cyanobium","clr_0.5","clr_0.1",0.000142237337680519,8.45885433588074e-05,5.76487943217114e-05,5.76487943217114e-05,"pc = 0.5 − pc = 0.1"
"0d7eacfd4c0aa8f5967e44aebcfea42f","Gemmata","clr_0.5","clr_0.1",4.59483186827225e-05,0.000387945315703655,-0.000341996997020932,0.000341996997020932,"pc = 0.5 − pc = 0.1"
"0d9a85a8f16a66d5dc0e5eacea0c4d39","Candidatus Paracaedibacter","clr_0.5","clr_0.1",0.000154751510576956,0.000140968087563608,1.37834230133475e-05,1.37834230133475e-05,"pc = 0.5 − pc = 0.1"
"af8f08828162de70db80a123f4d379ec","Gammaproteobacteria Class","clr_0.5","clr_0.1",0.000143434038456698,0.000254407726925022,-0.000110973688468324,0.000110973688468324,"pc = 0.5 − pc = 0.1"
"93522be911c0a10ef2cabf936ee5d2b5","PeM15 Order","clr_0.5","clr_0.1",0.00013620142745419,0.000230393285446817,-9.41918579926274e-05,9.41918579926274e-05,"pc = 0.5 − pc = 0.1"
"800c01f333327cd99370115d8c568cc4","Elsterales Order","clr_0.5","clr_0.1",-4.20325454809551e-05,0.000108402312857112,-0.000150434858338067,0.000150434858338067,"pc = 0.5 − pc = 0.1"
"cd73125f6ca8e56f73bbd3e6b780f8e9","Fimbriiglobus","clr_0.5","clr_0.1",0.00022700309131443,-0.00010019323506664,0.00032719632638107,0.00032719632638107,"pc = 0.5 − pc = 0.1"
"e8724520788bb38a7f9d22c91318f016","Rhizobacter","clr_0.5","clr_0.1",0.000103966977273692,-9.2337479631088e-05,0.00019630445690478,0.00019630445690478,"pc = 0.5 − pc = 0.1"
"e7bf8b888611a3cd1b5c84cdcd76321f","Aggregatilineaceae Family","clr_0.5","clr_0.1",0.000228806401114534,0.000323378350493629,-9.45719493790954e-05,9.45719493790954e-05,"pc = 0.5 − pc = 0.1"
"4066bd673ae4accaad3d8a94bcdb2d24","Microcystaceae Family","clr_0.5","clr_0.1",0.000115662039479386,0.000115662039479386,0,0,"pc = 0.5 − pc = 0.1"
"ca274cac3782ce39f30b91a1ae9e19b8","Caulobacter","clr_0.5","clr_0.1",0.000201259186344133,5.72650402885449e-05,0.000143994146055588,0.000143994146055588,"pc = 0.5 − pc = 0.1"
"5de27febf2c3146c05611c279e97767b","Cyanobium","clr_0.5","clr_0.1",0.000110156537488697,4.60908504287774e-05,6.40656870599192e-05,6.40656870599192e-05,"pc = 0.5 − pc = 0.1"
"2bd79804ec25f3151f8ec3f31c842dd0","Rhodovarius","clr_0.5","clr_0.1",0.000194878823020586,2.15412745574504e-05,0.000173337548463136,0.000173337548463136,"pc = 0.5 − pc = 0.1"
"ab1257929cfef8e80de3736c30d4e7a9","SM2D12 Family","clr_0.5","clr_0.1",-0.000178551796179572,-0.000102482034433669,-7.60697617459034e-05,7.60697617459034e-05,"pc = 0.5 − pc = 0.1"
"9b3becce3e5841cf9cd818eda34e6f49","NS9 marine group Family","clr_0.5","clr_0.1",0.00010545519714211,-3.23723753769194e-05,0.000137827572519029,0.000137827572519029,"pc = 0.5 − pc = 0.1"
"53ca06737199ee3678325edb8269c6a0","Pedomicrobium","clr_0.5","clr_0.1",0.00010466305064969,-0.000163360572039429,0.000268023622689119,0.000268023622689119,"pc = 0.5 − pc = 0.1"
"d6c6e091960efb55e30fa71a4ebb16b1","CL500-29 marine group","clr_0.5","clr_0.1",1.81683819027255e-05,0.00024380778116978,-0.000225639399267054,0.000225639399267054,"pc = 0.5 − pc = 0.1"
"fc7b257064027e1bc2b6fbfb4584677d","Piscinibacter","clr_0.5","clr_0.1",9.40565650402711e-05,9.41937405547524e-05,-1.37175514481315e-07,1.37175514481315e-07,"pc = 0.5 − pc = 0.1"
"bd9fb85fbc617c063ef39df89e371752","Fimbriimonadaceae Family","clr_0.5","clr_0.1",0.000112509601387079,0.00104535758005787,-0.000932847978670791,0.000932847978670791,"pc = 0.5 − pc = 0.1"
"99be950acd04b1895e6a527e017fcfcc","Schlesneriaceae Family","clr_0.5","clr_0.1",0.000158407542977082,0.000147915640042229,1.04919029348534e-05,1.04919029348534e-05,"pc = 0.5 − pc = 0.1"
"d74e073ecdeaccac7fc62dae8c532684","Acetobacteraceae Family","clr_0.5","clr_0.1",8.6516317920945e-05,5.95636753141066e-05,2.69526426068384e-05,2.69526426068384e-05,"pc = 0.5 − pc = 0.1"
"ca61a8ea13943524f0f63090b66d787e","Planctopirus","clr_0.5","clr_0.1",8.56857486937284e-05,0.000130240404905319,-4.45546562115907e-05,4.45546562115907e-05,"pc = 0.5 − pc = 0.1"
"cff38044be14d54e8fbf9a0039c77f73","Gemmatimonas","clr_0.5","clr_0.1",8.40187895388726e-05,-0.00108860695032059,0.00117262573985946,0.00117262573985946,"pc = 0.5 − pc = 0.1"
"d3530350480a2196e24a004fa0027558","Comamonadaceae Family","clr_0.5","clr_0.1",9.59673663281098e-05,9.31167015297003e-05,2.85066479840941e-06,2.85066479840941e-06,"pc = 0.5 − pc = 0.1"
"3d5baff45729bf2214074c2e9f77ad10","Acinetobacter","clr_0.5","clr_0.1",7.59034579640671e-05,5.34263175193114e-05,2.24771404447557e-05,2.24771404447557e-05,"pc = 0.5 − pc = 0.1"
"b05e5fdce9d1c40bb22414c1431ea80a","Hyphomicrobium","clr_0.5","clr_0.1",3.58763001740468e-05,2.92978952099333e-05,6.57840496411349e-06,6.57840496411349e-06,"pc = 0.5 − pc = 0.1"
"5ef8ac97132e326623e1522494b53da4","Ferruginibacter","clr_0.5","clr_0.1",-2.61959376110829e-05,-2.61959376110829e-05,0,0,"pc = 0.5 − pc = 0.1"
"c100666cd6c73b060c39549a6e31b798","Sediminibacterium","clr_0.5","clr_0.1",7.10071282448078e-05,6.23393741605772e-05,8.6677540842306e-06,8.6677540842306e-06,"pc = 0.5 − pc = 0.1"
"62c61039659ab77c64267924fee58062","SM2D12 Family","clr_0.5","clr_0.1",7.05844220242803e-05,6.91159241293843e-05,1.46849789489607e-06,1.46849789489607e-06,"pc = 0.5 − pc = 0.1"
"57b92326c77017ea2f2bda05f0b71a66","Armatimonas","clr_0.5","clr_0.1",-0.000158053521007959,-0.000242385444601416,8.43319235934576e-05,8.43319235934576e-05,"pc = 0.5 − pc = 0.1"
"db28c3826c685c75e7d3d5e7de1474a5","Pedomicrobium","clr_0.5","clr_0.1",6.81006403828842e-05,7.36614755627989e-06,6.07344928266043e-05,6.07344928266043e-05,"pc = 0.5 − pc = 0.1"
"fca1ed7792b0c80cd00c60203ba400e8","Flavobacterium","clr_0.5","clr_0.1",6.59846968689777e-05,-2.71120602307496e-05,9.30967570997274e-05,9.30967570997274e-05,"pc = 0.5 − pc = 0.1"
"e8d79105228061b51c142e647eec6c36","Candidatus Captivus","clr_0.5","clr_0.1",6.5758684469953e-05,0.000146686740248017,-8.0928055778064e-05,8.0928055778064e-05,"pc = 0.5 − pc = 0.1"
"535d90a8b6d18e5de86b35a5dc0e769f","Oculatellaceae_XX","clr_0.5","clr_0.1",0.000185068007781349,0.000174296614598031,1.07713931833181e-05,1.07713931833181e-05,"pc = 0.5 − pc = 0.1"
"cc363a9ccd3549e646859ab1ffe9d460","Sandaracinus","clr_0.5","clr_0.1",6.40427813005264e-05,0.00142118677433124,-0.00135714399303071,0.00135714399303071,"pc = 0.5 − pc = 0.1"
"3f2be21b85545072b2364e4a2273814a","Phaselicystis","clr_0.5","clr_0.1",-0.000176652282681269,-0.000154522311835069,-2.21299708461999e-05,2.21299708461999e-05,"pc = 0.5 − pc = 0.1"
"c453ebf9e2a74c4319a8c4da8f15e251","Gemmata","clr_0.5","clr_0.1",6.26352459765015e-05,2.39307055510465e-05,3.8704540425455e-05,3.8704540425455e-05,"pc = 0.5 − pc = 0.1"
"7a34943a25778b88caa26212d23df1c9","Paludibaculum","clr_0.5","clr_0.1",7.53670810877628e-05,0.000376982663354302,-0.000301615582266539,0.000301615582266539,"pc = 0.5 − pc = 0.1"
"8feef3ba03b14622d6d78fa37be76f0f","LiUU-11-161 Family","clr_0.5","clr_0.1",5.98011360819624e-05,-0.000369904125306419,0.000429705261388381,0.000429705261388381,"pc = 0.5 − pc = 0.1"
"653334c36340a20181971e05d9b4e110","Rhodoferax","clr_0.5","clr_0.1",7.85120200493573e-05,-0.000217873978867304,0.000296385998916662,0.000296385998916662,"pc = 0.5 − pc = 0.1"
"55954ea021303330f19413b0882998fe","Rickettsiellaceae Family","clr_0.5","clr_0.1",0.000103014703027349,0.000403101559437755,-0.000300086856410406,0.000300086856410406,"pc = 0.5 − pc = 0.1"
"27802da899201a0ce58d65877a284e0f","Anthocerotibacter","clr_0.5","clr_0.1",0.000181088776173664,0.000380028586479949,-0.000198939810306284,0.000198939810306284,"pc = 0.5 − pc = 0.1"
"2f98cd1d4ed3112ff2bceffb6408476f","Hyphomicrobium","clr_0.5","clr_0.1",6.38861495630669e-06,9.23347804338814e-05,-8.59461654775747e-05,8.59461654775747e-05,"pc = 0.5 − pc = 0.1"
"e234c0d07b0652afe259ec8b7d551ecb","P3OB-42","clr_0.5","clr_0.1",5.39038604596108e-05,9.33516498287004e-05,-3.94477893690896e-05,3.94477893690896e-05,"pc = 0.5 − pc = 0.1"
"3fd07b98dedfbc282868e5061f99eb3e","Bryobacter","clr_0.5","clr_0.1",-1.47495623709008e-05,0.000103866921339761,-0.000118616483710662,0.000118616483710662,"pc = 0.5 − pc = 0.1"
"1d2e606796281040981e67f350b44a64","Telmatocola","clr_0.5","clr_0.1",5.01316430029243e-05,5.01316430029243e-05,0,0,"pc = 0.5 − pc = 0.1"
"3b9a640a2fb04ef04b82b218fc1fb455","Fimbriiglobus","clr_0.5","clr_0.1",-0.000190051110592247,0.000157288971238055,-0.000347340081830302,0.000347340081830302,"pc = 0.5 − pc = 0.1"
"cadab640e721ebedf3a98194c976aab3","Limnohabitans","clr_0.5","clr_0.1",-6.67716897954695e-05,-6.67716897954695e-05,0,0,"pc = 0.5 − pc = 0.1"
"e2b82a3e451a8e43e175bbeb3a56a713","Verrucomicrobiaceae Family","clr_0.5","clr_0.1",0.000143583659889199,-4.70018176756511e-05,0.00019058547756485,0.00019058547756485,"pc = 0.5 − pc = 0.1"
"6510fa10b181e1f66b763278c64bf2ed","Ferruginibacter","clr_0.5","clr_0.1",3.9189205869226e-05,-2.69462008244244e-05,6.61354066936504e-05,6.61354066936504e-05,"pc = 0.5 − pc = 0.1"
"edb114398ced5bf958f4f404493a6642","Haliscomenobacter","clr_0.5","clr_0.1",0.000119407050811352,0.000133449253318775,-1.40422025074225e-05,1.40422025074225e-05,"pc = 0.5 − pc = 0.1"
"0a773ec23d772b90f5c06258c6a4c659","Candidatus Nitrosoarchaeum","clr_0.5","clr_0.1",3.71226402589862e-05,7.09968161858875e-05,-3.38741759269013e-05,3.38741759269013e-05,"pc = 0.5 − pc = 0.1"
"7103737162d2f1b8f90c0ed9364846b6","Pirellula","clr_0.5","clr_0.1",3.28403185542885e-05,6.13315569845696e-07,3.22270029844428e-05,3.22270029844428e-05,"pc = 0.5 − pc = 0.1"
"4ece9bc18568cfaeb4b26ec23189b235","Candidatus Nomurabacteria Order","clr_0.5","clr_0.1",0.00023141328680212,0.00020695891868986,2.44543681122604e-05,2.44543681122604e-05,"pc = 0.5 − pc = 0.1"
"4112eeace57200636aefa80277a9968b","Simplicispira","clr_0.5","clr_0.1",3.0127346081676e-05,-0.000114180538365138,0.000144307884446814,0.000144307884446814,"pc = 0.5 − pc = 0.1"
"a738568b261166a672bdd2c51055fff7","Rhodoferax","clr_0.5","clr_0.1",-3.80567831202982e-05,-0.000538701089112901,0.000500644305992603,0.000500644305992603,"pc = 0.5 − pc = 0.1"
"315fae925226ac44af01d992c1732f74","Zavarzinella","clr_0.5","clr_0.1",2.32713177028338e-05,1.60078742094909e-05,7.26344349334296e-06,7.26344349334296e-06,"pc = 0.5 − pc = 0.1"
"01255b0ddc21923e6857364b7e46bf36","Candidatus-Aurora","clr_0.5","clr_0.1",2.22107238464968e-05,5.26683711286791e-06,1.69438867336289e-05,1.69438867336289e-05,"pc = 0.5 − pc = 0.1"
"949a525dcd53e0d62b3da8c15a35ac5e","Paludibacter","clr_0.5","clr_0.1",2.18414958256306e-05,9.74723270246291e-05,-7.56308311989986e-05,7.56308311989986e-05,"pc = 0.5 − pc = 0.1"
"faa16231957f87bae62c66f794a67376","Hyphomicrobium","clr_0.5","clr_0.1",7.16832611870307e-05,9.2842177589824e-05,-2.11589164027934e-05,2.11589164027934e-05,"pc = 0.5 − pc = 0.1"
"790d6e02538d0700ac71d369d24e6b1b","Aquicella","clr_0.5","clr_0.1",8.14282830747822e-05,-0.000120819643280342,0.000202247926355124,0.000202247926355124,"pc = 0.5 − pc = 0.1"
"8600eaace3fdec4f4d5c4669474c7b19","Pegethrix","clr_0.5","clr_0.1",4.60474915442356e-05,0.000385621779035033,-0.000339574287490797,0.000339574287490797,"pc = 0.5 − pc = 0.1"
"23e57d22717a53eea9963f3b2112655f","Acetobacteraceae Family","clr_0.5","clr_0.1",4.12634504493099e-05,4.15004469560026e-05,-2.36996506692711e-07,2.36996506692711e-07,"pc = 0.5 − pc = 0.1"
"32982af14a72d3056a596a476694b112","Armatimonadaceae Family","clr_0.5","clr_0.1",1.39884892753913e-05,0.000121770769219992,-0.0001077822799446,0.0001077822799446,"pc = 0.5 − pc = 0.1"
"1218881a7c5a7c49ba20eec9fd2c8822","Anthocerotibacter","clr_0.5","clr_0.1",-2.23716102432086e-05,-5.9257724725837e-05,3.68861144826284e-05,3.68861144826284e-05,"pc = 0.5 − pc = 0.1"
"358570aef8edf93b0cdb2d12d1dcc03a","Gemmataceae Family","clr_0.5","clr_0.1",8.17496015262979e-06,-3.66218964961739e-06,1.18371498022472e-05,1.18371498022472e-05,"pc = 0.5 − pc = 0.1"
"e193fca37f6107aebe91cc968fdcec83","Legionella","clr_0.5","clr_0.1",8.17253062361445e-06,8.17253062361445e-06,0,0,"pc = 0.5 − pc = 0.1"
"3bd636495ea065c51147a06fef77565b","Paracaedibacteraceae Family","clr_0.5","clr_0.1",5.05945600649647e-06,2.07859814379931e-06,2.98085786269715e-06,2.98085786269715e-06,"pc = 0.5 − pc = 0.1"
"573091d7ddd85f9c5f14a7e53d2ba0bf","Caulobacter","clr_0.5","clr_0.1",1.48354958899439e-06,-1.82387661017083e-05,1.97223156907027e-05,1.97223156907027e-05,"pc = 0.5 − pc = 0.1"
"8d32cb7d685931e9669b78d2cde217c5","Polymorphobacter","clr_0.5","clr_0.1",-4.18812876877769e-05,-4.40197375506322e-05,2.13844986285534e-06,2.13844986285534e-06,"pc = 0.5 − pc = 0.1"
"38443fb07dc38d25b81f1dbaf045de0b","Fimbriiglobus","clr_0.5","clr_0.1",-0.000123216544597996,-3.2996447425697e-05,-9.02200971722992e-05,9.02200971722992e-05,"pc = 0.5 − pc = 0.1"
"72ba808c71de462f4969aac003b05d84","Hyphomicrobium","clr_0.5","clr_0.1",0,6.49451576179028e-05,-6.49451576179028e-05,6.49451576179028e-05,"pc = 0.5 − pc = 0.1"
"1713ee6e69b4be9b82bb77cdbbae12b8","Chitinophagaceae Family","clr_0.5","clr_0.1",-1.33674469184292e-06,8.26123807692336e-07,-2.16286849953525e-06,2.16286849953525e-06,"pc = 0.5 − pc = 0.1"
"1a131635c7cef07af21b4ec48465d88d","Parablastomonas","clr_0.5","clr_0.1",0.000116303851622317,8.414374765215e-06,0.000107889476857102,0.000107889476857102,"pc = 0.5 − pc = 0.1"
"1e8f19b66fc4e38497f12df420b9b9c2","Armatimonadaceae Family","clr_0.5","clr_0.1",-1.80140036639398e-05,6.96905911917507e-06,-2.49830627831149e-05,2.49830627831149e-05,"pc = 0.5 − pc = 0.1"
"b38fe94b163483eae343872c3e9860f0","Cylindrospermum","clr_0.5","clr_0.1",1.76457832238435e-05,1.76457832238435e-05,0,0,"pc = 0.5 − pc = 0.1"
"5db99293e9b1fc0a4ffea5bfc8dad05a","Anthocerotibacter","clr_0.5","clr_0.1",3.50034905983187e-05,0.000548630395401991,-0.000513626904803672,0.000513626904803672,"pc = 0.5 − pc = 0.1"
"1e31234f3abac84a6cee692d11823046","AKYH767 Family","clr_0.5","clr_0.1",-0.000173954977930386,0.000161491540836733,-0.000335446518767119,0.000335446518767119,"pc = 0.5 − pc = 0.1"
"7069712c1deee58d640df6a9cbe743dd","Polaromonas","clr_0.5","clr_0.1",2.94334460503695e-05,0.000564203375259656,-0.000534769929209286,0.000534769929209286,"pc = 0.5 − pc = 0.1"
"91b6ecde35c8798c2d40e3bb81c49994","SWB02","clr_0.5","clr_0.1",-1.84040334282384e-05,0.0003774552757257,-0.000395859309153939,0.000395859309153939,"pc = 0.5 − pc = 0.1"
"7fa5b852c14ad396b7c33bcc884f41dd","Armatimonadaceae Family","clr_0.5","clr_0.1",-3.45520842209551e-05,5.07470385064096e-05,-8.52991227273647e-05,8.52991227273647e-05,"pc = 0.5 − pc = 0.1"
"dda465c26be95ed7df6bf5e5b57d734f","Oculatellaceae Family","clr_0.5","clr_0.1",1.17708239912038e-05,-2.81943640339998e-05,3.99651880252036e-05,3.99651880252036e-05,"pc = 0.5 − pc = 0.1"
"68bc1a630da2bea58a29c24bcacffe3d","Pirellula","clr_0.5","clr_0.1",9.9151260363435e-05,9.9151260363435e-05,0,0,"pc = 0.5 − pc = 0.1"
"32181b006051d0c53a829c211710b508","AAP99","clr_0.5","clr_0.1",-0.000329927313671701,0.000365352151885888,-0.000695279465557589,0.000695279465557589,"pc = 0.5 − pc = 0.1"
"ae9ca4f1c89de2162ba1c4051d205315","Comamonadaceae Family","clr_0.5","clr_0.1",-3.77514244338066e-05,9.8099180346748e-05,-0.000135850604780555,0.000135850604780555,"pc = 0.5 − pc = 0.1"
"891965af23715f131ba4c6fe0beae228","Candidatus Nitrosoarchaeum","clr_0.5","clr_0.1",-4.08934936641913e-05,1.61052946941387e-06,-4.25040231336051e-05,4.25040231336051e-05,"pc = 0.5 − pc = 0.1"
"5750c52ff8a6d630568878d3c75f5719","Rhodovastum","clr_0.5","clr_0.1",-4.47830878958293e-05,0.000260604347395511,-0.00030538743529134,0.00030538743529134,"pc = 0.5 − pc = 0.1"
"a4d78f7aef21dccbf726791e103fc440","Comamonadaceae Family","clr_0.5","clr_0.1",1.71107355593184e-05,-5.85783417187196e-06,2.29685697311904e-05,2.29685697311904e-05,"pc = 0.5 − pc = 0.1"
"5aebf7678cfde20d9596757b464f477e","Pedosphaeraceae Family","clr_0.5","clr_0.1",4.35570355189201e-05,-2.28234325235663e-05,6.63804680424864e-05,6.63804680424864e-05,"pc = 0.5 − pc = 0.1"
"c04c3567bb5be7ae906a80865e5932f1","Pedomicrobium","clr_0.5","clr_0.1",-5.78870707697374e-05,4.90652455876583e-07,-5.8377723225614e-05,5.8377723225614e-05,"pc = 0.5 − pc = 0.1"
"726adcf2c36b8506b1618c939afc6308","Fimbriiglobus","clr_0.5","clr_0.1",0.000195135388393247,0.000195360209718372,-2.24821325124614e-07,2.24821325124614e-07,"pc = 0.5 − pc = 0.1"
"981316dd1f4cd311c729bcbf54ab7a18","Spirosoma","clr_0.5","clr_0.1",0,7.02684051432859e-05,-7.02684051432859e-05,7.02684051432859e-05,"pc = 0.5 − pc = 0.1"
"6585f3f67b2080b20dd9d970bfd76132","env.OPS 17 Family","clr_0.5","clr_0.1",-6.74670398444688e-05,6.17707689494604e-05,-0.000129237808793929,0.000129237808793929,"pc = 0.5 − pc = 0.1"
"5a437028af9e0a2acd9a42474b7c6310","Acetobacteraceae Family","clr_0.5","clr_0.1",-6.96745615006294e-05,4.05957808908236e-05,-0.000110270342391453,0.000110270342391453,"pc = 0.5 − pc = 0.1"
"3b50e9874fa67e04b49f5a59ecf0059a","Erythrobacter","clr_0.5","clr_0.1",-1.60945162992294e-05,6.50025708953042e-05,-8.10970871945337e-05,8.10970871945337e-05,"pc = 0.5 − pc = 0.1"
"bf9a8801c54bb6e455943138aaac2268","SH3-11","clr_0.5","clr_0.1",-9.02877137259364e-06,3.69499382792391e-05,-4.59787096518327e-05,4.59787096518327e-05,"pc = 0.5 − pc = 0.1"
"0a165844daf38d8ce2008c94a5b4565e","Sphingomonas","clr_0.5","clr_0.1",-6.00102310299154e-05,3.59108377757614e-05,-9.59210688056768e-05,9.59210688056768e-05,"pc = 0.5 − pc = 0.1"
"72d690501e343840c31a1f7abf932868","LiUU-11-161 Family","clr_0.5","clr_0.1",-0.000136778877769822,2.44807596299744e-05,-0.000161259637399796,0.000161259637399796,"pc = 0.5 − pc = 0.1"
"5a21435514338a7ba55a469f6e66171d","Rhodocyclaceae Family","clr_0.5","clr_0.1",-0.000101634546295146,0.000198895809067776,-0.000300530355362922,0.000300530355362922,"pc = 0.5 − pc = 0.1"
"6945d94103ada823c2811f2b81c56ba0","Fuscovulum","clr_0.5","clr_0.1",6.15353555066848e-05,-0.000119540530706532,0.000181075886213217,0.000181075886213217,"pc = 0.5 − pc = 0.1"
"7d74b9425e04821baca8cb198ac1c948","Fimbriimonadaceae Family","clr_0.5","clr_0.1",-9.30109015460243e-05,9.34249140539084e-05,-0.000186435815599933,0.000186435815599933,"pc = 0.5 − pc = 0.1"
"c93010ec80b60963dcf9274e964ada4b","Luteolibacter","clr_0.5","clr_0.1",8.11750535936933e-06,-8.06777635601788e-05,8.87952689195481e-05,8.87952689195481e-05,"pc = 0.5 − pc = 0.1"
"c7acee529d50ca5e19f817efbff81af9","Aphanothece","clr_0.5","clr_0.1",-0.000155532305551136,2.22069956740274e-05,-0.000177739301225163,0.000177739301225163,"pc = 0.5 − pc = 0.1"
"881c2e31de3f5d2593495ac37a1590c1","Fimbriiglobus","clr_0.5","clr_0.1",-7.30164238783333e-05,0.000133037197336635,-0.000206053621214968,0.000206053621214968,"pc = 0.5 − pc = 0.1"
"8df5a5aaa4151285e928fba5be95a4d3","Rubrivivax","clr_0.5","clr_0.1",-0.00016277911886838,0.000322060857730845,-0.000484839976599225,0.000484839976599225,"pc = 0.5 − pc = 0.1"
"f447af7c4b569979c11916fbb182be2a","Silvanigrellaceae Family","clr_0.5","clr_0.1",-0.000210157602170604,0.000268392126411275,-0.000478549728581879,0.000478549728581879,"pc = 0.5 − pc = 0.1"
"0742fb23302cfa34adb51a2634fe7219","Elsteraceae Family","clr_0.5","clr_0.1",-0.000174309753293011,1.13430547488892e-05,-0.0001856528080419,0.0001856528080419,"pc = 0.5 − pc = 0.1"
"103ad5940ac3b635fa0afe4680cbc582","Leptothrix","clr_0.5","clr_0.1",-0.000178182428590948,0.000188730497654455,-0.000366912926245402,0.000366912926245402,"pc = 0.5 − pc = 0.1"
"7e86ceaf56a9da491e637ed4c6aebdbb","Pseudobdellovibrionaceae Family","clr_0.5","clr_0.1",-9.50872392206225e-05,2.07873465512016e-05,-0.000115874585771824,0.000115874585771824,"pc = 0.5 − pc = 0.1"
"919f52074a986016c7e460883cbe1484","Rhodoferax","clr_0.5","clr_0.1",0.000842342309920907,0.000905375640080149,-6.30333301592414e-05,6.30333301592414e-05,"pc = 0.5 − pc = 0.1"
"6764f73585d62530651ccbf6cf8c3fe5","Sphaerotilus","clr_0.5","clr_0.1",-0.000318829346192773,2.47699098954077e-05,-0.000343599256088181,0.000343599256088181,"pc = 0.5 − pc = 0.1"
"35f34c808b950913c07c2c2aabb660b4","Elsteraceae Family","clr_0.5","clr_0.1",-0.000213364486233511,0.000170552443379485,-0.000383916929612996,0.000383916929612996,"pc = 0.5 − pc = 0.1"
"79d376976c3bfb5e0a49c1f581b289c6","Sandaracinobacter","clr_0.5","clr_0.1",-0.000357564564001597,0.000128692272262738,-0.000486256836264335,0.000486256836264335,"pc = 0.5 − pc = 0.1"
"0f4d251ebd2112cffb56099bc4772b0a","Burkholderiaceae Family","clr_0.5","clr_0.1",-0.000440555117960611,0.000133255138782429,-0.00057381025674304,0.00057381025674304,"pc = 0.5 − pc = 0.1"
"92886da043b3cfb88c385fc9b72752d5","Panacibacter","clr_0.5","clr_0.1",-0.000208002469831258,0.000402998062691272,-0.00061100053252253,0.00061100053252253,"pc = 0.5 − pc = 0.1"
"7f60fc3cb896896f7bdb1eca264a3682","CL500-3","clr_0.5","clr_0.1",-0.000240268711150637,0.000185425089335645,-0.000425693800486283,0.000425693800486283,"pc = 0.5 − pc = 0.1"
"16acf0742b9bf7ac516eb47de2aa1f8c","Hyphomonadaceae Family","clr_0.5","clr_0.1",-0.000517594623293123,7.26966428413942e-05,-0.000590291266134517,0.000590291266134517,"pc = 0.5 − pc = 0.1"
"37bdabb058fbb4b5d00262bdfa49bff6","Phenylobacterium","clr_0.5","clr_0.1",-0.000554709449388533,0.000479846265098483,-0.00103455571448702,0.00103455571448702,"pc = 0.5 − pc = 0.1"
"6c9f91b861ced47f136e2bf9b8b7a152","Leptolyngbyaceae Family","clr_0.5","clr_0.1",-0.000590577293286914,3.60975732660477e-05,-0.000626674866552962,0.000626674866552962,"pc = 0.5 − pc = 0.1"
"772ad1eb60ac8444ec6adcaf9e9777c7","Spirochaeta 2","clr_0.5","clr_0.1",-0.000912846579116681,0.000472889749559173,-0.00138573632867585,0.00138573632867585,"pc = 0.5 − pc = 0.1"
"2e9efbeecb4de61ecc8d6522aa8d3410","Ferruginibacter","clr_0.5","clr_0.1",-0.000930331403479738,0.000219570787145249,-0.00114990219062499,0.00114990219062499,"pc = 0.5 − pc = 0.1"
