"marker","outcome","arm_type","panel","asv","taxon","rho","p","eBH","neglog10p","direction"
"16S","MP retention","corr","16S | MP retention","76a12bde0263c31c5275292cb5b1d6f2","Roseococcus",-0.724866666666667,0.0396341490299824,0.881449046112932,1.40193046194517,"Negative"
"16S","MP retention","corr","16S | MP retention","6815f1f2c2d38299f363940f8e312c3c","Deinococcaceae Family",0.7259,0.0509990740740741,0.814165551865795,1.29243770876816,"Positive"
"16S","MP retention","corr","16S | MP retention","56483f8000e7a15a0ef8932e02cff7c4","Micavibrionales Order",0.684666666666667,0.0520429067460318,0.908778400028477,1.28363845483706,"Positive"
"16S","MP retention","corr","16S | MP retention","b701af8d98ca714dab16ab6724bb631a","Galbitalea",0.710416666666667,0.0569638117283951,0.83857317033287,1.24440095762223,"Positive"
"16S","MP retention","corr","16S | MP retention","9a7f96749fc3614a624e31996bd7b4d4","Vermiphilaceae Family",-0.659533333333333,0.0650545138888889,0.910137888290184,1.18672256399058,"Negative"
"16S","MP retention","corr","16S | MP retention","1e046bb4b737284bdbae0d7b21a6ddbe","Fibrisoma",0.68125,0.0661637455908289,0.888161598286406,1.1793799169473,"Positive"
"16S","MP retention","corr","16S | MP retention","b2e60e821619cb52dbe5cacdd38b9822","Pseudobdellovibrionaceae Family",0.669266666666667,0.0779654376102293,0.875532190980152,1.10809787912645,"Positive"
"16S","MP retention","corr","16S | MP retention","01e7f9814849bf1e4a5ce63fb0d4b61a","Shackletoniella",-0.666516666666667,0.0783521604938272,0.885174874018972,1.10594902373131,"Negative"
"16S","MP retention","corr","16S | MP retention","5da845af2892f5c8fd8161364c7b4997","Sandarakinorhabdus",-0.631083333333333,0.0815678461199295,0.910809363330501,1.08848100551899,"Negative"
"16S","MP retention","corr","16S | MP retention","89c76625e45ab0499f29cc2dc2beb69c","SL56 marine group Class",0.6295,0.0861133377425044,0.910358906037937,1.06492957724137,"Positive"
"16S","MP retention","corr","16S | MP retention","241dabd4901db50f657e8e9e90977528","Oligoflexaceae Family",0.6178,0.0954326113315697,0.913562921201992,1.0203031923694,"Positive"
"16S","MP retention","corr","16S | MP retention","73ab6d6608a93a7bc935f8048997c6fc","Rhodospirillales Order",0.605483333333333,0.099551598324515,0.915136766769081,1.00195176287972,"Positive"
"16S","MP retention","corr","16S | MP retention","556c3d1034e2eec13db898aa075da658","Candidatus Jidaibacter",-0.60005,0.116159793871252,0.911682937564459,0.934944167310796,"Negative"
"16S","MP retention","corr","16S | MP retention","1e8f19b66fc4e38497f12df420b9b9c2","Armatimonadaceae Family",0.582,0.118178328924162,0.917670365095114,0.927462155362836,"Positive"
"16S","MP retention","corr","16S | MP retention","ee2d56600bef5d134884d0354366d6e8","Paracaedibacteraceae Family",-0.5736,0.119767151675485,0.918036428067826,0.921662278793385,"Negative"
"16S","MP retention","corr","16S | MP retention","23a4b6bc2c58466eb2b87814a8ebbbf7","Comamonadaceae Family",0.562716666666667,0.124395849867725,0.91833221136839,0.905194108468445,"Positive"
"16S","MP retention","corr","16S | MP retention","396bbebd81d93d6c824d49cc652eb76a","Flavipsychrobacter",-0.572833333333333,0.126483724647266,0.916134708681064,0.89796535393972,"Negative"
"16S","MP retention","corr","16S | MP retention","7a2f122fddae43a0010e633c008bc09b","Blfdi19 Order",-0.588016666666667,0.129551680996473,0.915054538095173,0.887556947458119,"Negative"
"16S","MP retention","corr","16S | MP retention","328990122454db415c3696781e42778f","Phormidesmis",0.595383333333333,0.132255594135802,0.895728105831835,0.878585949153436,"Positive"
"16S","MP retention","corr","16S | MP retention","15186d19694f00776956343942b4f186","Gloeobacter",0.560933333333333,0.132422371031746,0.919131085617662,0.878038640312238,"Positive"
"16S","MP retention","corr","16S | MP retention","649f026cd615015b1c0f8e760d309122","Luteimonas",-0.577666666666667,0.133016666666667,0.916384456636135,0.876093939575177,"Negative"
"16S","MP retention","corr","16S | MP retention","c4e72b68a0138eb7ed4ec9390f496838","Luteolibacter",-0.559633333333333,0.137229899691358,0.919789660261424,0.862551254108514,"Negative"
"16S","MP retention","corr","16S | MP retention","92886da043b3cfb88c385fc9b72752d5","Panacibacter",-0.56685,0.14046440696649,0.918265967420522,0.852433710039023,"Negative"
"16S","MP retention","corr","16S | MP retention","3505278bbef674c198e14875912fa8e5","Nocardioides",-0.592966666666667,0.143286441798942,0.893798768331491,0.843794901929784,"Negative"
"16S","MP retention","corr","16S | MP retention","254cd54eaf0e7301dc9d0c9e2dc53710","Nodosilineaceae Family",-0.601816666666667,0.145454668209877,0.874157941404664,0.83727233598271,"Negative"
"16S","MP retention","corr","16S | MP retention","794fea1efb1825bf0a088dd1c923bca0","Candidatus Amoebophilus",0.532416666666667,0.153522354497354,0.922621676245694,0.813828377659195,"Positive"
"16S","MP retention","corr","16S | MP retention","61c901297973162caaee28a638a3d9d9","Solirubrobacteraceae Family",0.563766666666667,0.156165773809524,0.909220419610485,0.806414142509988,"Positive"
"16S","MP retention","corr","16S | MP retention","9cdde29fca3a13e2e0f5d96088860c87","Nostoc",-0.531216666666667,0.156262301587302,0.922380949274456,0.806145783256294,"Negative"
"16S","MP retention","corr","16S | MP retention","2f2696ee8f1d2b831bfcafa8249d359d","Leptodesmis",-0.555,0.169150876322751,0.91742280822073,0.771725747913545,"Negative"
"16S","MP retention","corr","16S | MP retention","1ba1c6fba5cf7d1a4c6e3caef9e4c813","TRA3-20 Family",-0.516216666666667,0.171751515652557,0.92518289930009,0.765099421740681,"Negative"
"16S","MP retention","corr","16S | MP retention","26915c3209ae35ef27dd02617e8d7d91","Sphingorhabdus",-0.515966666666667,0.176652149470899,0.924419655969331,0.75288107378152,"Negative"
"16S","MP retention","corr","16S | MP retention","de12a9a4b8be3995816194f3492ff412","Singulisphaera",-0.518433333333333,0.181028163580247,0.924146067696527,0.742253854213704,"Negative"
"16S","MP retention","corr","16S | MP retention","edb114398ced5bf958f4f404493a6642","Haliscomenobacter",-0.507833333333333,0.183810251322751,0.927846072206764,0.735630271139508,"Negative"
"16S","MP retention","corr","16S | MP retention","571bd9d7ac39f0ce24aeda9319d55cb5","Tumidithrix",0.5156,0.183919268077601,0.925598786054091,0.735372770047234,"Positive"
"16S","MP retention","corr","16S | MP retention","103ad5940ac3b635fa0afe4680cbc582","Leptothrix",0.494816666666667,0.188964081790123,0.927328451769218,0.723620738487012,"Positive"
"16S","MP retention","corr","16S | MP retention","6945d94103ada823c2811f2b81c56ba0","Fuscovulum",-0.497566666666667,0.190463007054674,0.927466550334207,0.720189363254125,"Negative"
"16S","MP retention","corr","16S | MP retention","c1cc6b184d817c58b7c081b5665904cb","Regnicoccus",-0.5276,0.191636904761905,0.921690559439865,0.71752085229772,"Negative"
"16S","MP retention","corr","16S | MP retention","790d6e02538d0700ac71d369d24e6b1b","Aquicella",-0.49255,0.197496555335097,0.928816836678461,0.704440474781853,"Negative"
"16S","MP retention","corr","16S | MP retention","5fb691caf53996697fc5745ffa6620ae","Lacibacter",0.5272,0.199349559082892,0.911375435921109,0.700384720563807,"Positive"
"16S","MP retention","corr","16S | MP retention","cec149633e0b0da85f255e25176e291b","BD1-7 clade",0.4845,0.204113238536155,0.930003994903203,0.690128826559058,"Positive"
"16S","MP retention","corr","16S | MP retention","7303c7950d30d98f6084c7e1e4c54ea1","Nodosilinea",0.50485,0.205575259038801,0.925004056052904,0.687029153827888,"Positive"
"16S","MP retention","corr","16S | MP retention","eddfa9460b8fe2df12344f6da501b116","Rhizobacter",0.486083333333333,0.20693010361552,0.930294645857565,0.684176324785753,"Positive"
"16S","MP retention","corr","16S | MP retention","fd230d8df249293cce9223b0e5bf91aa","Legionella",-0.479333333333333,0.210020232583774,0.929345225570306,0.677738864903103,"Negative"
"16S","MP retention","corr","16S | MP retention","bb286c96101b73e1bb46d5ff9b9da229","Polyangium",-0.479283333333333,0.213907434964727,0.92879923058739,0.669774120019228,"Negative"
"16S","MP retention","corr","16S | MP retention","65d43491988bfe557da4d86a5ba25dae","Staphylococcus",0.512116666666667,0.214370188492063,0.913512595594866,0.66883561018072,"Positive"
"16S","MP retention","corr","16S | MP retention","92d53dbcf18e8b0d7ac36b3a48166638","Caulobacteraceae Family",0.474933333333333,0.221634071869489,0.929132021702369,0.654363474595874,"Positive"
"16S","MP retention","corr","16S | MP retention","7017030b94462f54ca0141f11f705833","Dankookia",-0.457833333333333,0.22511412037037,0.933713572336962,0.647597262855536,"Negative"
"16S","MP retention","corr","16S | MP retention","3b9a640a2fb04ef04b82b218fc1fb455","Fimbriiglobus",0.465266666666667,0.229914158950617,0.933582940368199,0.638434282472456,"Positive"
"16S","MP retention","corr","16S | MP retention","5904ccb9b6ba59aaefedb22379ee4f15","Tundrisphaera",-0.45935,0.231091236772487,0.931860514119806,0.636216523121116,"Negative"
"16S","MP retention","corr","16S | MP retention","e54514f112c0d2e2cf9be32de76bd74d","Isosphaeraceae Family",-0.484983333333333,0.233894720017637,0.926515431766353,0.630979581923582,"Negative"
"16S","MP retention","corr","16S | MP retention","68cc1c14334c3d28d71d66a14031bf33","SWB02",0.459016666666667,0.234516876102293,0.933293474833759,0.629825899497355,"Positive"
"16S","MP retention","corr","16S | MP retention","33e5681d81c11baedc5f46c7b394484c","Midichloriaceae Family",-0.46185,0.238126151895944,0.932063928541547,0.623192906147373,"Negative"
"16S","MP retention","corr","16S | MP retention","2b3241e445043d858344b89771fad5ae","Steroidobacteraceae Family",0.472416666666667,0.240238425925926,0.930027086022213,0.61935752635488,"Positive"
"16S","MP retention","corr","16S | MP retention","ec1d103f66d06bf61cf3cf6d9bcf8e52","OM190 Class",-0.455233333333333,0.242561656746032,0.932649777168044,0.615177849717226,"Negative"
"16S","MP retention","corr","16S | MP retention","7402c6fd98e177d4694261a9dd23eac6","Candidatus Berkiella",-0.459516666666667,0.250232930996473,0.933015606651489,0.601655537132825,"Negative"
"16S","MP retention","corr","16S | MP retention","7148f89a064752c2b79f8b43fcfdf028","Rickettsiellaceae Family",-0.441433333333333,0.250333393959436,0.935171204785463,0.601481212537417,"Negative"
"16S","MP retention","corr","16S | MP retention","2e193e82e7000acd47ce00bdd77ed4e0","Aurantimicrobium",0.491766666666667,0.250906448412698,0.912548810342821,0.600488176971302,"Positive"
"16S","MP retention","corr","16S | MP retention","482f65b152c5702150de2b27ea2c9521","Endobacter",-0.431566666666667,0.258046902557319,0.936618922322565,0.588301349577318,"Negative"
"16S","MP retention","corr","16S | MP retention","2d2cfe3970153f65df6fb6d1a6da95cf","Chitinophagaceae Family",0.422166666666667,0.269294835758377,0.938724338352265,0.569771974932882,"Positive"
"16S","MP retention","corr","16S | MP retention","b614aa73dcac429073adbec49672ac44","Leptolyngbyaceae_XXXX",0.472583333333333,0.270571345899471,0.923883879180301,0.567718198043868,"Positive"
"16S","MP retention","corr","16S | MP retention","31069a9174f49c8c680550635d1fc019","Schlesneria",-0.467166666666667,0.271302711640212,0.926271069030299,0.566545865492014,"Negative"
"16S","MP retention","corr","16S | MP retention","5d5436b14b5044bb09cdb96aa65fe217","Gammaproteobacteria Class",-0.427266666666667,0.278014357363316,0.937491109395374,0.555932775439276,"Negative"
"16S","MP retention","corr","16S | MP retention","9e36c8c025b5170a2b5af14dc13bf3bf","Eremiobacteria Class",0.4255,0.280470210537919,0.938827433255829,0.552113259491718,"Positive"
"16S","MP retention","corr","16S | MP retention","d68f525366c1dfdc0984a90b89867e95","Longivirga",-0.43605,0.281228312389771,0.936968399010266,0.550940959272105,"Negative"
"16S","MP retention","corr","16S | MP retention","9b3becce3e5841cf9cd818eda34e6f49","NS9 marine group Family",0.437833333333333,0.282903356481481,0.935038784396289,0.548361899864541,"Positive"
"16S","MP retention","corr","16S | MP retention","ecc089e109208b57062e5f8b85c312dc","Arcicella",0.429,0.292046693121693,0.938164761149536,0.534547706962831,"Positive"
"16S","MP retention","corr","16S | MP retention","fc24096138e3cf0b2775bd2b8e01b5b2","Deinococcus",-0.425616666666667,0.292208482142857,0.937545889959113,0.534307181644803,"Negative"
"16S","MP retention","corr","16S | MP retention","47c12b61c90c5033a1bb474f6c7ae154","LD29",-0.435716666666667,0.292602028218695,0.935849687394149,0.533722667817221,"Negative"
"16S","MP retention","corr","16S | MP retention","19fd57239a50298fdf2a997540c14922","Parvibium",0.3993,0.301144868827161,0.942702582060857,0.521224532324166,"Positive"
"16S","MP retention","corr","16S | MP retention","0cb099504ddb3eb59ceeb71e37b6ff2f","Cytophaga",0.437933333333333,0.302783603395062,0.934495326742886,0.518867646833303,"Positive"
"16S","MP retention","corr","16S | MP retention","2563ceb7d15a84f5d59f225adc9b06a5","Rickettsiales Order",0.39895,0.307619984567901,0.941914286126357,0.511985453962822,"Positive"
"16S","MP retention","corr","16S | MP retention","8bb2644d07ddab844c3ce80e74d8bba2","Pedosphaeraceae Family",-0.385716666666667,0.314852380952381,0.94429836795868,0.50189301816128,"Negative"
"16S","MP retention","corr","16S | MP retention","ebb58c2ffbbb54748fa6385f9d3224df","Sphingomonadaceae Family",0.384366666666667,0.316247271825397,0.944460622397794,0.499973212334027,"Positive"
"16S","MP retention","corr","16S | MP retention","bcba47620c299fd34809f143e3d26dff","Sphingomonas",0.38725,0.317172563932981,0.944513731674464,0.498704387079046,"Positive"
"16S","MP retention","corr","16S | MP retention","2e63a346769e0a62350ceaec77aece4d","RS25G",-0.385516666666667,0.32210405643739,0.94365937586274,0.492003805831406,"Negative"
"16S","MP retention","corr","16S | MP retention","a88f20e5316581a013745e290c1b0fe3","Terrimicrobium",0.387116666666667,0.322723219797178,0.94363443063701,0.491169786170317,"Positive"
"16S","MP retention","corr","16S | MP retention","7876a5906e5be58d068237cd0b6ebb3c","Acidibacter",0.4101,0.324760295414462,0.939323585105503,0.488437072215469,"Positive"
"16S","MP retention","corr","16S | MP retention","62b0bf21cce919c492e653ba630b9ea5","Undibacterium",-0.3868,0.325881834215168,0.943169944184606,0.486939847942332,"Negative"
"16S","MP retention","corr","16S | MP retention","ea4317d7222c2b5526d500d503663459","Aphanizomenonaceae Family",-0.392516666666667,0.328556338183422,0.942212783521758,0.483390150413705,"Negative"
"16S","MP retention","corr","16S | MP retention","dd3a124e0f04306cf546df311a52b727","Cupriavidus",0.418833333333333,0.329547062389771,0.935777416246964,0.48208255534409,"Positive"
"16S","MP retention","corr","16S | MP retention","113ea0d9a4d6d3e459760656562b5ddd","Dolichospermum",-0.379066666666667,0.330862114197531,0.944423590527571,0.480352959455255,"Negative"
"16S","MP retention","corr","16S | MP retention","36097ef26957ce4fdd7a71fe7f7cb7af","Candidatus-Obscuribacter",0.404533333333333,0.331189561287478,0.942076762468116,0.479923360131997,"Positive"
"16S","MP retention","corr","16S | MP retention","3d5baff45729bf2214074c2e9f77ad10","Acinetobacter",0.36965,0.336063872354497,0.946421213600931,0.473578172684981,"Positive"
"16S","MP retention","corr","16S | MP retention","34ec42044c0d886b375a356f164f6bd3","Methylorosula",-0.387,0.337387048059965,0.943667270449887,0.471871593543141,"Negative"
"16S","MP retention","corr","16S | MP retention","c50bb8c04b551636fe52a1b7031a0539","Candidatus Hepatincola",-0.41675,0.341696152998236,0.933675840844229,0.466359910697997,"Negative"
"16S","MP retention","corr","16S | MP retention","35e1bbfd3ea58cec02a0fedead1ce5ce","Stenomitos",0.35975,0.352284523809524,0.947591525939689,0.453106435364762,"Positive"
"16S","MP retention","corr","16S | MP retention","209d2a7b32e4fd9500896c1910760c01","Paludibaculum",0.359383333333333,0.355126438492063,0.948124839925613,0.449616994091535,"Positive"
"16S","MP retention","corr","16S | MP retention","7bd2131216dd6bd467970699d35a617b","Roseicella",0.36275,0.355284650573192,0.947563770998355,0.449423555008169,"Positive"
"16S","MP retention","corr","16S | MP retention","8d32cb7d685931e9669b78d2cde217c5","Polymorphobacter",-0.360966666666667,0.355375413359788,0.947841455844486,0.449312622145622,"Negative"
"16S","MP retention","corr","16S | MP retention","dc9aa892ff2214c4219de36f009f5192","Candidatus Nitrosoarchaeum",0.351033333333333,0.358652584876543,0.949055957860768,0.445326034775362,"Positive"
"16S","MP retention","corr","16S | MP retention","3fd07b98dedfbc282868e5061f99eb3e","Bryobacter",0.356266666666667,0.360550336199295,0.950169264180779,0.44303409514,"Positive"
"16S","MP retention","corr","16S | MP retention","3067f2c7606dcdd91e7f2803033e82b7","Silvanigrellaceae Family",-0.369816666666667,0.364069769620811,0.945476129057363,0.438815381027408,"Negative"
"16S","MP retention","corr","16S | MP retention","a80616dba1a6d362b957660c08aa3517","Coxiella",-0.364333333333333,0.367910030864198,0.946478265510252,0.43425837120779,"Negative"
"16S","MP retention","corr","16S | MP retention","074cebd7774d219a616031e1de838a2c","Opitutaceae Family",0.350483333333333,0.369125027557319,0.950125330944755,0.432826507604268,"Positive"
"16S","MP retention","corr","16S | MP retention","508e4d4db7e2c0220a19fafa294e0670","Methylotenera",-0.350983333333333,0.376446715167549,0.949154958225427,0.424296488112457,"Negative"
"16S","MP retention","corr","16S | MP retention","5a0ae6a10829f1b6d01debcce81fa0c6","Bosea",0.3469,0.379271671075838,0.952300718915848,0.421049594826626,"Positive"
"16S","MP retention","corr","16S | MP retention","0b36c352632cb1346cdc7d73f9fb376c","Pseudomonas",-0.339533333333333,0.381842052469136,0.951188061664098,0.418116244225239,"Negative"
"16S","MP retention","corr","16S | MP retention","e8d79105228061b51c142e647eec6c36","Candidatus Captivus",-0.363083333333333,0.386072134038801,0.946988967473664,0.413331543804395,"Negative"
"16S","MP retention","corr","16S | MP retention","7069712c1deee58d640df6a9cbe743dd","Polaromonas",-0.341433333333333,0.389114010141093,0.951757050563228,0.409923132040182,"Negative"
"16S","MP retention","corr","16S | MP retention","535d90a8b6d18e5de86b35a5dc0e769f","Oculatellaceae_XX",-0.340783333333333,0.391802915564374,0.951310136229856,0.406932336567908,"Negative"
"16S","MP retention","corr","16S | MP retention","14716609a6cdc788d854c017e33c8de5","FukuN18 freshwater group",-0.331866666666667,0.397484336419753,0.952582031594719,0.400679980820091,"Negative"
"16S","MP retention","corr","16S | MP retention","9e894a389bedef48600cba1f91ae7d04","Roseomonas",-0.32965,0.403406376763668,0.953258955116074,0.394257241047931,"Negative"
"16S","MP retention","corr","16S | MP retention","f88e53f96b3a55d335863da8e5aca730","Amoebophilaceae Family",0.351866666666667,0.404771494708995,0.946949742860084,0.392790079484678,"Positive"
"16S","MP retention","corr","16S | MP retention","d9185cd2c4662f23beec3a45566ac011","Vampirovibrio",0.357683333333333,0.404900137786596,0.943146815824743,0.392652075442137,"Positive"
"16S","MP retention","corr","16S | MP retention","9154b69a1b3c25aac8b21303f49e3458","Gaiellales Order",0.349666666666667,0.40546164021164,0.949343129257032,0.392050227106198,"Positive"
"16S","MP retention","corr","16S | MP retention","32181b006051d0c53a829c211710b508","AAP99",0.33705,0.407987996031746,0.950614795946072,0.389352614689204,"Positive"
"16S","MP retention","corr","16S | MP retention","102fc16adc262f00c457357b35540be5","Rubinisphaeraceae Family",0.332133333333333,0.413041798941799,0.952855856112749,0.384005996452033,"Positive"
"16S","MP retention","corr","16S | MP retention","b729ad8da2a687ffd0fd5cc6f2fe3736","Drouetiella",0.317616666666667,0.416910433201058,0.954869245609064,0.379957236500106,"Positive"
"16S","MP retention","corr","16S | MP retention","51af2c92d5b41fee1ef860eb59eee9d7","Vulcanococcus",-0.326616666666667,0.418334832451499,0.952988788089904,0.378475972589664,"Negative"
"16S","MP retention","corr","16S | MP retention","70aa67c9ba5ae917f70f89ea766f68ec","Pseudanabaenaceae_X",-0.32125,0.422871764770723,0.954438967514377,0.373791311811347,"Negative"
"16S","MP retention","corr","16S | MP retention","bf3b4b4bf538492f1914764540264416","UBA12411",0.3292,0.4267423170194,0.945549046295673,0.369834289091062,"Positive"
"16S","MP retention","corr","16S | MP retention","ca61a8ea13943524f0f63090b66d787e","Planctopirus",0.33375,0.43002619047619,0.949863527103115,0.366505093181097,"Positive"
"16S","MP retention","corr","16S | MP retention","319a2feea6f238009b24e78f87094ed6","Hyphomicrobium",0.30765,0.430474807098765,0.956983198191196,0.366052259908677,"Positive"
"16S","MP retention","corr","16S | MP retention","44a35eb59d737efb374c824f37927592","Phaselicystis",0.319833333333333,0.436734650573192,0.953060395321272,0.359782349741725,"Positive"
"16S","MP retention","corr","16S | MP retention","546733f129f13d3c8ae26b851ef32380","SM1A02",0.317416666666667,0.437378924162257,0.955191320222133,0.359142148002906,"Positive"
"16S","MP retention","corr","16S | MP retention","f9431bfa2ecf5582f3368530f500f360","Cephaloticoccus",-0.300066666666667,0.440689131393298,0.958349294541974,0.355867660255051,"Negative"
"16S","MP retention","corr","16S | MP retention","c91235968ea14ce60ae7e2fa8b3aadb4","Latescibacterota Phylum",-0.308116666666667,0.440985615079365,0.952052065699401,0.355575576957437,"Negative"
"16S","MP retention","corr","16S | MP retention","75be173a247f45982f4a2cb43413959e","Margulisbacteria Phylum",0.31595,0.444150699955908,0.953787222557935,0.352469649131404,"Positive"
"16S","MP retention","corr","16S | MP retention","949a525dcd53e0d62b3da8c15a35ac5e","Paludibacter",0.3189,0.449092405202822,0.947008127305972,0.347664289418237,"Positive"
"16S","MP retention","corr","16S | MP retention","014352bcf6655dd583fa4d8f82cc110e","Ga0077536 Order",-0.296166666666667,0.458161678791887,0.957993775914753,0.338981238553892,"Negative"
"16S","MP retention","corr","16S | MP retention","55fba7b4dd6e9303c85c5a54e0251df2","Pirellulaceae Family",-0.291366666666667,0.464998765432099,0.959268233756464,0.332548200156796,"Negative"
"16S","MP retention","corr","16S | MP retention","5750c52ff8a6d630568878d3c75f5719","Rhodovastum",-0.2958,0.465150507054674,0.957325837464909,0.332406501287823,"Negative"
"16S","MP retention","corr","16S | MP retention","279ec18ace7a45fb812a87c1452ae4c7","Peredibacter",0.2952,0.466882914462081,0.955458458127319,0.330792018745585,"Positive"
"16S","MP retention","corr","16S | MP retention","f34cdcd73e535507d29c29b19d01f658","Rhodoferax",-0.281733333333333,0.468307699514991,0.962953850666739,0.329468701860488,"Negative"
"16S","MP retention","corr","16S | MP retention","b072d941e9760e0f31dabea3f54dabb4","Hirschia",0.29125,0.475783278218695,0.959537683367274,0.32259082565513,"Positive"
"16S","MP retention","corr","16S | MP retention","3e125655918e305a3842a79b6972775f","Rhodovarius",-0.280833333333333,0.478132820767196,0.961952417672916,0.320451443736014,"Negative"
"16S","MP retention","corr","16S | MP retention","5bf4a36e5d700bb19dec3ad7c835c355","Myxococcaceae Family",0.283683333333333,0.481888255070547,0.954274825000095,0.317053658509356,"Positive"
"16S","MP retention","corr","16S | MP retention","5ef8ac97132e326623e1522494b53da4","Ferruginibacter",0.2741,0.488732445987654,0.963288159307442,0.310928828056651,"Positive"
"16S","MP retention","corr","16S | MP retention","655724c09214381456a8d7d80dae06a5","Inhella",0.285666666666667,0.488996395502646,0.955376537595807,0.310694342142393,"Positive"
"16S","MP retention","corr","16S | MP retention","1d2e606796281040981e67f350b44a64","Telmatocola",0.275633333333333,0.490953560405644,0.961078397322886,0.308959586112091,"Positive"
"16S","MP retention","corr","16S | MP retention","57cc612b2c98b7bf0b8ceb6b41156098","Nitrosomonadaceae Family",0.27715,0.499521505731922,0.960383168155904,0.301445809500765,"Positive"
"16S","MP retention","corr","16S | MP retention","56d37d5bf0c2169e087e1488886eefde","Oxalobacteraceae Family",-0.264566666666667,0.500552535273369,0.95920904426322,0.300550334604288,"Negative"
"16S","MP retention","corr","16S | MP retention","63820f46e57cedc43bc2049e9ec55c90","Leptospira",0.266283333333333,0.502421401014109,0.954716453932438,0.298931869779653,"Positive"
"16S","MP retention","corr","16S | MP retention","32f0aa4803c737f5e8faa974e0311513","hgcI clade",-0.2639,0.504599366181658,0.958607024067985,0.297053299327722,"Negative"
"16S","MP retention","corr","16S | MP retention","1f22ad120bd713347ac5bcd1c282c459","Planctomycetales Order",0.2673,0.504977199074074,0.963221155746073,0.296728230871171,"Positive"
"16S","MP retention","corr","16S | MP retention","1218881a7c5a7c49ba20eec9fd2c8822","Anthocerotibacter",-0.263033333333333,0.506916087962963,0.96404040486871,0.295063925382108,"Negative"
"16S","MP retention","corr","16S | MP retention","dd1eab022bc2139c01059fea8516397a","Candidatus-Aurora",-0.26005,0.515244571208113,0.965052179155157,0.287986575398882,"Negative"
"16S","MP retention","corr","16S | MP retention","41b31e5157b8f7cc4a97f75ffd2721c2","Ephemeroptericola",0.2373,0.519928185626102,0.958146927207823,0.28405663855779,"Positive"
"16S","MP retention","corr","16S | MP retention","01b68a73918ddbeb33c8a52479d04cc9","Cereibacter",0.260333333333333,0.523368413800705,0.962480029532103,0.281192491336936,"Positive"
"16S","MP retention","corr","16S | MP retention","d31ad72aeb14ee971ee067a2333cf290","Nevskia",0.25585,0.524835482804233,0.964558532768468,0.279976811084466,"Positive"
"16S","MP retention","corr","16S | MP retention","63db7f6c50a12ccc802939fa69051820","P3OB-42",0.256833333333333,0.525086513447972,0.96468080882954,0.279769136179414,"Positive"
"16S","MP retention","corr","16S | MP retention","8df5a5aaa4151285e928fba5be95a4d3","Rubrivivax",-0.253316666666667,0.525358272707231,0.966290766536472,0.279544424607914,"Negative"
"16S","MP retention","corr","16S | MP retention","a56647b812e192e97e47e0da77055c02","Diplosphaera",0.226183333333333,0.527821786816578,0.958940099922426,0.277512687441212,"Positive"
"16S","MP retention","corr","16S | MP retention","4b654cb5174aaa9d81cff579e73716ea","UKL13-1",-0.25585,0.529088260582011,0.963879170043043,0.276471874493297,"Negative"
"16S","MP retention","corr","16S | MP retention","ad9cc38b5ccf51413138567ba4f60b42","Babeliales Order",-0.253683333333333,0.530544080687831,0.964753992048867,0.275278526552152,"Negative"
"16S","MP retention","corr","16S | MP retention","3d732176e8411901adecee466e9f98f3","Chthonomonas",0.245766666666667,0.532478995811287,0.960879272777538,0.27369751874963,"Positive"
"16S","MP retention","corr","16S | MP retention","72d690501e343840c31a1f7abf932868","LiUU-11-161 Family",0.245166666666667,0.540035841049383,0.963315252757384,0.267577416004006,"Positive"
"16S","MP retention","corr","16S | MP retention","43f8d1ced946461f54ea0b5b7001d5d6","Microbacteriaceae Family",-0.242066666666667,0.549943909832451,0.966299298887177,0.259681603037509,"Negative"
"16S","MP retention","corr","16S | MP retention","4112eeace57200636aefa80277a9968b","Simplicispira",-0.22855,0.550382886904762,0.96152558520099,0.259335078112612,"Negative"
"16S","MP retention","corr","16S | MP retention","0037bf46a14f07d53a962544a41810f3","Mucilaginibacter",0.2035,0.551801515652557,0.963177679273913,0.258217110963325,"Positive"
"16S","MP retention","corr","16S | MP retention","c6a33d143b0b1bcf4004c909a4af6aa8","Hyphomicrobiales Incertae Sedis Family",-0.2207,0.553155649250441,0.961794283000365,0.257152647901021,"Negative"
"16S","MP retention","corr","16S | MP retention","3c0cdd40fd8071ed3f6adecf11b9c773","cvE6 Family",-0.23455,0.557480946869489,0.966451249768069,0.253769970989838,"Negative"
"16S","MP retention","corr","16S | MP retention","84e1f74b7363f0321d0df8986283c5fa","Nannocystis",-0.165716666666667,0.561891132054674,0.964636296749848,0.25034782202525,"Negative"
"16S","MP retention","corr","16S | MP retention","78138acfd5cdc5f744db1dc70f3860f6","Candidatus Finniella",0.21195,0.562824592151675,0.965907455631372,0.249626934687122,"Positive"
"16S","MP retention","corr","16S | MP retention","8f0fb68673a8b3c26f3fd210e29b7916","Clostridium",-0.161,0.563703020282187,0.964750069566147,0.248949638253479,"Negative"
"16S","MP retention","corr","16S | MP retention","c3dc89741dfcf91fff80a6b385f9a10e","NS11-12 marine group Family",0.230566666666667,0.567217708333333,0.967938542784676,0.246250219095442,"Positive"
"16S","MP retention","corr","16S | MP retention","7f60fc3cb896896f7bdb1eca264a3682","CL500-3",-0.214733333333333,0.568021527777778,0.968490719969855,0.245635204398268,"Negative"
"16S","MP retention","corr","16S | MP retention","129ef8665d470f7e31e3ddbdb6dd47b4","Oculatellaceae Family",0.224733333333333,0.569579778439153,0.972500231606451,0.244445437679106,"Positive"
"16S","MP retention","corr","16S | MP retention","ee0531c484ac5297d9cbab9c863209e1","vadinHA49 Class",0.116616666666667,0.572267355599647,0.966305757503554,0.242401027265287,"Positive"
"16S","MP retention","corr","16S | MP retention","0a5fa958ab625e8cba8506db0416b1f7","Reyranella",-0.211566666666667,0.572452965167549,0.967407842566236,0.242260190747629,"Negative"
"16S","MP retention","corr","16S | MP retention","e0e3a2245c99b56fb9a53398f99c7b5c","Neisseriaceae Family",-0.200116666666667,0.57333599537037,0.965003067131862,0.24159079134936,"Negative"
"16S","MP retention","corr","16S | MP retention","ff98ab846c8f29e5e5f5cce385b28a7b","R7C24 Order",-0.221066666666667,0.578252849426808,0.968869227648958,0.237882218501502,"Negative"
"16S","MP retention","corr","16S | MP retention","32dd60b013160e742b295c60b010be0f","KD4-96 Class",-0.169766666666667,0.584176041666667,0.9667708000857,0.233456258360971,"Negative"
"16S","MP retention","corr","16S | MP retention","ef24d427e3b1d810ed78fd31347e4252","Acetobacteraceae Family",-0.218166666666667,0.585202628968254,0.971449019772727,0.232693731514872,"Negative"
"16S","MP retention","corr","16S | MP retention","47f280a62d3cbe2edbfada40370a17d4","Caedibacter",-0.201133333333333,0.586939610890653,0.967154658907501,0.23140658019381,"Negative"
"16S","MP retention","corr","16S | MP retention","7b7595f9b76cf1c37a9b7943d54f75c2","Cryobacterium",-0.219766666666667,0.587443573633157,0.969885605069585,0.231033842820738,"Negative"
"16S","MP retention","corr","16S | MP retention","76363618e6a55a0556fa9cdda32b9519","Ellin6067",-0.21855,0.589958234126984,0.971821704469799,0.229178732985361,"Negative"
"16S","MP retention","corr","16S | MP retention","9c6bfe2447c81e9619ca16b7b5637bd4","Berkelbacteria Class",-0.2135,0.591911254409171,0.968332209162004,0.227743402414812,"Negative"
"16S","MP retention","corr","16S | MP retention","0da352d12778a23d94aef13982c319f4","Rickettsiaceae Family",-0.213983333333333,0.592037290564374,0.973074622746172,0.227650937573896,"Negative"
"16S","MP retention","corr","16S | MP retention","1c2b8892a0d7f828d72808cd01cfd199","Devosia",0.206333333333333,0.594389401455027,0.968745391438475,0.225928943074256,"Positive"
"16S","MP retention","corr","16S | MP retention","89029fb4ef1efbab0f2467710364571b","Heliimonas",0.1838,0.596929431216931,0.96883295613803,0.22407700797379,"Positive"
"16S","MP retention","corr","16S | MP retention","a71c2b364419addf3c4a76844f1355fc","Limnohabitans",-0.210566666666667,0.597042576058201,0.974559078281537,0.223994697534237,"Negative"
"16S","MP retention","corr","16S | MP retention","0d9a85a8f16a66d5dc0e5eacea0c4d39","Candidatus Paracaedibacter",-0.2126,0.598987389770723,0.972091572144915,0.222582320533289,"Negative"
"16S","MP retention","corr","16S | MP retention","3b50e9874fa67e04b49f5a59ecf0059a","Erythrobacter",-0.212266666666667,0.600434060846561,0.970152627956238,0.221534679489832,"Negative"
"16S","MP retention","corr","16S | MP retention","16924c7ae16d36848dc5c138994d0c24","Prosthecomicrobium",0.06175,0.602514936067019,0.969028663560378,0.220032182660004,"Positive"
"16S","MP retention","corr","16S | MP retention","40c85d461439d1c4c9fd3f3042cde320","Bacteriovorax",-0.107716666666667,0.604919460978836,0.967939354046607,0.218302443497663,"Negative"
"16S","MP retention","corr","16S | MP retention","41ed57b340770fd925d1a9676354e936","Alphaproteobacteria Class",0.1987,0.606005941358025,0.970848650168556,0.217523117935436,"Positive"
"16S","MP retention","corr","16S | MP retention","78e76042551994989f474c9e375777f0","ATX-6F1",-0.2082,0.606195954585538,0.971021993836265,0.21738696619842,"Negative"
"16S","MP retention","corr","16S | MP retention","4cc4b29377ee6ec98f96b6515545578b","IMCC26134",-0.200266666666667,0.608626245590829,0.969611097120855,0.215649323634926,"Negative"
"16S","MP retention","corr","16S | MP retention","667f95fe0760f71f9a6201767fc41b60","Chitinophagales Order",0.2027,0.609250490520282,0.975032474940547,0.215204112483548,"Positive"
"16S","MP retention","corr","16S | MP retention","5183d97b2862d0ab4cacfd081ab5d0fe","Candidatus Megaira",-0.116,0.612920331790124,0.969411076872009,0.212595971994599,"Negative"
"16S","MP retention","corr","16S | MP retention","0de2768e56408332050e94db50b132bc","Ilumatobacteraceae Family",-0.106616666666667,0.613500319664903,0.969128170796038,0.212185206647381,"Negative"
"16S","MP retention","corr","16S | MP retention","02b4cbe5c2955ab2f66dc82cdf6dad64","Aquabacterium",0.20175,0.615375496031746,0.975586544309459,0.210859801150103,"Positive"
"16S","MP retention","corr","16S | MP retention","5c63b3749641851b368c8a181ddf1180","Xanthobacteraceae Family",-0.08755,0.618010422178131,0.971812622652126,0.209004200871887,"Negative"
"16S","MP retention","corr","16S | MP retention","dfa55444de9e265475ced8f630cda4a2","Aurantisolimonas",-0.1856,0.618469069664903,0.972403090564373,0.208682015048194,"Negative"
"16S","MP retention","corr","16S | MP retention","a1fffdb754ecea6af7b515501bf9e232","Aphanothece",-0.111483333333333,0.61878602292769,0.970537555577964,0.208459504659052,"Negative"
"16S","MP retention","corr","16S | MP retention","2ca2d98e0489dc0314d8c79541be9115","Emticicia",-0.19015,0.619925,0.971730039195125,0.207660849302371,"Negative"
"16S","MP retention","corr","16S | MP retention","8d4b51998b3310a1e96483dae8166a38","Candidatus Ovatusbacter",-0.183116666666667,0.622407567239859,0.971867258277055,0.205925135827918,"Negative"
"16S","MP retention","corr","16S | MP retention","88dec76637d263b1cb35a6894485b0ff","Pseudoduganella",-0.1404,0.622975942460318,0.971873441228267,0.205528724221194,"Negative"
"16S","MP retention","corr","16S | MP retention","772ad1eb60ac8444ec6adcaf9e9777c7","Spirochaeta 2",-0.06675,0.62641414792769,0.972691535306437,0.203138442045997,"Negative"
"16S","MP retention","corr","16S | MP retention","fb23b0ce92bbf8096506560aad696a3c","FukuN57",0.10515,0.626940884038801,0.971234107525517,0.202773408046678,"Positive"
"16S","MP retention","corr","16S | MP retention","cc2ac44f727710c9fb988fc57d9efce9","Hymenobacter",-0.174066666666667,0.627904453262787,0.972941394511226,0.202106436800552,"Negative"
"16S","MP retention","corr","16S | MP retention","de4fb5f27f3279ca75cdbd5ce5fdf150","Bdellovibrio",0.0203333333333333,0.628578174603175,0.972026991114947,0.201640702564323,"Positive"
"16S","MP retention","corr","16S | MP retention","f01b615fee6603378902ce47bbfce504","Hyphomicrobiaceae Family",0.193183333333333,0.628731619268078,0.976085573915916,0.201534698185926,"Positive"
"16S","MP retention","corr","16S | MP retention","e26db37c4ad54c925f2499f30f8f8837","Alsobacter",-0.192733333333333,0.628992846119929,0.975167097142134,0.201354293995601,"Negative"
"16S","MP retention","corr","16S | MP retention","43ad65c5550ef797639b96d41f715aa6","Zavarziniales Order",0.16935,0.63544863866843,0.971107252584319,0.196919546359886,"Positive"
"16S","MP retention","corr","16S | MP retention","f37fc1dccfeba0004cbeb4f1ad6083c6","Duganella",0.11635,0.637795127865961,0.97277311813316,0.19531880266755,"Positive"
"16S","MP retention","corr","16S | MP retention","8dbea74199a72e0818e216805ece0809","Kovacikia",0.176116666666667,0.643822277336861,0.973128515744081,0.191234000068728,"Positive"
"16S","MP retention","corr","16S | MP retention","c1257c13f0ecbb063f158ce4ef64b383","SM2D12 Family",0.187733333333333,0.64410887345679,0.976968471399013,0.191040717818512,"Positive"
"16S","MP retention","corr","16S | MP retention","99e5a1f89bd0985c7232e7288b0bbb0c","Mycobacterium",-0.164266666666667,0.644437874779541,0.974848948097482,0.190818943230496,"Negative"
"16S","MP retention","corr","16S | MP retention","5be491873223df43c1b561078e5eba93","Methylibium",0.1919,0.645832082231041,0.973778805153152,0.189880384853338,"Positive"
"16S","MP retention","corr","16S | MP retention","6cc3d9a85641e773e9dc4fcb97e40bea","Massilia",-0.18375,0.648008652998236,0.9774922055136,0.188419194863519,"Negative"
"16S","MP retention","corr","16S | MP retention","60b68eea1e4bbbe14572067b57a0c753","WD2101 soil group Family",0.178933333333333,0.648840845458554,0.974467656589063,0.187861818478,"Positive"
"16S","MP retention","corr","16S | MP retention","bf9a8801c54bb6e455943138aaac2268","SH3-11",-0.181666666666667,0.650168524029982,0.978405703815839,0.18697405940307,"Negative"
"16S","MP retention","corr","16S | MP retention","a82ada36ab7325db059b1aacf512d5a4","Lewinella",0.0763833333333333,0.654357627865961,0.973981268696296,0.184184830638362,"Positive"
"16S","MP retention","corr","16S | MP retention","107273e73071282e4d0f4a0b46548da5","Aeromonas",-0.159766666666667,0.65578103505291,0.975253525556099,0.183241147122228,"Negative"
"16S","MP retention","corr","16S | MP retention","6c97e8ef8111a95d1a19517807aeef52","Parasediminibacterium",-0.1185,0.65691817680776,0.974231226851674,0.18248872111581,"Negative"
"16S","MP retention","corr","16S | MP retention","e3feb42cfc39c1cb2c5d22238fe4a3de","env.OPS 17 Family",-0.176816666666667,0.657347514329806,0.977664008714351,0.182204974953084,"Negative"
"16S","MP retention","corr","16S | MP retention","08e95f8aadda45f7fa04b997b0579b10","A0839 Family",-0.174933333333333,0.661657197971781,0.98019365383543,0.179366958579768,"Negative"
"16S","MP retention","corr","16S | MP retention","c99385b6766f647ff0bdfe98ae65c958","Tautonia",-0.126633333333333,0.667009485229277,0.9751858894522,0.175867990141255,"Negative"
"16S","MP retention","corr","16S | MP retention","9fc4f79ba0c4730ce9e833a566a1c088","Dinghuibacter",-0.17075,0.668995023148148,0.978167247997909,0.174577113065265,"Negative"
"16S","MP retention","corr","16S | MP retention","047550cce45394b8a9ff92a5c2e8ecf4","Haliangiaceae Family",0.0315333333333333,0.669251923500882,0.974973359578114,0.174410371930916,"Positive"
"16S","MP retention","corr","16S | MP retention","53907ff9f69889d8f5ec10b9eafa2582","KD3-10",0.114066666666667,0.669535102513227,0.97536796119217,0.174226648781682,"Positive"
"16S","MP retention","corr","16S | MP retention","a91b39697a72026c7808ccdb3c838783","Phenylobacterium",-0.0996333333333333,0.673390327380952,0.975885563573031,0.171733126135111,"Negative"
"16S","MP retention","corr","16S | MP retention","16da9716b4d7c3c9c904f3f799d67dfe","Comamonas",0.0955833333333333,0.677488629850088,0.97698640672828,0.16909798906581,"Positive"
"16S","MP retention","corr","16S | MP retention","6fe87766640a9d263738190ba1ebd501","Beijerinckiaceae Family",0.0135833333333333,0.677580522486772,0.976004686961546,0.16903908658835,"Positive"
"16S","MP retention","corr","16S | MP retention","235a89f255d93a7570269a56c53dba64","Polynucleobacter",-0.10395,0.682553119488536,0.976623749276948,0.16586354413623,"Negative"
"16S","MP retention","corr","16S | MP retention","0f4d251ebd2112cffb56099bc4772b0a","Burkholderiaceae Family",0.0264166666666667,0.682658190035273,0.976881922104159,0.165796695058098,"Positive"
"16S","MP retention","corr","16S | MP retention","b744eae1244325f606575483df0de67e","Clade III Family",0.0108,0.684122288359788,0.976270763386991,0.16486626024935,"Positive"
"16S","MP retention","corr","16S | MP retention","4c06bb79b0e22b616bf426c36315a839","Sumerlaea",-0.0140666666666667,0.684858504188713,0.976992615531299,0.164399147044321,"Negative"
"16S","MP retention","corr","16S | MP retention","4ece9bc18568cfaeb4b26ec23189b235","Candidatus Nomurabacteria Order",0.0807333333333333,0.685294642857143,0.977733899713289,0.164122663172647,"Positive"
"16S","MP retention","corr","16S | MP retention","5d5986ea5805e6efd33ec1289855180d","Gemmataceae Family",0.145866666666667,0.692184942680776,0.977389216862914,0.15977785228514,"Positive"
"16S","MP retention","corr","16S | MP retention","48a872479d46e959a4c8cd2016bc0bdc","Anagnostidinema",0.09855,0.693280180776014,0.977349441757243,0.159091215065391,"Positive"
"16S","MP retention","corr","16S | MP retention","5b0ea816844ee100d8129cde55883d46","Pseudanabaena",-0.159216666666667,0.69469873787478,0.981053121091094,0.158203490148988,"Negative"
"16S","MP retention","corr","16S | MP retention","fb9358e4192b4e3fb1a6210327ee6ff2","Parablastomonas",-0.1248,0.695221908068783,0.978583810542201,0.157876550708603,"Negative"
"16S","MP retention","corr","16S | MP retention","3fdf30eedc8bfd61906a77345a2686ed","Spirosoma",0.135183333333333,0.695862351190476,0.977524935691086,0.157476659858678,"Positive"
"16S","MP retention","corr","16S | MP retention","2b7ca6b5f534b9b23692f2330e266ec4","Subgroup 2 Order",0.08515,0.697585063932981,0.978006252534145,0.156402826700676,"Positive"
"16S","MP retention","corr","16S | MP retention","401adf0cdad34aba7247e3d064b18761","Parcubacteria Class",-0.0466833333333333,0.69773394510582,0.978205591481876,0.156310147862862,"Negative"
"16S","MP retention","corr","16S | MP retention","99be950acd04b1895e6a527e017fcfcc","Schlesneriaceae Family",0.107633333333333,0.698779982363316,0.978082164354575,0.155659544550114,"Positive"
"16S","MP retention","corr","16S | MP retention","f5fcac3487bfbd63f00447c55c4555df","Rubritepida",0.145016666666667,0.700718171296296,0.978735958394212,0.154456620066886,"Positive"
"16S","MP retention","corr","16S | MP retention","1c759c819b9899b67bdd08c4f3b36f8a","Holosporaceae Family",-0.00775,0.705235956790123,0.979455686595346,0.151665553097843,"Negative"
"16S","MP retention","corr","16S | MP retention","b5f65cf6b74d1335f56422b303989e07","Fibrella",-0.122383333333333,0.708251118827161,0.97861205809026,0.149812730750232,"Negative"
"16S","MP retention","corr","16S | MP retention","500fb8b8ee8585ac51166621f12ba6c1","Spirosomataceae Family",-0.145783333333333,0.710859705687831,0.980223242158797,0.14821610258621,"Negative"
"16S","MP retention","corr","16S | MP retention","88ce6cce0aa9121b8e8e254a487f6ac2","Cypionkella",-0.141616666666667,0.715825865299824,0.981239389515487,0.14519261307924,"Negative"
"16S","MP retention","corr","16S | MP retention","d94a068f317cc9789c7cdb7ab4858ae5","Caulobacter",0.135466666666667,0.718042124118166,0.982195970181801,0.143850077017526,"Positive"
"16S","MP retention","corr","16S | MP retention","6764f73585d62530651ccbf6cf8c3fe5","Sphaerotilus",0.14535,0.719700110229277,0.982959280161116,0.142848430795954,"Positive"
"16S","MP retention","corr","16S | MP retention","1534d835530844cadeb26dc0c053a150","Methylacidiphilaceae Family",-0.09515,0.72367633377425,0.980911705884035,0.140455629777304,"Negative"
"16S","MP retention","corr","16S | MP retention","5d1b55132572f8e58f91bea83dabcf76","Phreatobacter",0.14215,0.725806712962963,0.983803658627845,0.13917901934118,"Positive"
"16S","MP retention","corr","16S | MP retention","429892ba65ebd90b3d48c94df9305f3e","IMCC26207",-0.00978333333333333,0.726359490740741,0.981287790325517,0.138848384528732,"Negative"
"16S","MP retention","corr","16S | MP retention","c3048aecb79a329b4e6ff951035a5fca","Azospirillum",0.141716666666667,0.728659463183422,0.981997232384897,0.137475390493656,"Positive"
"16S","MP retention","corr","16S | MP retention","fca1ed7792b0c80cd00c60203ba400e8","Flavobacterium",0.132133333333333,0.7287211585097,0.981679859877338,0.137438620497707,"Positive"
"16S","MP retention","corr","16S | MP retention","d8889747097266a8731c1a890e1378f2","Beggiatoaceae Family",-0.0874166666666667,0.730929591049383,0.981359562667312,0.136124455725383,"Negative"
"16S","MP retention","corr","16S | MP retention","e9307278210409536f907f7fd741e075","Gemmatimonas",0.1236,0.733684264770723,0.982078565910758,0.134490795081594,"Positive"
"16S","MP retention","corr","16S | MP retention","a35b1f2a858f1866a74bd44a6cb85784","Pseudobdellovibrio",0.0518166666666667,0.735824085097002,0.981455321488822,0.133226000884434,"Positive"
"16S","MP retention","corr","16S | MP retention","3106e03dc926c04d6c8f747a70ad0cbf","Chthoniobacter",0.0178666666666667,0.740738293650794,0.982129079509344,0.130335203220218,"Positive"
"16S","MP retention","corr","16S | MP retention","37762c5e9b1d5a5233d6caeef3660d6a","Microtrichales Order",0.0888833333333333,0.743696775793651,0.981393155741346,0.128604101339007,"Positive"
"16S","MP retention","corr","16S | MP retention","5a21435514338a7ba55a469f6e66171d","Rhodocyclaceae Family",-0.01965,0.743954315476191,0.982066616493774,0.128453732660798,"Negative"
"16S","MP retention","corr","16S | MP retention","f25431c3f182a7b76f3027ad1fce6195","Opitutus",0.0827666666666667,0.744583057760141,0.98130713723819,0.128086849940071,"Positive"
"16S","MP retention","corr","16S | MP retention","dc9e840c3957d353c56ad240a9df198a","Pajaroellobacter",-0.1103,0.744879563492064,0.982785935382725,0.127913940861199,"Negative"
"16S","MP retention","corr","16S | MP retention","577ebeaa2ad9328aa33822532efb8b45","mle1-27 Order",-0.0939833333333333,0.745888089726631,0.982734442506543,0.127326327567603,"Negative"
"16S","MP retention","corr","16S | MP retention","79d376976c3bfb5e0a49c1f581b289c6","Sandaracinobacter",0.11565,0.745905968915344,0.98247013899004,0.127315917507375,"Positive"
"16S","MP retention","corr","16S | MP retention","fdf2172092b65ce788eb6249417abff4","Verrucomicrobiaceae Family",0.10815,0.746295679012346,0.983595314781424,0.127089072899941,"Positive"
"16S","MP retention","corr","16S | MP retention","ca54ea6d690a8ca9296414e2f6c2b65a","Pseudohalocynthiibacter",0.0907666666666667,0.75082962962963,0.982452770482426,0.124458597357638,"Positive"
"16S","MP retention","corr","16S | MP retention","7d74b9425e04821baca8cb198ac1c948","Fimbriimonadaceae Family",-0.0573333333333333,0.753004761904762,0.981581891718829,0.12320227736846,"Negative"
"16S","MP retention","corr","16S | MP retention","4fa0edb1063f6c788fa84e17827ebbca","Paracoccaceae Family",-0.11955,0.753660648148148,0.984024299716891,0.122824160512054,"Negative"
"16S","MP retention","corr","16S | MP retention","cad8cc3e7647d51e614b099398538e4d","Saprospiraceae Family",-0.10465,0.757328676146384,0.983163308742835,0.120715598363091,"Negative"
"16S","MP retention","corr","16S | MP retention","b9d1eafd559101a9e489b66e22a60d10","Microcystaceae Family",-0.0285166666666667,0.76246429122575,0.983366851828518,0.1177804909802,"Negative"
"16S","MP retention","corr","16S | MP retention","b38fe94b163483eae343872c3e9860f0","Cylindrospermum",-0.115283333333333,0.7624649085097,0.983934010961173,0.117780139379597,"Negative"
"16S","MP retention","corr","16S | MP retention","cc363a9ccd3549e646859ab1ffe9d460","Sandaracinus",-0.0500666666666667,0.766813949514991,0.98326776993831,0.115309995243269,"Negative"
"16S","MP retention","corr","16S | MP retention","6c9f91b861ced47f136e2bf9b8b7a152","Leptolyngbyaceae Family",0.121116666666667,0.767097288359788,0.984259965243618,0.115149552454709,"Positive"
"16S","MP retention","corr","16S | MP retention","712acd7ca4d797b6a3d45445f853a63d","Rudanella",-0.02485,0.767555671296296,0.984012269785988,0.114890115056056,"Negative"
"16S","MP retention","corr","16S | MP retention","fc7b257064027e1bc2b6fbfb4584677d","Piscinibacter",0.1149,0.771304183201058,0.98430402011951,0.112774313216487,"Positive"
"16S","MP retention","corr","16S | MP retention","01a39e9a8dfb99771df440cb5631c036","Phragmitibacter",-0.114633333333333,0.771389324294533,0.984649222253477,0.112726375882289,"Negative"
"16S","MP retention","corr","16S | MP retention","481de4037ed3f3bcf51b47e548dcbd9e","Novosphingobium",0.11535,0.772738569223986,0.984709283022364,0.111967410541156,"Positive"
"16S","MP retention","corr","16S | MP retention","c592556e045456a6544b20cee68cc1e1","Gemmatimonadaceae Family",0.0924166666666667,0.774779761904762,0.983948756913767,0.110821732051892,"Positive"
"16S","MP retention","corr","16S | MP retention","62b0b243d6b3b2b15948054bc600ff86","Roseiflexaceae Family",-0.0326666666666667,0.774832919973545,0.984442734680835,0.110791935888992,"Negative"
"16S","MP retention","corr","16S | MP retention","4949b6b0c1a679cda332677124e16cae","Rhizorhapis",-0.1168,0.77563912037037,0.984559047210574,0.110340294832471,"Negative"
"16S","MP retention","corr","16S | MP retention","d829bee4984f82ffc2453212157caf96","Bradyrhizobium",-0.101116666666667,0.778868909832451,0.985540108399908,0.108535631579263,"Negative"
"16S","MP retention","corr","16S | MP retention","51b9a2e379c2555a3774ef13e9aac08d","alphaI cluster",-0.112866666666667,0.779087169312169,0.985685900974059,0.108413947932909,"Negative"
"16S","MP retention","corr","16S | MP retention","5de27febf2c3146c05611c279e97767b","Cyanobium",0.0218833333333333,0.780524796075838,0.984337960034532,0.107613295512706,"Positive"
"16S","MP retention","corr","16S | MP retention","c6275d6373d2bb6304760cb609f54f68","Simkaniaceae Family",0.0230666666666667,0.78299644510582,0.984766931595417,0.106240209684625,"Positive"
"16S","MP retention","corr","16S | MP retention","cb5268128d9112a2b23b6ad5a045483b","Hyphomonadaceae Family",0.11255,0.785226802248677,0.986171293144332,0.105004884988938,"Positive"
"16S","MP retention","corr","16S | MP retention","800c01f333327cd99370115d8c568cc4","Elsterales Order",-0.0550833333333333,0.792088536155203,0.985468969005407,0.101226272179894,"Negative"
"16S","MP retention","corr","16S | MP retention","59a4106242bad7608ed5334a3e3ad618","Aphanizomenon",0.1039,0.794801680996473,0.986800335775968,0.0997412230333848,"Positive"
"16S","MP retention","corr","16S | MP retention","f574db6bef285785a0be2afa96c81b03","Gemmata",0.100416666666667,0.79566667217813,0.986399129634034,0.0992688327046151,"Positive"
"16S","MP retention","corr","16S | MP retention","4902f0932539bec04c67444c8444ca7d","Labrys",0.105016666666667,0.801224002425044,0.986326346541741,0.0962460489383607,"Positive"
"16S","MP retention","corr","16S | MP retention","166d98cd5b2fe92492ab4531eba83f4d","Aggregatilineaceae Family",0.0916333333333333,0.807874509479718,0.987070793013783,0.0926560947614466,"Positive"
"16S","MP retention","corr","16S | MP retention","4c8af99c818f9f3fce6233dc6b620f01","BIrii41 Family",-0.00035,0.808419383818342,0.986693334448342,0.0923632817668042,"Negative"
"16S","MP retention","corr","16S | MP retention","48a7af65c55adc4dd66178efefb01ed9","Pirellula",0.0983,0.809493287037037,0.987609307673629,0.0917867484113615,"Positive"
"16S","MP retention","corr","16S | MP retention","ff66b771cf24ac801cd8e74b446791a6","CL500-29 marine group",0.0940833333333333,0.809904591049383,0.987008234614885,0.0915661391723295,"Positive"
"16S","MP retention","corr","16S | MP retention","fa96cbd7b2df953f48e159b78c51527d","Brevundimonas",-0.0358833333333333,0.812142168209877,0.986607941680111,0.0903679393984947,"Negative"
"16S","MP retention","corr","16S | MP retention","8a708778e5a5f5a6d79a3923406f7fca","Rhizobiaceae Family",-0.0117166666666667,0.812955913800705,0.986660454767109,0.0899330053434744,"Negative"
"16S","MP retention","corr","16S | MP retention","7e7deb01f0491d33ecb87427fcbeb1ee","Sediminibacterium",-0.0503,0.81669389329806,0.9877223625481,0.087940691768998,"Negative"
"16S","MP retention","corr","16S | MP retention","96a7012f0fa9a9558b614f3e7db39b91","DSSD61",-0.00463333333333333,0.818663910934744,0.986767804707129,0.0868943541412268,"Negative"
"16S","MP retention","corr","16S | MP retention","b065491c33bc743686ac936000cd95d2","Micropepsaceae Family",0.02635,0.819371665564374,0.987515517393713,0.0865190583250341,"Positive"
"16S","MP retention","corr","16S | MP retention","a57958824ad97eadb0a357c50770c8d7","Microscillaceae Family",-0.0251833333333333,0.820191583994709,0.987195773386254,0.0860846913316475,"Negative"
"16S","MP retention","corr","16S | MP retention","d0c787f177dccc8f247649354da0273e","OM27 clade",-0.0260833333333333,0.823378874559083,0.988541978059698,0.0844002798939302,"Negative"
"16S","MP retention","corr","16S | MP retention","d546fdb0401f165c76892bf91b0d467b","Pegethrix",0.0816166666666667,0.826474812610229,0.988359798871979,0.0827703773146416,"Positive"
"16S","MP retention","corr","16S | MP retention","733b45a9acaf76b1662c9cc75784dfb4","Kapabacteriales Order",-0.0181666666666667,0.826662395282187,0.987114172047489,0.0826718178976826,"Negative"
"16S","MP retention","corr","16S | MP retention","110a6a7f9cfd3354371c9f07e1901863","0319-6G20 Order",-0.01675,0.832160482804233,0.988109610253636,0.0797929115994857,"Negative"
"16S","MP retention","corr","16S | MP retention","f04a2d7063257d451dee16f014b55e63","Snowella",0.00315,0.833221626984127,0.988180715008459,0.0792394660911058,"Positive"
"16S","MP retention","corr","16S | MP retention","1e31234f3abac84a6cee692d11823046","AKYH767 Family",0.0692,0.833500694444444,0.988024505907823,0.0790940339964263,"Positive"
"16S","MP retention","corr","16S | MP retention","29c3028f4104673553ebe4ece3aabf21","Limnobacter",0.0137,0.83792640542328,0.989131567012542,0.0767941235202194,"Positive"
"16S","MP retention","corr","16S | MP retention","93522be911c0a10ef2cabf936ee5d2b5","PeM15 Order",-0.0399666666666667,0.845216082451499,0.989404662756215,0.0730322479501884,"Negative"
"16S","MP retention","corr","16S | MP retention","0742fb23302cfa34adb51a2634fe7219","Elsteraceae Family",-0.05105,0.845763040123457,0.988860903520654,0.0727512974595776,"Negative"
"16S","MP retention","corr","16S | MP retention","23b1bba87afc0a8c4e389513c03080fa","Zavarzinella",-0.0246666666666667,0.851656040564374,0.989686066783987,0.0697357689022141,"Negative"
"16S","MP retention","corr","16S | MP retention","3ed9b5dbe1ffe3a29b951fa8bc5fc2c8","Methylobacterium",0.0209833333333333,0.867182462522046,0.990333761583809,0.0618895136780556,"Positive"
"16S","MP retention","corr","16S | MP retention","20131a80db0e23231a47f48b6e8d84e5","Chryseotalea",-0.0547833333333333,0.872861789021164,0.991065067250687,0.0590545180554697,"Negative"
"16S","MP retention","corr","16S | MP retention","3d200996fe89b15e015e158a399046e9","Chamaethrix",0.0473833333333333,0.874034694664903,0.990865491445573,0.0584713277746817,"Positive"
"16S","MP retention","corr","16S | MP retention","a1b8a3d533fc1264a049fa2e9aea856d","Verrucomicrobium",0.0137666666666667,0.895569196428571,0.99177572050979,0.0479008526222171,"Positive"
"16S","MP retention","corr","16S | MP retention","6ea12a2a6eb7f0d377858aaeca4664e4","Ideonella",0.0292166666666667,0.899528725749559,0.992188760201885,0.0459849632408053,"Positive"
"16S","MP retention","corr","16S | MP retention","57b92326c77017ea2f2bda05f0b71a66","Armatimonas",0.03985,0.904666132054674,0.99298030013748,0.0435116680419727,"Positive"
"16S","MP retention","corr","16S | MP retention","8012da7c810e58147175f741af2a78d2","Paucibacter",0.0191,0.919139699074074,0.99376710535329,0.0366184756365892,"Positive"
"16S","MP retention","corr","16S | MP retention","9004764f07d078531c518946c23e6e15","Cellvibrio",0.00196666666666667,0.922307473544974,0.993249668340795,0.0351242722185709,"Positive"
"16S","MP retention","corr","16S | MP retention","c04c3567bb5be7ae906a80865e5932f1","Pedomicrobium",0.0174666666666667,0.939263999118166,0.994368135845939,0.0272123233399428,"Positive"
"16S","Plastic level","kw","16S | Plastic level","5da845af2892f5c8fd8161364c7b4997","Sandarakinorhabdus",NA,0.0719578644575829,0.662129221162162,1.14292173398755,"KW"
"16S","Plastic level","kw","16S | Plastic level","59a4106242bad7608ed5334a3e3ad618","Aphanizomenon",NA,0.0736308350416288,0.662129221162162,1.1329402741951,"KW"
"16S","Plastic level","kw","16S | Plastic level","6764f73585d62530651ccbf6cf8c3fe5","Sphaerotilus",NA,0.0779038395107425,0.662129221162162,1.10844113748486,"KW"
"16S","Plastic level","kw","16S | Plastic level","1ba1c6fba5cf7d1a4c6e3caef9e4c813","TRA3-20 Family",NA,0.079675477163607,0.66215019678164,1.0986753269267,"KW"
"16S","Plastic level","kw","16S | Plastic level","e3feb42cfc39c1cb2c5d22238fe4a3de","env.OPS 17 Family",NA,0.0833750688382414,0.662129221162162,1.07896379450201,"KW"
"16S","Plastic level","kw","16S | Plastic level","9004764f07d078531c518946c23e6e15","Cellvibrio",NA,0.0843799757029032,0.662129221162162,1.07376060400861,"KW"
"16S","Plastic level","kw","16S | Plastic level","89c76625e45ab0499f29cc2dc2beb69c","SL56 marine group Class",NA,0.0916973636190548,0.662142294620312,1.03764315050398,"KW"
"16S","Plastic level","kw","16S | Plastic level","074cebd7774d219a616031e1de838a2c","Opitutaceae Family",NA,0.0980380908489674,0.662129221162162,1.00860515459898,"KW"
"16S","Plastic level","kw","16S | Plastic level","ea4317d7222c2b5526d500d503663459","Aphanizomenonaceae Family",NA,0.100766461516471,0.66262947857836,0.996683991720033,"KW"
"16S","Plastic level","kw","16S | Plastic level","b38fe94b163483eae343872c3e9860f0","Cylindrospermum",NA,0.104714337816675,0.662273927948898,0.979993849282514,"KW"
"16S","Plastic level","kw","16S | Plastic level","ee2d56600bef5d134884d0354366d6e8","Paracaedibacteraceae Family",NA,0.108102902725712,0.662129221162162,0.966162644429355,"KW"
"16S","Plastic level","kw","16S | Plastic level","51af2c92d5b41fee1ef860eb59eee9d7","Vulcanococcus",NA,0.116040069172845,0.662287370349338,0.935392020981266,"KW"
"16S","Plastic level","kw","16S | Plastic level","0da352d12778a23d94aef13982c319f4","Rickettsiaceae Family",NA,0.11877150531979,0.662160862874523,0.925287739209403,"KW"
"16S","Plastic level","kw","16S | Plastic level","7402c6fd98e177d4694261a9dd23eac6","Candidatus Berkiella",NA,0.119259125443822,0.662129221162162,0.923508379765686,"KW"
"16S","Plastic level","kw","16S | Plastic level","9fc4f79ba0c4730ce9e833a566a1c088","Dinghuibacter",NA,0.12213985327763,0.662434881132922,0.913142606042741,"KW"
"16S","Plastic level","kw","16S | Plastic level","7069712c1deee58d640df6a9cbe743dd","Polaromonas",NA,0.12340016739482,0.662178975187111,0.90868425117314,"KW"
"16S","Plastic level","kw","16S | Plastic level","1e046bb4b737284bdbae0d7b21a6ddbe","Fibrisoma",NA,0.12485385677416,0.662390719981596,0.903598037614875,"KW"
"16S","Plastic level","kw","16S | Plastic level","508e4d4db7e2c0220a19fafa294e0670","Methylotenera",NA,0.125492732751329,0.662129221162162,0.901381423325412,"KW"
"16S","Plastic level","kw","16S | Plastic level","15186d19694f00776956343942b4f186","Gloeobacter",NA,0.126996225420851,0.662340265330841,0.896209186943704,"KW"
"16S","Plastic level","kw","16S | Plastic level","9cdde29fca3a13e2e0f5d96088860c87","Nostoc",NA,0.127203516168366,0.662511260678012,0.895500883723664,"KW"
"16S","Plastic level","kw","16S | Plastic level","1f22ad120bd713347ac5bcd1c282c459","Planctomycetales Order",NA,0.127868751952382,0.663001228622604,0.893235573681714,"KW"
"16S","Plastic level","kw","16S | Plastic level","33e5681d81c11baedc5f46c7b394484c","Midichloriaceae Family",NA,0.12853954241854,0.662379905076589,0.890963250445978,"KW"
"16S","Plastic level","kw","16S | Plastic level","19fd57239a50298fdf2a997540c14922","Parvibium",NA,0.134496236747177,0.662764101684561,0.871289867206554,"KW"
"16S","Plastic level","kw","16S | Plastic level","4112eeace57200636aefa80277a9968b","Simplicispira",NA,0.14999366737947,0.662150090082514,0.823927076145702,"KW"
"16S","Plastic level","kw","16S | Plastic level","c99385b6766f647ff0bdfe98ae65c958","Tautonia",NA,0.154041017208274,0.662191360805162,0.812363622180689,"KW"
"16S","Plastic level","kw","16S | Plastic level","ec1d103f66d06bf61cf3cf6d9bcf8e52","OM190 Class",NA,0.154535591704972,0.664980001848282,0.810971480634484,"KW"
"16S","Plastic level","kw","16S | Plastic level","73ab6d6608a93a7bc935f8048997c6fc","Rhodospirillales Order",NA,0.154607957583318,0.662149875428997,0.810768156953366,"KW"
"16S","Plastic level","kw","16S | Plastic level","65d43491988bfe557da4d86a5ba25dae","Staphylococcus",NA,0.155614088756031,0.662986616072067,0.80795108606091,"KW"
"16S","Plastic level","kw","16S | Plastic level","3fdf30eedc8bfd61906a77345a2686ed","Spirosoma",NA,0.157885607327983,0.666647661996463,0.801657457977327,"KW"
"16S","Plastic level","kw","16S | Plastic level","a71c2b364419addf3c4a76844f1355fc","Limnohabitans",NA,0.158791741026891,0.662554189143064,0.799172089564612,"KW"
"16S","Plastic level","kw","16S | Plastic level","35e1bbfd3ea58cec02a0fedead1ce5ce","Stenomitos",NA,0.158943455306223,0.663584615781938,0.798757349994633,"KW"
"16S","Plastic level","kw","16S | Plastic level","b065491c33bc743686ac936000cd95d2","Micropepsaceae Family",NA,0.158945295527183,0.664706148085193,0.79875232183427,"KW"
"16S","Plastic level","kw","16S | Plastic level","c6a33d143b0b1bcf4004c909a4af6aa8","Hyphomicrobiales Incertae Sedis Family",NA,0.15967188950701,0.663090838891847,0.796771535374137,"KW"
"16S","Plastic level","kw","16S | Plastic level","5fb691caf53996697fc5745ffa6620ae","Lacibacter",NA,0.15983249600185,0.663221976713546,0.796334918391678,"KW"
"16S","Plastic level","kw","16S | Plastic level","6815f1f2c2d38299f363940f8e312c3c","Deinococcaceae Family",NA,0.15992253600005,0.662177075510704,0.796090331933367,"KW"
"16S","Plastic level","kw","16S | Plastic level","53907ff9f69889d8f5ec10b9eafa2582","KD3-10",NA,0.161328496877655,0.667910295251364,0.792288912563869,"KW"
"16S","Plastic level","kw","16S | Plastic level","fc24096138e3cf0b2775bd2b8e01b5b2","Deinococcus",NA,0.161362989580465,0.665211013717026,0.792196068524394,"KW"
"16S","Plastic level","kw","16S | Plastic level","3d200996fe89b15e015e158a399046e9","Chamaethrix",NA,0.162224965434989,0.662839050067049,0.789882309703622,"KW"
"16S","Plastic level","kw","16S | Plastic level","c1cc6b184d817c58b7c081b5665904cb","Regnicoccus",NA,0.162253969997716,0.662393577035795,0.789804668166988,"KW"
"16S","Plastic level","kw","16S | Plastic level","235a89f255d93a7570269a56c53dba64","Polynucleobacter",NA,0.163631165000392,0.662295941915332,0.786133977567465,"KW"
"16S","Plastic level","kw","16S | Plastic level","3106e03dc926c04d6c8f747a70ad0cbf","Chthoniobacter",NA,0.163901929658159,0.664143611343755,0.785415933342515,"KW"
"16S","Plastic level","kw","16S | Plastic level","6ea12a2a6eb7f0d377858aaeca4664e4","Ideonella",NA,0.167262354777537,0.662170882468005,0.776601793359601,"KW"
"16S","Plastic level","kw","16S | Plastic level","23a4b6bc2c58466eb2b87814a8ebbbf7","Comamonadaceae Family",NA,0.167877001853711,0.662129221162162,0.775008795536413,"KW"
"16S","Plastic level","kw","16S | Plastic level","e54514f112c0d2e2cf9be32de76bd74d","Isosphaeraceae Family",NA,0.168278206123083,0.662535905522956,0.773972126290165,"KW"
"16S","Plastic level","kw","16S | Plastic level","482f65b152c5702150de2b27ea2c9521","Endobacter",NA,0.171292292346537,0.662163052384805,0.766262178579601,"KW"
"16S","Plastic level","kw","16S | Plastic level","eddfa9460b8fe2df12344f6da501b116","Rhizobacter",NA,0.17286365468651,0.664290859523283,0.762296309377099,"KW"
"16S","Plastic level","kw","16S | Plastic level","8012da7c810e58147175f741af2a78d2","Paucibacter",NA,0.173576713193051,0.663035538380141,0.760508539586508,"KW"
"16S","Plastic level","kw","16S | Plastic level","014352bcf6655dd583fa4d8f82cc110e","Ga0077536 Order",NA,0.174392830653584,0.668796417262991,0.758471373024938,"KW"
"16S","Plastic level","kw","16S | Plastic level","a80616dba1a6d362b957660c08aa3517","Coxiella",NA,0.175429821399847,0.667973130159487,0.75589657876623,"KW"
"16S","Plastic level","kw","16S | Plastic level","32f0aa4803c737f5e8faa974e0311513","hgcI clade",NA,0.175569182750726,0.667161535846729,0.755551712438166,"KW"
"16S","Plastic level","kw","16S | Plastic level","649f026cd615015b1c0f8e760d309122","Luteimonas",NA,0.176745128558657,0.669138515127031,0.752652547371231,"KW"
"16S","Plastic level","kw","16S | Plastic level","667f95fe0760f71f9a6201767fc41b60","Chitinophagales Order",NA,0.177819682017716,0.662243071518218,0.750020170707695,"KW"
"16S","Plastic level","kw","16S | Plastic level","3e125655918e305a3842a79b6972775f","Rhodovarius",NA,0.180987613167758,0.666520323057597,0.742351147324047,"KW"
"16S","Plastic level","kw","16S | Plastic level","bb286c96101b73e1bb46d5ff9b9da229","Polyangium",NA,0.182236751498258,0.662308902301541,0.739364034808848,"KW"
"16S","Plastic level","kw","16S | Plastic level","61c901297973162caaee28a638a3d9d9","Solirubrobacteraceae Family",NA,0.182295585210222,0.663967264415019,0.739223848854929,"KW"
"16S","Plastic level","kw","16S | Plastic level","2563ceb7d15a84f5d59f225adc9b06a5","Rickettsiales Order",NA,0.18285528282329,0.666971499034201,0.737892488058443,"KW"
"16S","Plastic level","kw","16S | Plastic level","5d5436b14b5044bb09cdb96aa65fe217","Gammaproteobacteria Class",NA,0.186484213917635,0.664344390351271,0.729357925778239,"KW"
"16S","Plastic level","kw","16S | Plastic level","2f2696ee8f1d2b831bfcafa8249d359d","Leptodesmis",NA,0.187899885845292,0.666973165554584,0.726073483746068,"KW"
"16S","Plastic level","kw","16S | Plastic level","bcba47620c299fd34809f143e3d26dff","Sphingomonas",NA,0.190303378131261,0.663681682714784,0.720553502355417,"KW"
"16S","Plastic level","kw","16S | Plastic level","16da9716b4d7c3c9c904f3f799d67dfe","Comamonas",NA,0.191346388232108,0.668477355887014,0.718179730908357,"KW"
"16S","Plastic level","kw","16S | Plastic level","02b4cbe5c2955ab2f66dc82cdf6dad64","Aquabacterium",NA,0.194310380601927,0.662246273490374,0.711503997559187,"KW"
"16S","Plastic level","kw","16S | Plastic level","b701af8d98ca714dab16ab6724bb631a","Galbitalea",NA,0.196672360896994,0.668428410049947,0.706256668821537,"KW"
"16S","Plastic level","kw","16S | Plastic level","7303c7950d30d98f6084c7e1e4c54ea1","Nodosilinea",NA,0.19846061274603,0.671714629801122,0.702325672096697,"KW"
"16S","Plastic level","kw","16S | Plastic level","cec149633e0b0da85f255e25176e291b","BD1-7 clade",NA,0.198697853693723,0.665868599474499,0.701806824052777,"KW"
"16S","Plastic level","kw","16S | Plastic level","99be950acd04b1895e6a527e017fcfcc","Schlesneriaceae Family",NA,0.199106504110584,0.67092488665073,0.700914552864608,"KW"
"16S","Plastic level","kw","16S | Plastic level","2d2cfe3970153f65df6fb6d1a6da95cf","Chitinophagaceae Family",NA,0.200220075340585,0.662176922704107,0.698492379541355,"KW"
"16S","Plastic level","kw","16S | Plastic level","de12a9a4b8be3995816194f3492ff412","Singulisphaera",NA,0.208273756273704,0.669954060170126,0.681365450280585,"KW"
"16S","Plastic level","kw","16S | Plastic level","7017030b94462f54ca0141f11f705833","Dankookia",NA,0.212738053393179,0.664148429526003,0.672154818980609,"KW"
"16S","Plastic level","kw","16S | Plastic level","1e8f19b66fc4e38497f12df420b9b9c2","Armatimonadaceae Family",NA,0.217727210832715,0.669272021927602,0.662087290866998,"KW"
"16S","Plastic level","kw","16S | Plastic level","103ad5940ac3b635fa0afe4680cbc582","Leptothrix",NA,0.218188652512242,0.665059342855154,0.661167839813055,"KW"
"16S","Plastic level","kw","16S | Plastic level","241dabd4901db50f657e8e9e90977528","Oligoflexaceae Family",NA,0.218602184183987,0.673322710601223,0.660345503071063,"KW"
"16S","Plastic level","kw","16S | Plastic level","20131a80db0e23231a47f48b6e8d84e5","Chryseotalea",NA,0.219892756444761,0.662518196961192,0.657789076632312,"KW"
"16S","Plastic level","kw","16S | Plastic level","47c12b61c90c5033a1bb474f6c7ae154","LD29",NA,0.220350637097695,0.675117386230989,0.656885689480754,"KW"
"16S","Plastic level","kw","16S | Plastic level","3fd07b98dedfbc282868e5061f99eb3e","Bryobacter",NA,0.225074451039978,0.669880385740728,0.647673800433026,"KW"
"16S","Plastic level","kw","16S | Plastic level","328990122454db415c3696781e42778f","Phormidesmis",NA,0.229852233556804,0.680244332304021,0.638551271697521,"KW"
"16S","Plastic level","kw","16S | Plastic level","4c8af99c818f9f3fce6233dc6b620f01","BIrii41 Family",NA,0.237261436280168,0.671481863977531,0.624772844891533,"KW"
"16S","Plastic level","kw","16S | Plastic level","8dbea74199a72e0818e216805ece0809","Kovacikia",NA,0.245646613968823,0.681246884721802,0.609689217870664,"KW"
"16S","Plastic level","kw","16S | Plastic level","9e36c8c025b5170a2b5af14dc13bf3bf","Eremiobacteria Class",NA,0.247957674331829,0.674250911271052,0.605622445677417,"KW"
"16S","Plastic level","kw","16S | Plastic level","5b0ea816844ee100d8129cde55883d46","Pseudanabaena",NA,0.251560793100437,0.668793491057861,0.599357044732962,"KW"
"16S","Plastic level","kw","16S | Plastic level","5be491873223df43c1b561078e5eba93","Methylibium",NA,0.251845174696723,0.678147215226891,0.598866365722141,"KW"
"16S","Plastic level","kw","16S | Plastic level","93522be911c0a10ef2cabf936ee5d2b5","PeM15 Order",NA,0.252341498198656,0.681383590731238,0.598011322781331,"KW"
"16S","Plastic level","kw","16S | Plastic level","f9431bfa2ecf5582f3368530f500f360","Cephaloticoccus",NA,0.252657628287458,0.676277720875303,0.597467584925705,"KW"
"16S","Plastic level","kw","16S | Plastic level","34ec42044c0d886b375a356f164f6bd3","Methylorosula",NA,0.253810965364839,0.681053368807421,0.595489619063339,"KW"
"16S","Plastic level","kw","16S | Plastic level","396bbebd81d93d6c824d49cc652eb76a","Flavipsychrobacter",NA,0.256725610212736,0.684322574346,0.590530805191879,"KW"
"16S","Plastic level","kw","16S | Plastic level","e8d79105228061b51c142e647eec6c36","Candidatus Captivus",NA,0.257176096393993,0.69127803694203,0.589769400003723,"KW"
"16S","Plastic level","kw","16S | Plastic level","76a12bde0263c31c5275292cb5b1d6f2","Roseococcus",NA,0.258260823482522,0.678930406654244,0.587941468529603,"KW"
"16S","Plastic level","kw","16S | Plastic level","8d4b51998b3310a1e96483dae8166a38","Candidatus Ovatusbacter",NA,0.259711910769919,0.687494066022345,0.585508132530753,"KW"
"16S","Plastic level","kw","16S | Plastic level","b5f65cf6b74d1335f56422b303989e07","Fibrella",NA,0.26070450942366,0.681418540791303,0.583851456745462,"KW"
"16S","Plastic level","kw","16S | Plastic level","8df5a5aaa4151285e928fba5be95a4d3","Rubrivivax",NA,0.261900598867828,0.673795780454073,0.581863508506056,"KW"
"16S","Plastic level","kw","16S | Plastic level","edb114398ced5bf958f4f404493a6642","Haliscomenobacter",NA,0.26400569796381,0.680106711814929,0.578386699768288,"KW"
"16S","Plastic level","kw","16S | Plastic level","0d9a85a8f16a66d5dc0e5eacea0c4d39","Candidatus Paracaedibacter",NA,0.26483093558969,0.676522515068794,0.577031285202245,"KW"
"16S","Plastic level","kw","16S | Plastic level","37762c5e9b1d5a5233d6caeef3660d6a","Microtrichales Order",NA,0.270456482254052,0.687197632286192,0.567902605002366,"KW"
"16S","Plastic level","kw","16S | Plastic level","57cc612b2c98b7bf0b8ceb6b41156098","Nitrosomonadaceae Family",NA,0.271168769393712,0.683135899003469,0.566760329779131,"KW"
"16S","Plastic level","kw","16S | Plastic level","5c63b3749641851b368c8a181ddf1180","Xanthobacteraceae Family",NA,0.272638108520743,0.702584665384177,0.564413439904348,"KW"
"16S","Plastic level","kw","16S | Plastic level","f34cdcd73e535507d29c29b19d01f658","Rhodoferax",NA,0.275315586661932,0.674577878337079,0.560169200849134,"KW"
"16S","Plastic level","kw","16S | Plastic level","78e76042551994989f474c9e375777f0","ATX-6F1",NA,0.285425413468351,0.686049684580488,0.544507361152318,"KW"
"16S","Plastic level","kw","16S | Plastic level","209d2a7b32e4fd9500896c1910760c01","Paludibaculum",NA,0.286001284065943,0.680692841744686,0.543632017005568,"KW"
"16S","Plastic level","kw","16S | Plastic level","56483f8000e7a15a0ef8932e02cff7c4","Micavibrionales Order",NA,0.289247687168518,0.681941282807087,0.53873010499148,"KW"
"16S","Plastic level","kw","16S | Plastic level","166d98cd5b2fe92492ab4531eba83f4d","Aggregatilineaceae Family",NA,0.289475206966279,0.681737101414955,0.538388626889323,"KW"
"16S","Plastic level","kw","16S | Plastic level","a88f20e5316581a013745e290c1b0fe3","Terrimicrobium",NA,0.290068212452949,0.682909287845533,0.537499861382373,"KW"
"16S","Plastic level","kw","16S | Plastic level","fa96cbd7b2df953f48e159b78c51527d","Brevundimonas",NA,0.291571745153657,0.690296040136105,0.535254563750474,"KW"
"16S","Plastic level","kw","16S | Plastic level","790d6e02538d0700ac71d369d24e6b1b","Aquicella",NA,0.29543615273044,0.691033957693358,0.529536360849968,"KW"
"16S","Plastic level","kw","16S | Plastic level","5ef8ac97132e326623e1522494b53da4","Ferruginibacter",NA,0.295694970915372,0.682329578275806,0.529156061751448,"KW"
"16S","Plastic level","kw","16S | Plastic level","62b0bf21cce919c492e653ba630b9ea5","Undibacterium",NA,0.297845794173413,0.689337412619776,0.526008528115665,"KW"
"16S","Plastic level","kw","16S | Plastic level","b9d1eafd559101a9e489b66e22a60d10","Microcystaceae Family",NA,0.298326658529045,0.699414719374288,0.525307936263302,"KW"
"16S","Plastic level","kw","16S | Plastic level","3ed9b5dbe1ffe3a29b951fa8bc5fc2c8","Methylobacterium",NA,0.298960236132889,0.691128090482447,0.524386572132027,"KW"
"16S","Plastic level","kw","16S | Plastic level","0de2768e56408332050e94db50b132bc","Ilumatobacteraceae Family",NA,0.29912799096241,0.711706285992674,0.524142945872945,"KW"
"16S","Plastic level","kw","16S | Plastic level","7148f89a064752c2b79f8b43fcfdf028","Rickettsiellaceae Family",NA,0.309686327849566,0.695068836246662,0.509077967618861,"KW"
"16S","Plastic level","kw","16S | Plastic level","5904ccb9b6ba59aaefedb22379ee4f15","Tundrisphaera",NA,0.312056962467107,0.693985116153668,0.50576612320227,"KW"
"16S","Plastic level","kw","16S | Plastic level","5a0ae6a10829f1b6d01debcce81fa0c6","Bosea",NA,0.314615715343785,0.695671726268164,0.502219587762877,"KW"
"16S","Plastic level","kw","16S | Plastic level","5183d97b2862d0ab4cacfd081ab5d0fe","Candidatus Megaira",NA,0.316198734900979,0.706710126366751,0.500039871995912,"KW"
"16S","Plastic level","kw","16S | Plastic level","6cc3d9a85641e773e9dc4fcb97e40bea","Massilia",NA,0.318449620608796,0.687581634143252,0.496959264183265,"KW"
"16S","Plastic level","kw","16S | Plastic level","500fb8b8ee8585ac51166621f12ba6c1","Spirosomataceae Family",NA,0.321753542653276,0.693479877642115,0.492476662616897,"KW"
"16S","Plastic level","kw","16S | Plastic level","fb9358e4192b4e3fb1a6210327ee6ff2","Parablastomonas",NA,0.322387776226045,0.697077527791908,0.491621433424699,"KW"
"16S","Plastic level","kw","16S | Plastic level","9e894a389bedef48600cba1f91ae7d04","Roseomonas",NA,0.326265389301025,0.700745224412583,0.486428994348254,"KW"
"16S","Plastic level","kw","16S | Plastic level","2b3241e445043d858344b89771fad5ae","Steroidobacteraceae Family",NA,0.327909646358272,0.711234895940307,0.484245807183802,"KW"
"16S","Plastic level","kw","16S | Plastic level","e0e3a2245c99b56fb9a53398f99c7b5c","Neisseriaceae Family",NA,0.328114734836039,0.716230799241726,0.483974266065358,"KW"
"16S","Plastic level","kw","16S | Plastic level","7bd2131216dd6bd467970699d35a617b","Roseicella",NA,0.330012640635858,0.704382278655457,0.4814694248092,"KW"
"16S","Plastic level","kw","16S | Plastic level","ca54ea6d690a8ca9296414e2f6c2b65a","Pseudohalocynthiibacter",NA,0.335736370124353,0.705702898391445,0.474001609336642,"KW"
"16S","Plastic level","kw","16S | Plastic level","5d1b55132572f8e58f91bea83dabcf76","Phreatobacter",NA,0.337785316282031,0.695646731361526,0.471359233380442,"KW"
"16S","Plastic level","kw","16S | Plastic level","8bb2644d07ddab844c3ce80e74d8bba2","Pedosphaeraceae Family",NA,0.338270463445477,0.694533722143166,0.470735921581383,"KW"
"16S","Plastic level","kw","16S | Plastic level","92d53dbcf18e8b0d7ac36b3a48166638","Caulobacteraceae Family",NA,0.338482070049288,0.698293471856653,0.470464331660944,"KW"
"16S","Plastic level","kw","16S | Plastic level","b729ad8da2a687ffd0fd5cc6f2fe3736","Drouetiella",NA,0.341702312492494,0.703397121251716,0.466352082075304,"KW"
"16S","Plastic level","kw","16S | Plastic level","48a872479d46e959a4c8cd2016bc0bdc","Anagnostidinema",NA,0.344771278891387,0.71233773824026,0.462468920163213,"KW"
"16S","Plastic level","kw","16S | Plastic level","47f280a62d3cbe2edbfada40370a17d4","Caedibacter",NA,0.34684148065903,0.716379799565712,0.45986896845063,"KW"
"16S","Plastic level","kw","16S | Plastic level","9b3becce3e5841cf9cd818eda34e6f49","NS9 marine group Family",NA,0.346913534583822,0.71769233195139,0.459778756138325,"KW"
"16S","Plastic level","kw","16S | Plastic level","b744eae1244325f606575483df0de67e","Clade III Family",NA,0.347565405983733,0.715920557684897,0.458963456440959,"KW"
"16S","Plastic level","kw","16S | Plastic level","556c3d1034e2eec13db898aa075da658","Candidatus Jidaibacter",NA,0.347857877520048,0.705338910101303,0.458598157248835,"KW"
"16S","Plastic level","kw","16S | Plastic level","7f60fc3cb896896f7bdb1eca264a3682","CL500-3",NA,0.350230577081818,0.715224091141121,0.45564594026798,"KW"
"16S","Plastic level","kw","16S | Plastic level","2e63a346769e0a62350ceaec77aece4d","RS25G",NA,0.351279854340722,0.709776497261692,0.454346755985181,"KW"
"16S","Plastic level","kw","16S | Plastic level","3c0cdd40fd8071ed3f6adecf11b9c773","cvE6 Family",NA,0.356116007228167,0.725498289244904,0.448408504577304,"KW"
"16S","Plastic level","kw","16S | Plastic level","0742fb23302cfa34adb51a2634fe7219","Elsteraceae Family",NA,0.356856146658541,0.711987014671655,0.447506818349686,"KW"
"16S","Plastic level","kw","16S | Plastic level","3d5baff45729bf2214074c2e9f77ad10","Acinetobacter",NA,0.357001630311335,0.704807145951048,0.447329800600412,"KW"
"16S","Plastic level","kw","16S | Plastic level","1e31234f3abac84a6cee692d11823046","AKYH767 Family",NA,0.359655489670472,0.709962350925654,0.444113306375573,"KW"
"16S","Plastic level","kw","16S | Plastic level","88ce6cce0aa9121b8e8e254a487f6ac2","Cypionkella",NA,0.363222710445366,0.712906639067897,0.43982700510482,"KW"
"16S","Plastic level","kw","16S | Plastic level","c3048aecb79a329b4e6ff951035a5fca","Azospirillum",NA,0.366484054890901,0.715839403354257,0.435944916039327,"KW"
"16S","Plastic level","kw","16S | Plastic level","70aa67c9ba5ae917f70f89ea766f68ec","Pseudanabaenaceae_X",NA,0.36897613898559,0.719304346936867,0.433001717965472,"KW"
"16S","Plastic level","kw","16S | Plastic level","7a2f122fddae43a0010e633c008bc09b","Blfdi19 Order",NA,0.369340185803223,0.722047153740205,0.432573436667721,"KW"
"16S","Plastic level","kw","16S | Plastic level","9a7f96749fc3614a624e31996bd7b4d4","Vermiphilaceae Family",NA,0.371113541303311,0.711161874819952,0.430493198693491,"KW"
"16S","Plastic level","kw","16S | Plastic level","ecc089e109208b57062e5f8b85c312dc","Arcicella",NA,0.377347938066151,0.722795519266766,0.423258018771667,"KW"
"16S","Plastic level","kw","16S | Plastic level","129ef8665d470f7e31e3ddbdb6dd47b4","Oculatellaceae Family",NA,0.378767009161101,0.714382275799474,0.421627855337313,"KW"
"16S","Plastic level","kw","16S | Plastic level","3b50e9874fa67e04b49f5a59ecf0059a","Erythrobacter",NA,0.383470826328499,0.727286574057381,0.416267670688898,"KW"
"16S","Plastic level","kw","16S | Plastic level","f37fc1dccfeba0004cbeb4f1ad6083c6","Duganella",NA,0.384898821236803,0.737356084409726,0.414653418942135,"KW"
"16S","Plastic level","kw","16S | Plastic level","32181b006051d0c53a829c211710b508","AAP99",NA,0.391010125527785,0.734246055650815,0.407811996046831,"KW"
"16S","Plastic level","kw","16S | Plastic level","4902f0932539bec04c67444c8444ca7d","Labrys",NA,0.396723969936971,0.727420675775106,0.401511558797674,"KW"
"16S","Plastic level","kw","16S | Plastic level","dc9aa892ff2214c4219de36f009f5192","Candidatus Nitrosoarchaeum",NA,0.39675691738943,0.716078941131373,0.401475492656618,"KW"
"16S","Plastic level","kw","16S | Plastic level","0f4d251ebd2112cffb56099bc4772b0a","Burkholderiaceae Family",NA,0.398175266826944,0.739501763024704,0.399925720235735,"KW"
"16S","Plastic level","kw","16S | Plastic level","92886da043b3cfb88c385fc9b72752d5","Panacibacter",NA,0.400876035656774,0.730162264161385,0.396989905069263,"KW"
"16S","Plastic level","kw","16S | Plastic level","dc9e840c3957d353c56ad240a9df198a","Pajaroellobacter",NA,0.409048464466327,0.732720449328654,0.388225233304737,"KW"
"16S","Plastic level","kw","16S | Plastic level","40c85d461439d1c4c9fd3f3042cde320","Bacteriovorax",NA,0.409659207359541,0.747085131472528,0.387577279641387,"KW"
"16S","Plastic level","kw","16S | Plastic level","c3dc89741dfcf91fff80a6b385f9a10e","NS11-12 marine group Family",NA,0.411443796222437,0.735646897158976,0.385689481612179,"KW"
"16S","Plastic level","kw","16S | Plastic level","1d2e606796281040981e67f350b44a64","Telmatocola",NA,0.411547211522952,0.735347094659612,0.385580336568863,"KW"
"16S","Plastic level","kw","16S | Plastic level","79d376976c3bfb5e0a49c1f581b289c6","Sandaracinobacter",NA,0.417818471924263,0.739461759860592,0.379012363595918,"KW"
"16S","Plastic level","kw","16S | Plastic level","43ad65c5550ef797639b96d41f715aa6","Zavarziniales Order",NA,0.418477183791603,0.744073325050485,0.378328215624192,"KW"
"16S","Plastic level","kw","16S | Plastic level","ee0531c484ac5297d9cbab9c863209e1","vadinHA49 Class",NA,0.419400965825784,0.750148519524907,0.377370573745912,"KW"
"16S","Plastic level","kw","16S | Plastic level","9154b69a1b3c25aac8b21303f49e3458","Gaiellales Order",NA,0.419513159585599,0.748379775318637,0.377254411365029,"KW"
"16S","Plastic level","kw","16S | Plastic level","72d690501e343840c31a1f7abf932868","LiUU-11-161 Family",NA,0.426959831514245,0.744982692878764,0.36961298158457,"KW"
"16S","Plastic level","kw","16S | Plastic level","88dec76637d263b1cb35a6894485b0ff","Pseudoduganella",NA,0.427925560950871,0.750509805928322,0.368631771360504,"KW"
"16S","Plastic level","kw","16S | Plastic level","cc363a9ccd3549e646859ab1ffe9d460","Sandaracinus",NA,0.430948339397935,0.747456060954544,0.365574788445127,"KW"
"16S","Plastic level","kw","16S | Plastic level","56d37d5bf0c2169e087e1488886eefde","Oxalobacteraceae Family",NA,0.435323454215955,0.753099933309145,0.361187933434925,"KW"
"16S","Plastic level","kw","16S | Plastic level","571bd9d7ac39f0ce24aeda9319d55cb5","Tumidithrix",NA,0.435547575624557,0.74474034269866,0.360964399318286,"KW"
"16S","Plastic level","kw","16S | Plastic level","772ad1eb60ac8444ec6adcaf9e9777c7","Spirochaeta 2",NA,0.437166923419629,0.756119859608419,0.35935270472727,"KW"
"16S","Plastic level","kw","16S | Plastic level","dfa55444de9e265475ced8f630cda4a2","Aurantisolimonas",NA,0.439917129061831,0.753013338978397,0.356629127561205,"KW"
"16S","Plastic level","kw","16S | Plastic level","c91235968ea14ce60ae7e2fa8b3aadb4","Latescibacterota Phylum",NA,0.445073605037889,0.758825851834529,0.351568160663104,"KW"
"16S","Plastic level","kw","16S | Plastic level","31069a9174f49c8c680550635d1fc019","Schlesneria",NA,0.445178212039503,0.760313467480238,0.351466099105,"KW"
"16S","Plastic level","kw","16S | Plastic level","fb23b0ce92bbf8096506560aad696a3c","FukuN57",NA,0.44710652625543,0.759543855509086,0.34958899084314,"KW"
"16S","Plastic level","kw","16S | Plastic level","fc7b257064027e1bc2b6fbfb4584677d","Piscinibacter",NA,0.447620255526817,0.742784687166139,0.349090269184605,"KW"
"16S","Plastic level","kw","16S | Plastic level","4ece9bc18568cfaeb4b26ec23189b235","Candidatus Nomurabacteria Order",NA,0.447639934919105,0.756255765795848,0.349071176072746,"KW"
"16S","Plastic level","kw","16S | Plastic level","5de27febf2c3146c05611c279e97767b","Cyanobium",NA,0.448277362200685,0.750854485087774,0.348453192250789,"KW"
"16S","Plastic level","kw","16S | Plastic level","1218881a7c5a7c49ba20eec9fd2c8822","Anthocerotibacter",NA,0.449614341512235,0.74871724724216,0.347159844368957,"KW"
"16S","Plastic level","kw","16S | Plastic level","a57958824ad97eadb0a357c50770c8d7","Microscillaceae Family",NA,0.462126828831787,0.763206638143869,0.335238817728046,"KW"
"16S","Plastic level","kw","16S | Plastic level","de4fb5f27f3279ca75cdbd5ce5fdf150","Bdellovibrio",NA,0.466785710703235,0.766845669675214,0.330882447094791,"KW"
"16S","Plastic level","kw","16S | Plastic level","16924c7ae16d36848dc5c138994d0c24","Prosthecomicrobium",NA,0.466973246833386,0.765858427241804,0.330707999702518,"KW"
"16S","Plastic level","kw","16S | Plastic level","f5fcac3487bfbd63f00447c55c4555df","Rubritepida",NA,0.467363099715598,0.764342137860601,0.330345579968019,"KW"
"16S","Plastic level","kw","16S | Plastic level","0b36c352632cb1346cdc7d73f9fb376c","Pseudomonas",NA,0.469105961884189,0.757947035386327,0.328729047553904,"KW"
"16S","Plastic level","kw","16S | Plastic level","99e5a1f89bd0985c7232e7288b0bbb0c","Mycobacterium",NA,0.46985710082577,0.764344095361435,0.328034205381696,"KW"
"16S","Plastic level","kw","16S | Plastic level","102fc16adc262f00c457357b35540be5","Rubinisphaeraceae Family",NA,0.470070441208275,0.76046473886255,0.327837057094543,"KW"
"16S","Plastic level","kw","16S | Plastic level","c50bb8c04b551636fe52a1b7031a0539","Candidatus Hepatincola",NA,0.474858840651593,0.769136973351022,0.323435472137412,"KW"
"16S","Plastic level","kw","16S | Plastic level","a35b1f2a858f1866a74bd44a6cb85784","Pseudobdellovibrio",NA,0.476171065058824,0.767114727609213,0.322236998404217,"KW"
"16S","Plastic level","kw","16S | Plastic level","c4e72b68a0138eb7ed4ec9390f496838","Luteolibacter",NA,0.476893157820118,0.755579888067792,0.321578908520806,"KW"
"16S","Plastic level","kw","16S | Plastic level","800c01f333327cd99370115d8c568cc4","Elsterales Order",NA,0.479651137329011,0.763660490900905,0.319074521411608,"KW"
"16S","Plastic level","kw","16S | Plastic level","ad9cc38b5ccf51413138567ba4f60b42","Babeliales Order",NA,0.482751376244919,0.765882059803549,0.316276479444534,"KW"
"16S","Plastic level","kw","16S | Plastic level","dd3a124e0f04306cf546df311a52b727","Cupriavidus",NA,0.484961228907941,0.775669475359451,0.314292980458346,"KW"
"16S","Plastic level","kw","16S | Plastic level","cad8cc3e7647d51e614b099398538e4d","Saprospiraceae Family",NA,0.492171858073793,0.768950182975516,0.307883222475299,"KW"
"16S","Plastic level","kw","16S | Plastic level","3b9a640a2fb04ef04b82b218fc1fb455","Fimbriiglobus",NA,0.495916422853897,0.770674036856001,0.304591509299684,"KW"
"16S","Plastic level","kw","16S | Plastic level","d9185cd2c4662f23beec3a45566ac011","Vampirovibrio",NA,0.497550696115243,0.782285185312274,0.303162661809929,"KW"
"16S","Plastic level","kw","16S | Plastic level","bf3b4b4bf538492f1914764540264416","UBA12411",NA,0.499521972949919,0.784635101433205,0.301445403291822,"KW"
"16S","Plastic level","kw","16S | Plastic level","c6275d6373d2bb6304760cb609f54f68","Simkaniaceae Family",NA,0.500002790012465,0.77660532175666,0.301027572296706,"KW"
"16S","Plastic level","kw","16S | Plastic level","a91b39697a72026c7808ccdb3c838783","Phenylobacterium",NA,0.503475820969838,0.775834850922552,0.298021381260353,"KW"
"16S","Plastic level","kw","16S | Plastic level","319a2feea6f238009b24e78f87094ed6","Hyphomicrobium",NA,0.505746637305268,0.768453042086889,0.296066996158979,"KW"
"16S","Plastic level","kw","16S | Plastic level","cc2ac44f727710c9fb988fc57d9efce9","Hymenobacter",NA,0.506030152281196,0.776224315398779,0.295823604545192,"KW"
"16S","Plastic level","kw","16S | Plastic level","fca1ed7792b0c80cd00c60203ba400e8","Flavobacterium",NA,0.506387276794098,0.774548618630795,0.295517214695937,"KW"
"16S","Plastic level","kw","16S | Plastic level","78138acfd5cdc5f744db1dc70f3860f6","Candidatus Finniella",NA,0.506428874967104,0.783359621849178,0.295481540191789,"KW"
"16S","Plastic level","kw","16S | Plastic level","43f8d1ced946461f54ea0b5b7001d5d6","Microbacteriaceae Family",NA,0.511247512894086,0.775568545609721,0.291368791725925,"KW"
"16S","Plastic level","kw","16S | Plastic level","ebb58c2ffbbb54748fa6385f9d3224df","Sphingomonadaceae Family",NA,0.511289016911597,0.778858476927089,0.291333536328653,"KW"
"16S","Plastic level","kw","16S | Plastic level","ef24d427e3b1d810ed78fd31347e4252","Acetobacteraceae Family",NA,0.512101359531814,0.77886146028854,0.290644071194737,"KW"
"16S","Plastic level","kw","16S | Plastic level","3067f2c7606dcdd91e7f2803033e82b7","Silvanigrellaceae Family",NA,0.51430846595548,0.782039770632282,0.288776326762931,"KW"
"16S","Plastic level","kw","16S | Plastic level","401adf0cdad34aba7247e3d064b18761","Parcubacteria Class",NA,0.517970410602135,0.789133083659494,0.285695048901978,"KW"
"16S","Plastic level","kw","16S | Plastic level","2e193e82e7000acd47ce00bdd77ed4e0","Aurantimicrobium",NA,0.519061830149865,0.786778563015261,0.284780906325884,"KW"
"16S","Plastic level","kw","16S | Plastic level","6fe87766640a9d263738190ba1ebd501","Beijerinckiaceae Family",NA,0.522152909603505,0.786138275996546,0.282202297625124,"KW"
"16S","Plastic level","kw","16S | Plastic level","3505278bbef674c198e14875912fa8e5","Nocardioides",NA,0.527262107556726,0.791047396925328,0.277973438739349,"KW"
"16S","Plastic level","kw","16S | Plastic level","cb5268128d9112a2b23b6ad5a045483b","Hyphomonadaceae Family",NA,0.528749393812325,0.781219435181393,0.276750117515933,"KW"
"16S","Plastic level","kw","16S | Plastic level","76363618e6a55a0556fa9cdda32b9519","Ellin6067",NA,0.52892656069372,0.789046481691129,0.276604623805204,"KW"
"16S","Plastic level","kw","16S | Plastic level","63820f46e57cedc43bc2049e9ec55c90","Leptospira",NA,0.529017651941463,0.794565651437973,0.276529836447099,"KW"
"16S","Plastic level","kw","16S | Plastic level","89029fb4ef1efbab0f2467710364571b","Heliimonas",NA,0.529392715996067,0.792143653780431,0.276222038524805,"KW"
"16S","Plastic level","kw","16S | Plastic level","8f0fb68673a8b3c26f3fd210e29b7916","Clostridium",NA,0.532456765714205,0.793423162000604,0.273715650187873,"KW"
"16S","Plastic level","kw","16S | Plastic level","29c3028f4104673553ebe4ece3aabf21","Limnobacter",NA,0.533659824276679,0.78527091950015,0.272735491128779,"KW"
"16S","Plastic level","kw","16S | Plastic level","84e1f74b7363f0321d0df8986283c5fa","Nannocystis",NA,0.53490144662839,0.793958353911796,0.271726227564176,"KW"
"16S","Plastic level","kw","16S | Plastic level","01e7f9814849bf1e4a5ce63fb0d4b61a","Shackletoniella",NA,0.535424001778176,0.791843430945952,0.271302164329183,"KW"
"16S","Plastic level","kw","16S | Plastic level","60b68eea1e4bbbe14572067b57a0c753","WD2101 soil group Family",NA,0.538098833692067,0.789116362881434,0.269137949268593,"KW"
"16S","Plastic level","kw","16S | Plastic level","9c6bfe2447c81e9619ca16b7b5637bd4","Berkelbacteria Class",NA,0.538211996710728,0.796320334758224,0.269046626068356,"KW"
"16S","Plastic level","kw","16S | Plastic level","14716609a6cdc788d854c017e33c8de5","FukuN18 freshwater group",NA,0.538725286406484,0.792554863607445,0.268632639287772,"KW"
"16S","Plastic level","kw","16S | Plastic level","4cc4b29377ee6ec98f96b6515545578b","IMCC26134",NA,0.539953499279065,0.791487445081508,0.267643639947545,"KW"
"16S","Plastic level","kw","16S | Plastic level","b072d941e9760e0f31dabea3f54dabb4","Hirschia",NA,0.539976565513253,0.790234597561246,0.267625087749482,"KW"
"16S","Plastic level","kw","16S | Plastic level","a1fffdb754ecea6af7b515501bf9e232","Aphanothece",NA,0.540203639223141,0.793302731370451,0.267442494400318,"KW"
"16S","Plastic level","kw","16S | Plastic level","949a525dcd53e0d62b3da8c15a35ac5e","Paludibacter",NA,0.54313052482118,0.797256465935229,0.265095788463372,"KW"
"16S","Plastic level","kw","16S | Plastic level","b614aa73dcac429073adbec49672ac44","Leptolyngbyaceae_XXXX",NA,0.543934402792241,0.798657861546514,0.264453472035482,"KW"
"16S","Plastic level","kw","16S | Plastic level","f25431c3f182a7b76f3027ad1fce6195","Opitutus",NA,0.545484034624911,0.794042964441643,0.263217955938645,"KW"
"16S","Plastic level","kw","16S | Plastic level","a56647b812e192e97e47e0da77055c02","Diplosphaera",NA,0.546563330749203,0.798433127459944,0.262359508734617,"KW"
"16S","Plastic level","kw","16S | Plastic level","6c97e8ef8111a95d1a19517807aeef52","Parasediminibacterium",NA,0.546830911429337,0.796702862396615,0.262146943475567,"KW"
"16S","Plastic level","kw","16S | Plastic level","429892ba65ebd90b3d48c94df9305f3e","IMCC26207",NA,0.560136190588682,0.801417428826451,0.251706366511409,"KW"
"16S","Plastic level","kw","16S | Plastic level","0037bf46a14f07d53a962544a41810f3","Mucilaginibacter",NA,0.561291609801787,0.804238776594517,0.250811449574413,"KW"
"16S","Plastic level","kw","16S | Plastic level","254cd54eaf0e7301dc9d0c9e2dc53710","Nodosilineaceae Family",NA,0.563619936784243,0.806768178823727,0.249013653103054,"KW"
"16S","Plastic level","kw","16S | Plastic level","e26db37c4ad54c925f2499f30f8f8837","Alsobacter",NA,0.563640371293373,0.799201802520143,0.24899790768118,"KW"
"16S","Plastic level","kw","16S | Plastic level","ff98ab846c8f29e5e5f5cce385b28a7b","R7C24 Order",NA,0.564189879579133,0.805413476029887,0.248574708471964,"KW"
"16S","Plastic level","kw","16S | Plastic level","fd230d8df249293cce9223b0e5bf91aa","Legionella",NA,0.569372948566334,0.802329670609945,0.244603170430107,"KW"
"16S","Plastic level","kw","16S | Plastic level","32dd60b013160e742b295c60b010be0f","KD4-96 Class",NA,0.571331447236943,0.811417538802042,0.243111870835995,"KW"
"16S","Plastic level","kw","16S | Plastic level","57b92326c77017ea2f2bda05f0b71a66","Armatimonas",NA,0.575269006086999,0.81005724250473,0.240129023937284,"KW"
"16S","Plastic level","kw","16S | Plastic level","f88e53f96b3a55d335863da8e5aca730","Amoebophilaceae Family",NA,0.575631578918244,0.809496768133964,0.23985538886027,"KW"
"16S","Plastic level","kw","16S | Plastic level","26915c3209ae35ef27dd02617e8d7d91","Sphingorhabdus",NA,0.575673834426766,0.807229440792052,0.239823509683856,"KW"
"16S","Plastic level","kw","16S | Plastic level","5bf4a36e5d700bb19dec3ad7c835c355","Myxococcaceae Family",NA,0.576426996625359,0.811192022445555,0.23925568745058,"KW"
"16S","Plastic level","kw","16S | Plastic level","51b9a2e379c2555a3774ef13e9aac08d","alphaI cluster",NA,0.579049999488574,0.807715339527405,0.237283934434113,"KW"
"16S","Plastic level","kw","16S | Plastic level","41b31e5157b8f7cc4a97f75ffd2721c2","Ephemeroptericola",NA,0.579282713410403,0.812356356712395,0.237109431249758,"KW"
"16S","Plastic level","kw","16S | Plastic level","7d74b9425e04821baca8cb198ac1c948","Fimbriimonadaceae Family",NA,0.586230695802253,0.81355997094398,0.231931445077871,"KW"
"16S","Plastic level","kw","16S | Plastic level","68cc1c14334c3d28d71d66a14031bf33","SWB02",NA,0.586445453149714,0.811204447184774,0.231772376554005,"KW"
"16S","Plastic level","kw","16S | Plastic level","4fa0edb1063f6c788fa84e17827ebbca","Paracoccaceae Family",NA,0.587368254312644,0.811753271392404,0.231089529637207,"KW"
"16S","Plastic level","kw","16S | Plastic level","63db7f6c50a12ccc802939fa69051820","P3OB-42",NA,0.589388329024372,0.815466125130435,0.229598468232442,"KW"
"16S","Plastic level","kw","16S | Plastic level","f04a2d7063257d451dee16f014b55e63","Snowella",NA,0.597489525531417,0.817626602640788,0.223669703842218,"KW"
"16S","Plastic level","kw","16S | Plastic level","e9307278210409536f907f7fd741e075","Gemmatimonas",NA,0.599261604449617,0.817168219482321,0.222383547282398,"KW"
"16S","Plastic level","kw","16S | Plastic level","3d732176e8411901adecee466e9f98f3","Chthonomonas",NA,0.60099532423246,0.823793914481917,0.221128906812469,"KW"
"16S","Plastic level","kw","16S | Plastic level","d546fdb0401f165c76892bf91b0d467b","Pegethrix",NA,0.609848440518099,0.825061183258187,0.214778082407204,"KW"
"16S","Plastic level","kw","16S | Plastic level","5750c52ff8a6d630568878d3c75f5719","Rhodovastum",NA,0.612096480671192,0.826310435183439,0.213180117526585,"KW"
"16S","Plastic level","kw","16S | Plastic level","bf9a8801c54bb6e455943138aaac2268","SH3-11",NA,0.619042903389356,0.827406861966037,0.208279250722114,"KW"
"16S","Plastic level","kw","16S | Plastic level","fdf2172092b65ce788eb6249417abff4","Verrucomicrobiaceae Family",NA,0.624882982024528,0.829961918310634,0.204201302686536,"KW"
"16S","Plastic level","kw","16S | Plastic level","0a5fa958ab625e8cba8506db0416b1f7","Reyranella",NA,0.626600888206784,0.833592854311508,0.203008993841432,"KW"
"16S","Plastic level","kw","16S | Plastic level","23b1bba87afc0a8c4e389513c03080fa","Zavarzinella",NA,0.629525599184731,0.834708203684699,0.200986604938767,"KW"
"16S","Plastic level","kw","16S | Plastic level","7b7595f9b76cf1c37a9b7943d54f75c2","Cryobacterium",NA,0.636392435732493,0.835527928075216,0.19627499109202,"KW"
"16S","Plastic level","kw","16S | Plastic level","dd1eab022bc2139c01059fea8516397a","Candidatus-Aurora",NA,0.636947114102159,0.838579407944726,0.195896625760565,"KW"
"16S","Plastic level","kw","16S | Plastic level","712acd7ca4d797b6a3d45445f853a63d","Rudanella",NA,0.637087945659187,0.836511530155798,0.195800612125971,"KW"
"16S","Plastic level","kw","16S | Plastic level","794fea1efb1825bf0a088dd1c923bca0","Candidatus Amoebophilus",NA,0.640347658933301,0.83857302256027,0.193584173888022,"KW"
"16S","Plastic level","kw","16S | Plastic level","41ed57b340770fd925d1a9676354e936","Alphaproteobacteria Class",NA,0.650472487027372,0.842346707357452,0.186771068026125,"KW"
"16S","Plastic level","kw","16S | Plastic level","8d32cb7d685931e9669b78d2cde217c5","Polymorphobacter",NA,0.657202442302986,0.844756829600543,0.182300831304019,"KW"
"16S","Plastic level","kw","16S | Plastic level","a82ada36ab7325db059b1aacf512d5a4","Lewinella",NA,0.659217220426818,0.848157527587238,0.180971456288701,"KW"
"16S","Plastic level","kw","16S | Plastic level","279ec18ace7a45fb812a87c1452ae4c7","Peredibacter",NA,0.665248397046942,0.851094536384195,0.177016163232052,"KW"
"16S","Plastic level","kw","16S | Plastic level","ca61a8ea13943524f0f63090b66d787e","Planctopirus",NA,0.665638226219499,0.850333986662694,0.176761745371944,"KW"
"16S","Plastic level","kw","16S | Plastic level","ff66b771cf24ac801cd8e74b446791a6","CL500-29 marine group",NA,0.667983297019589,0.850999372070956,0.175234396959958,"KW"
"16S","Plastic level","kw","16S | Plastic level","2ca2d98e0489dc0314d8c79541be9115","Emticicia",NA,0.668862866615384,0.851916015533265,0.174662914185926,"KW"
"16S","Plastic level","kw","16S | Plastic level","0cb099504ddb3eb59ceeb71e37b6ff2f","Cytophaga",NA,0.672119380454881,0.853099870564646,0.172553581606718,"KW"
"16S","Plastic level","kw","16S | Plastic level","01b68a73918ddbeb33c8a52479d04cc9","Cereibacter",NA,0.673600711134606,0.854206704822248,0.171597463014238,"KW"
"16S","Plastic level","kw","16S | Plastic level","b2e60e821619cb52dbe5cacdd38b9822","Pseudobdellovibrionaceae Family",NA,0.67671336097424,0.854897213861132,0.169595248756516,"KW"
"16S","Plastic level","kw","16S | Plastic level","c1257c13f0ecbb063f158ce4ef64b383","SM2D12 Family",NA,0.683184329248982,0.860248627817186,0.165462103968272,"KW"
"16S","Plastic level","kw","16S | Plastic level","047550cce45394b8a9ff92a5c2e8ecf4","Haliangiaceae Family",NA,0.683756875891488,0.85747701786239,0.1650982933507,"KW"
"16S","Plastic level","kw","16S | Plastic level","f01b615fee6603378902ce47bbfce504","Hyphomicrobiaceae Family",NA,0.686903134016213,0.862696413705736,0.163104502137407,"KW"
"16S","Plastic level","kw","16S | Plastic level","4b654cb5174aaa9d81cff579e73716ea","UKL13-1",NA,0.693441588673239,0.86293207370403,0.158990115391381,"KW"
"16S","Plastic level","kw","16S | Plastic level","110a6a7f9cfd3354371c9f07e1901863","0319-6G20 Order",NA,0.693775821167555,0.86203883434375,0.158780839859322,"KW"
"16S","Plastic level","kw","16S | Plastic level","c592556e045456a6544b20cee68cc1e1","Gemmatimonadaceae Family",NA,0.698642511709428,0.866123072115049,0.155744991502417,"KW"
"16S","Plastic level","kw","16S | Plastic level","55fba7b4dd6e9303c85c5a54e0251df2","Pirellulaceae Family",NA,0.701321797424572,0.866960426112925,0.154082662806482,"KW"
"16S","Plastic level","kw","16S | Plastic level","d31ad72aeb14ee971ee067a2333cf290","Nevskia",NA,0.703522209848697,0.86822059612247,0.152722187550518,"KW"
"16S","Plastic level","kw","16S | Plastic level","481de4037ed3f3bcf51b47e548dcbd9e","Novosphingobium",NA,0.708244963138596,0.873422820447727,0.1498165053905,"KW"
"16S","Plastic level","kw","16S | Plastic level","5d5986ea5805e6efd33ec1289855180d","Gemmataceae Family",NA,0.710463014086916,0.869858791906124,0.148458526034975,"KW"
"16S","Plastic level","kw","16S | Plastic level","4c06bb79b0e22b616bf426c36315a839","Sumerlaea",NA,0.711601995955372,0.872066969460789,0.147762842444228,"KW"
"16S","Plastic level","kw","16S | Plastic level","36097ef26957ce4fdd7a71fe7f7cb7af","Candidatus-Obscuribacter",NA,0.712124268152662,0.872129512074197,0.147444213857783,"KW"
"16S","Plastic level","kw","16S | Plastic level","2b7ca6b5f534b9b23692f2330e266ec4","Subgroup 2 Order",NA,0.712235182316124,0.87092287255016,0.147376577266137,"KW"
"16S","Plastic level","kw","16S | Plastic level","1c759c819b9899b67bdd08c4f3b36f8a","Holosporaceae Family",NA,0.714595253256572,0.871877854033359,0.145939872952113,"KW"
"16S","Plastic level","kw","16S | Plastic level","a1b8a3d533fc1264a049fa2e9aea856d","Verrucomicrobium",NA,0.720942959293069,0.877260167181752,0.142099095120005,"KW"
"16S","Plastic level","kw","16S | Plastic level","7876a5906e5be58d068237cd0b6ebb3c","Acidibacter",NA,0.731496910269512,0.88125035368599,0.135787503927919,"KW"
"16S","Plastic level","kw","16S | Plastic level","535d90a8b6d18e5de86b35a5dc0e769f","Oculatellaceae_XX",NA,0.74298999109787,0.888520454543054,0.129017036630061,"KW"
"16S","Plastic level","kw","16S | Plastic level","546733f129f13d3c8ae26b851ef32380","SM1A02",NA,0.743337871229561,0.886497784576438,0.128813740401624,"KW"
"16S","Plastic level","kw","16S | Plastic level","655724c09214381456a8d7d80dae06a5","Inhella",NA,0.744162669492694,0.887509208929691,0.12833211990971,"KW"
"16S","Plastic level","kw","16S | Plastic level","1c2b8892a0d7f828d72808cd01cfd199","Devosia",NA,0.744904477234837,0.886347303521829,0.127899415398829,"KW"
"16S","Plastic level","kw","16S | Plastic level","96a7012f0fa9a9558b614f3e7db39b91","DSSD61",NA,0.752454389561132,0.890674579173826,0.123519819936449,"KW"
"16S","Plastic level","kw","16S | Plastic level","6c9f91b861ced47f136e2bf9b8b7a152","Leptolyngbyaceae Family",NA,0.763801839633917,0.893583102552181,0.11701929995341,"KW"
"16S","Plastic level","kw","16S | Plastic level","d8889747097266a8731c1a890e1378f2","Beggiatoaceae Family",NA,0.771494934337156,0.899077143721904,0.112666921184298,"KW"
"16S","Plastic level","kw","16S | Plastic level","d68f525366c1dfdc0984a90b89867e95","Longivirga",NA,0.77519455550045,0.900143638252644,0.110589286169385,"KW"
"16S","Plastic level","kw","16S | Plastic level","62b0b243d6b3b2b15948054bc600ff86","Roseiflexaceae Family",NA,0.79869757721022,0.912371897454481,0.0976176329655855,"KW"
"16S","Plastic level","kw","16S | Plastic level","d94a068f317cc9789c7cdb7ab4858ae5","Caulobacter",NA,0.802813556253478,0.915457858852414,0.0953853026564339,"KW"
"16S","Plastic level","kw","16S | Plastic level","1534d835530844cadeb26dc0c053a150","Methylacidiphilaceae Family",NA,0.808330920196521,0.916166891091831,0.0924108082930079,"KW"
"16S","Plastic level","kw","16S | Plastic level","d0c787f177dccc8f247649354da0273e","OM27 clade",NA,0.808639073427899,0.917042403077919,0.0922452773924768,"KW"
"16S","Plastic level","kw","16S | Plastic level","7e7deb01f0491d33ecb87427fcbeb1ee","Sediminibacterium",NA,0.80975181648965,0.918821393279106,0.0916480690781478,"KW"
"16S","Plastic level","kw","16S | Plastic level","f574db6bef285785a0be2afa96c81b03","Gemmata",NA,0.819636168625973,0.921336575606684,0.0863788854488589,"KW"
"16S","Plastic level","kw","16S | Plastic level","6945d94103ada823c2811f2b81c56ba0","Fuscovulum",NA,0.827292339853026,0.925257159989934,0.0823409969163855,"KW"
"16S","Plastic level","kw","16S | Plastic level","577ebeaa2ad9328aa33822532efb8b45","mle1-27 Order",NA,0.830023732321241,0.925237221253381,0.0809094899506631,"KW"
"16S","Plastic level","kw","16S | Plastic level","75be173a247f45982f4a2cb43413959e","Margulisbacteria Phylum",NA,0.836822176489093,0.929431188993191,0.0773668191565052,"KW"
"16S","Plastic level","kw","16S | Plastic level","48a7af65c55adc4dd66178efefb01ed9","Pirellula",NA,0.84384552201192,0.932173028241308,0.0737370499125186,"KW"
"16S","Plastic level","kw","16S | Plastic level","44a35eb59d737efb374c824f37927592","Phaselicystis",NA,0.857647324989814,0.937655663015961,0.0666912626153153,"KW"
"16S","Plastic level","kw","16S | Plastic level","5a21435514338a7ba55a469f6e66171d","Rhodocyclaceae Family",NA,0.861898098178054,0.941181549927635,0.0645440775801734,"KW"
"16S","Plastic level","kw","16S | Plastic level","107273e73071282e4d0f4a0b46548da5","Aeromonas",NA,0.86572468871986,0.943027317933803,0.0626201971045058,"KW"
"16S","Plastic level","kw","16S | Plastic level","733b45a9acaf76b1662c9cc75784dfb4","Kapabacteriales Order",NA,0.866156888817215,0.941939209167345,0.0624034361854101,"KW"
"16S","Plastic level","kw","16S | Plastic level","8a708778e5a5f5a6d79a3923406f7fca","Rhizobiaceae Family",NA,0.870884530180762,0.944221828234841,0.0600394239013014,"KW"
"16S","Plastic level","kw","16S | Plastic level","d829bee4984f82ffc2453212157caf96","Bradyrhizobium",NA,0.894207182800778,0.955043745486843,0.0485618459439278,"KW"
"16S","Plastic level","kw","16S | Plastic level","113ea0d9a4d6d3e459760656562b5ddd","Dolichospermum",NA,0.899756221826308,0.957902268319848,0.0458751415125167,"KW"
"16S","Plastic level","kw","16S | Plastic level","01a39e9a8dfb99771df440cb5631c036","Phragmitibacter",NA,0.900736115932037,0.957756013285593,0.0454024234275138,"KW"
"16S","Plastic level","kw","16S | Plastic level","4949b6b0c1a679cda332677124e16cae","Rhizorhapis",NA,0.930789119030359,0.969544238065983,0.0311487022790481,"KW"
"16S","Plastic level","kw","16S | Plastic level","c04c3567bb5be7ae906a80865e5932f1","Pedomicrobium",NA,0.978726592284783,0.9896289934881,0.00933861161406922,"KW"
"16S","Plastic level","kw","16S | Plastic level","08e95f8aadda45f7fa04b997b0579b10","A0839 Family",NA,0.984533029025626,0.991811361389914,0.00676970960919617,"KW"
"18S","MP retention","corr","18S | MP retention","4b531bb48517bb754f2cc73630f170f5","Stokesia",-0.786216666666667,0.0176837191358025,0.477969971368319,1.75242639145559,"Negative"
"18S","MP retention","corr","18S | MP retention","4908860ec5698faf7d674e649045fca3","Bursaria",0.801216666666667,0.0223322475749559,0.424869951323526,1.65106756621292,"Positive"
"18S","MP retention","corr","18S | MP retention","4bb3924a5ab6ca67ef1a2c68acd8df01","Ophrydium",0.746316666666667,0.0294518849206349,0.545057351639278,1.53088690514056,"Positive"
"18S","MP retention","corr","18S | MP retention","c79f931aeef23008a5d9846959c8fdc7","Rigifila_ramosa",-0.69205,0.0672212246472663,0.599906117947088,1.17249357974656,"Negative"
"18S","MP retention","corr","18S | MP retention","35a60ba843f5ede05de0ab535c7d8fc2","Nuclearia",-0.654516666666667,0.0873418650793651,0.653536404980329,1.05877753848488,"Negative"
"18S","MP retention","corr","18S | MP retention","eb6c5d9e1221b355d08ea9ef7a67c10e","Cryptomycota Family",-0.61645,0.0927807319223986,0.750172647691327,1.03254220577064,"Negative"
"18S","MP retention","corr","18S | MP retention","e0d1893f46fcacd8b94ca446ccee60f3","Platyophrya",0.5312,0.154593683862434,0.832299207386904,0.810808253753573,"Positive"
"18S","MP retention","corr","18S | MP retention","6ef916712714691608f37f2d7128eb0a","Chaetosphaeridium",0.538383333333333,0.167541809964727,0.790285402423687,0.775876797157632,"Positive"
"18S","MP retention","corr","18S | MP retention","c9c4eab34f2111bc4a60f37f38bca489","LKM11",-0.48955,0.199463370811287,0.845071821929339,0.700136845917552,"Negative"
"18S","MP retention","corr","18S | MP retention","0bfe52a2fe1f2f987e82bfc0ff8513ef","Salpingoecidae",0.512166666666667,0.211565520282187,0.775753659170622,0.674555109658278,"Positive"
"18S","MP retention","corr","18S | MP retention","6f3d89239bd718a251080f0c319bdead","Stentor",0.495183333333333,0.214137461419753,0.810194099261063,0.669307350152001,"Positive"
"18S","MP retention","corr","18S | MP retention","97297518574a421782aaa957d916d231","Cyrtolophosis",0.461466666666667,0.237060576499118,0.845668273603353,0.625140663788443,"Positive"
"18S","MP retention","corr","18S | MP retention","76373cf22e3637175339191c784fcc1e","Haplotaxida",-0.4526,0.239025903880071,0.861400409813786,0.62155503084031,"Negative"
"18S","MP retention","corr","18S | MP retention","6759139b37207cfdbf34dc1b5a6d3661","Cryptodifflugia",-0.403933333333333,0.30023167989418,0.873399632851102,0.522543483720585,"Negative"
"18S","MP retention","corr","18S | MP retention","a6a60310ff83cecbbb62160fed312064","Monosiga",0.409416666666667,0.303939125881834,0.865699602970714,0.517213389881101,"Positive"
"18S","MP retention","corr","18S | MP retention","e524cdc82d2af9c72158e469c86ddc7a","Vampyrellidae Family",-0.401533333333333,0.320982649911817,0.862249626911459,0.493518441897935,"Negative"
"18S","MP retention","corr","18S | MP retention","2a7952a38ff4c82408b336662d73a41a","Leptolegnia_caudata",0.41905,0.33586369047619,0.813583611065136,0.47383694429224,"Positive"
"18S","MP retention","corr","18S | MP retention","cc60ef6304e8b7228e41d0eb058fac85","Oocystella",-0.39205,0.361684060846561,0.831771922694035,0.441670629858542,"Negative"
"18S","MP retention","corr","18S | MP retention","267ef75dbcd958ae5bff81c3bf49e979","Selaginella",-0.3544,0.363988756613757,0.892268409825041,0.438912031230115,"Negative"
"18S","MP retention","corr","18S | MP retention","564abc0948938adda161516c1c944daa","Cladosporium",-0.36515,0.367645910493827,0.87735854963839,0.434570260536366,"Negative"
"18S","MP retention","corr","18S | MP retention","0b8b737c5fe2f7516b5be01a9c15d30d","Ulnaria",-0.388566666666667,0.368089241622575,0.831847529485475,0.434046875767757,"Negative"
"18S","MP retention","corr","18S | MP retention","d7f9f7ea9999d826f2ad64a0cb5a20e2","Diplostraca",-0.346133333333333,0.369071147486772,0.895612150356092,0.43288990489121,"Negative"
"18S","MP retention","corr","18S | MP retention","30c9f9bda9193274e219ca436e604ad3","Woronina",-0.384366666666667,0.374364164462081,0.833804251898019,0.426705730236371,"Negative"
"18S","MP retention","corr","18S | MP retention","2db017d352819f557fb31135d5d42ba9","Marine_Ichthyosporeans_1",-0.378866666666667,0.378955572089947,0.841648197459693,0.421411702768534,"Negative"
"18S","MP retention","corr","18S | MP retention","f0f6beb26af0084aad027e4811868528","Leptophrys",0.3127,0.424127595899471,0.900679030089344,0.372503469212159,"Positive"
"18S","MP retention","corr","18S | MP retention","b6a3f7079473a201ef82a841d8c4aace","Dinophyceae Family",-0.3033,0.471214809303351,0.887337790001249,0.326781069032374,"Negative"
"18S","MP retention","corr","18S | MP retention","4cfc840ad2f262aff643f844508ce6ec","Angulamoeba",0.294366666666667,0.477225275573192,0.897550286249122,0.321276562589149,"Positive"
"18S","MP retention","corr","18S | MP retention","fae1597729038425c51240c8b2dc4c2c","Oedogonium",0.270783333333333,0.48846109457672,0.907122611728191,0.311170021676057,"Positive"
"18S","MP retention","corr","18S | MP retention","d466c0a68d022c8b4a8efc06806680b8","Alternaria",-0.274133333333333,0.489255313051146,0.907670864652345,0.310464449438451,"Negative"
"18S","MP retention","corr","18S | MP retention","61d024603eab711d331509a6946899f8","Flosculariacea",0.268733333333333,0.493743799603175,0.908241778671177,0.306498345168085,"Positive"
"18S","MP retention","corr","18S | MP retention","ec7621351f586f1a674cb5a261c892e8","Arcella",-0.27475,0.498490178571429,0.905819715165304,0.302343393890444,"Negative"
"18S","MP retention","corr","18S | MP retention","42aa49a6a8b4c6d99a33cc8e9224e7e9","Acineria",-0.2781,0.503782148368607,0.895680433329443,0.297757225885877,"Negative"
"18S","MP retention","corr","18S | MP retention","4d3f6807d123f7d12a47eec541e018e1","Carchesium",0.263383333333333,0.504027755731922,0.886172708007913,0.297545547226478,"Positive"
"18S","MP retention","corr","18S | MP retention","b6dae08e4cc48ecf7c08a369ee31ec30","Pseudodifflugia",-0.267883333333333,0.504510168650794,0.910152269165577,0.297130075919791,"Negative"
"18S","MP retention","corr","18S | MP retention","6a04b6c09986146eaa90c89bd5748bca","Pyxidicula_operculata",0.258766666666667,0.506576603835979,0.900435859732156,0.295354871907426,"Positive"
"18S","MP retention","corr","18S | MP retention","35be8c2237f5f9b5ddd3e1ebe8c9a161","Paruroleptus",-0.267983333333333,0.507865558862434,0.90489495266281,0.294251238053785,"Negative"
"18S","MP retention","corr","18S | MP retention","d4d8486645e0570fc17cc89bcb99dae5","Ceratium",0.2637,0.50836343143739,0.910563142239424,0.293825697488897,"Positive"
"18S","MP retention","corr","18S | MP retention","cb754b425f00c8d1a9ba6224fee122ac","Haptoglossa_sp._DM2_4/12",0.26225,0.508579359567901,0.909028642315136,0.293641269421148,"Positive"
"18S","MP retention","corr","18S | MP retention","ec37e07df56fb8e6488ebc470ca4d22d","Mallomonas",0.200016666666667,0.516528615520282,0.892405742949083,0.286905613702333,"Positive"
"18S","MP retention","corr","18S | MP retention","4f172de36683a7dc019d0bb2b4bf7da6","Zygnematophyceae",0.252066666666667,0.517903742283951,0.893976230796193,0.285750950833047,"Positive"
"18S","MP retention","corr","18S | MP retention","7366250e8ffa3129088d081e9ea1a51f","Vampyrella",-0.251833333333333,0.542506205908289,0.912683825275347,0.265595289412503,"Negative"
"18S","MP retention","corr","18S | MP retention","43aa938254ed923d5643f93e8412cf97","Novel_Clade_10 Family",0.1805,0.554448704805997,0.903991643411155,0.256138626701779,"Positive"
"18S","MP retention","corr","18S | MP retention","63774dc4b162b15e65014991e0e57619","Mycamoeba_gemmipara",-0.215466666666667,0.559046726190476,0.912835758467004,0.252551891436296,"Negative"
"18S","MP retention","corr","18S | MP retention","adfba70b2d5b4fae8c610871dacd29ba","MAST-12C Family",0.162316666666667,0.561755787037037,0.907746978777894,0.250452444916299,"Positive"
"18S","MP retention","corr","18S | MP retention","172ad96cc3824e9122950df936f81147","Freshwater_Ichthyosporeans_2",0.174566666666667,0.564122145061728,0.90398982815,0.248626851366014,"Positive"
"18S","MP retention","corr","18S | MP retention","2a411987523404171958672cef2dcad6","Salpingoeca",0.1989,0.56789475308642,0.914412622695613,0.245732143847165,"Positive"
"18S","MP retention","corr","18S | MP retention","c9d17824670af9607e5d64094bca3a49","Bilateria Family",0.214666666666667,0.574869097222222,0.917246908843621,0.240431036747287,"Positive"
"18S","MP retention","corr","18S | MP retention","eae724673a2e39a806607632b9ea451c","Calanoida",0.21955,0.581142757936508,0.919602482571714,0.235717169901558,"Positive"
"18S","MP retention","corr","18S | MP retention","98b54a023f04c6fc901bc159f4b00289","P34.45",-0.18435,0.58862025462963,0.91672055159835,0.230164797753678,"Negative"
"18S","MP retention","corr","18S | MP retention","8dddb18ff70d9441b28e7641d20b1cc0","Amoeba_leningradensis",0.000933333333333334,0.591252584876543,0.913865586640059,0.228226947573092,"Positive"
"18S","MP retention","corr","18S | MP retention","9546e498b6779ec5ebbb165e55b0ecf7","Euglypha",-0.175966666666667,0.591514412477954,0.915454343275976,0.228034669153733,"Negative"
"18S","MP retention","corr","18S | MP retention","8e43b89e290b654cb1d49e9655f1ba1c","Ophryoglena",0.0491,0.59931789021164,0.918322068408678,0.222342758004785,"Positive"
"18S","MP retention","corr","18S | MP retention","ba4b8f5b7044f341a9af6c040d7f4c2d","Cercozoa_sp._1_YG-2013",-0.176733333333333,0.602396985229277,0.918788905262931,0.22011721028273,"Negative"
"18S","MP retention","corr","18S | MP retention","33c28042aa83d0ee6e8694263aaf68d0","Gomphonema",0.1905,0.605729061948854,0.921958346744623,0.217721589055475,"Positive"
"18S","MP retention","corr","18S | MP retention","5b33bdb58a920df508ae0135cefa83db","Gymnophrys",-0.2044,0.606494510582011,0.923694502347394,0.217173125604878,"Negative"
"18S","MP retention","corr","18S | MP retention","064f864d5b89d599e05859623c75fdb3","Diptera",-0.0422666666666667,0.614802292768959,0.921137791686347,0.211264521564207,"Negative"
"18S","MP retention","corr","18S | MP retention","50622a7cd4f48900496c884df7a2437e","Chrysosphaera",-0.14385,0.61550341159612,0.919417417735915,0.210769535529963,"Negative"
"18S","MP retention","corr","18S | MP retention","3ee2645e9007b0ef6ea0dac57f334c3a","Phascolodon",0.0369166666666667,0.617766087962963,0.92432670590249,0.209175935812468,"Positive"
"18S","MP retention","corr","18S | MP retention","3f96e0217fce31a5fb9dfeae923debca","uncultured_centroheliozoan",-0.0227,0.619902386463845,0.921013159024758,0.207676691723787,"Negative"
"18S","MP retention","corr","18S | MP retention","261b5cea090070e6ba0b6cd0808bb53a","Ploimida",-0.0444166666666667,0.640719962522046,0.925379098209549,0.193331744748406,"Negative"
"18S","MP retention","corr","18S | MP retention","15103c5c3485d36dbf026f7a6586b2db","uncultured_stramenopile",0.1857,0.644121461640212,0.9276923120328,0.191032230239158,"Positive"
"18S","MP retention","corr","18S | MP retention","ac0ec3bb3cbdbc4dcfacdf4ea113aba6","Chrysophyceae Family",-0.148933333333333,0.647643264991182,0.929292683333688,0.188664146454638,"Negative"
"18S","MP retention","corr","18S | MP retention","36494d1abfe65519ff5e86885c515643","Perkinsidae Family",-0.0135666666666667,0.647821555335097,0.929347460001928,0.1885446055581,"Negative"
"18S","MP retention","corr","18S | MP retention","8866915da579aa7e4c740e1454c4a844","Microdiaphanosoma",0.02795,0.651805213844797,0.931160955254161,0.185882169898846,"Positive"
"18S","MP retention","corr","18S | MP retention","e2c4a67e16929ab4d9e02fef41430e09","Stramenopile_sp._MAST-12_KKTS_E5",0.1177,0.651816617063492,0.929288921798652,0.185874572058985,"Positive"
"18S","MP retention","corr","18S | MP retention","2423393b0e504c238656a658012b9834","Sphaeroeca",-0.128966666666667,0.654069852292769,0.928833995397915,0.184375868120186,"Negative"
"18S","MP retention","corr","18S | MP retention","b5885dbdafa09c958d80a79ff2aac810","Fusarium",0.0885,0.656904381613757,0.931288630553822,0.182497841337707,"Positive"
"18S","MP retention","corr","18S | MP retention","4f6be2c712b856a61e84670060159606","Ochromonas",-0.175183333333333,0.661327391975309,0.930335212149238,0.179583488580831,"Negative"
"18S","MP retention","corr","18S | MP retention","231f2cbe1f9680a2e31fc735b157f973","Chytridiomycetes Family",-0.129783333333333,0.678759821428571,0.934152105178994,0.16828387326111,"Negative"
"18S","MP retention","corr","18S | MP retention","f146f2eebf81ef58766a9930ed95caeb","Paraphysomonas",-0.0957,0.718066716269841,0.939281942469341,0.143835203164693,"Negative"
"18S","MP retention","corr","18S | MP retention","6285b85d298c1d362c4a373637ff00fa","Chaetonotida",-0.0746333333333333,0.720308030202822,0.942067541288737,0.142481743555485,"Negative"
"18S","MP retention","corr","18S | MP retention","bd9f952b633fbaa0a7076a32cdcc64d1","Trinema",-0.115066666666667,0.731664798280423,0.942788534512116,0.135687839158659,"Negative"
"18S","MP retention","corr","18S | MP retention","2e9530425be434d0a8527c42b63df73a","Hazenia",-0.0563333333333333,0.73427679122575,0.942543694699994,0.1341401986094,"Negative"
"18S","MP retention","corr","18S | MP retention","8ad553decd8d15c2a813f8f979332391","Chlorophyceae Family",-0.125766666666667,0.7423514329806,0.944678433349497,0.129390448802232,"Negative"
"18S","MP retention","corr","18S | MP retention","f52578b62d6bb52edf094776460ccce6","Botryococcus",-0.0380166666666667,0.745882820767196,0.944124105805644,0.127329395438135,"Negative"
"18S","MP retention","corr","18S | MP retention","85e93842fabb017195739d6a76827f25","uncultured_haptophyte",0.06145,0.752085774911817,0.945848975109986,0.123732625569863,"Positive"
"18S","MP retention","corr","18S | MP retention","b3efb9747c71bc458045e2018ad4ac38","Lagynion",-0.08285,0.757313569223986,0.947411854874423,0.12072426160097,"Negative"
"18S","MP retention","corr","18S | MP retention","07bbf5e69683f234672a506cc7971075","Chrysamoeba",0.08795,0.792263695987654,0.953755736004596,0.10113024435546,"Positive"
"18S","MP retention","corr","18S | MP retention","7146cb4d51d1cabe5f7a47522e757158","Pedinomonas",0.0659666666666667,0.79509863866843,0.953465141565237,0.0995789901207995,"Positive"
"18S","MP retention","corr","18S | MP retention","33d3e1c0239c88dccae457ccc86baff2","Chromulina",-0.0282166666666667,0.814856839726631,0.95608630248998,0.0889186847299727,"Negative"
"18S","MP retention","corr","18S | MP retention","12fb51bdced3037cba798b9c29b9934d","Stenostomidae",0.06135,0.85859558531746,0.966257874831551,0.0662113488838283,"Positive"
"18S","Plastic level","kw","18S | Plastic level","4f6be2c712b856a61e84670060159606","Ochromonas",NA,0.0722526405816311,0.670162288134683,1.14114627633507,"KW"
"18S","Plastic level","kw","18S | Plastic level","d4d8486645e0570fc17cc89bcb99dae5","Ceratium",NA,0.128049531083198,0.670329142634822,0.892622007577061,"KW"
"18S","Plastic level","kw","18S | Plastic level","4908860ec5698faf7d674e649045fca3","Bursaria",NA,0.129038799113075,0.670162332550069,0.889279687319279,"KW"
"18S","Plastic level","kw","18S | Plastic level","6285b85d298c1d362c4a373637ff00fa","Chaetonotida",NA,0.153817552600663,0.670297588998429,0.81299410300889,"KW"
"18S","Plastic level","kw","18S | Plastic level","0bfe52a2fe1f2f987e82bfc0ff8513ef","Salpingoecidae",NA,0.160236264029216,0.670187362623555,0.795239189341105,"KW"
"18S","Plastic level","kw","18S | Plastic level","35a60ba843f5ede05de0ab535c7d8fc2","Nuclearia",NA,0.168951483372947,0.672872018205445,0.772237990820973,"KW"
"18S","Plastic level","kw","18S | Plastic level","97297518574a421782aaa957d916d231","Cyrtolophosis",NA,0.172442102270273,0.671213834102903,0.763356691229808,"KW"
"18S","Plastic level","kw","18S | Plastic level","cb754b425f00c8d1a9ba6224fee122ac","Haptoglossa_sp._DM2_4/12",NA,0.197725300749223,0.672206947257252,0.703937755204589,"KW"
"18S","Plastic level","kw","18S | Plastic level","261b5cea090070e6ba0b6cd0808bb53a","Ploimida",NA,0.202683476294044,0.679576153260507,0.693181655583391,"KW"
"18S","Plastic level","kw","18S | Plastic level","07bbf5e69683f234672a506cc7971075","Chrysamoeba",NA,0.213342158300597,0.67045478964224,0.670923315632733,"KW"
"18S","Plastic level","kw","18S | Plastic level","fae1597729038425c51240c8b2dc4c2c","Oedogonium",NA,0.227112601356518,0.672530154588943,0.643758768255953,"KW"
"18S","Plastic level","kw","18S | Plastic level","4bb3924a5ab6ca67ef1a2c68acd8df01","Ophrydium",NA,0.227533648450911,0.670790433703041,0.642954369310311,"KW"
"18S","Plastic level","kw","18S | Plastic level","15103c5c3485d36dbf026f7a6586b2db","uncultured_stramenopile",NA,0.230146053515555,0.676422412288005,0.637996467874558,"KW"
"18S","Plastic level","kw","18S | Plastic level","c79f931aeef23008a5d9846959c8fdc7","Rigifila_ramosa",NA,0.237672025883026,0.683873427267286,0.624021931942758,"KW"
"18S","Plastic level","kw","18S | Plastic level","ac0ec3bb3cbdbc4dcfacdf4ea113aba6","Chrysophyceae Family",NA,0.241450212292589,0.682695369880172,0.617172408414559,"KW"
"18S","Plastic level","kw","18S | Plastic level","2e9530425be434d0a8527c42b63df73a","Hazenia",NA,0.251297119568353,0.681358038403747,0.59981248937296,"KW"
"18S","Plastic level","kw","18S | Plastic level","7366250e8ffa3129088d081e9ea1a51f","Vampyrella",NA,0.259226570540984,0.68172835910551,0.586320485641266,"KW"
"18S","Plastic level","kw","18S | Plastic level","267ef75dbcd958ae5bff81c3bf49e979","Selaginella",NA,0.267573155899387,0.683417858174673,0.572557459026603,"KW"
"18S","Plastic level","kw","18S | Plastic level","6759139b37207cfdbf34dc1b5a6d3661","Cryptodifflugia",NA,0.283444055494266,0.679060104612049,0.547532646780648,"KW"
"18S","Plastic level","kw","18S | Plastic level","50622a7cd4f48900496c884df7a2437e","Chrysosphaera",NA,0.301926051163342,0.692160996994737,0.520099413017401,"KW"
"18S","Plastic level","kw","18S | Plastic level","6a04b6c09986146eaa90c89bd5748bca","Pyxidicula_operculata",NA,0.30297605333287,0.698089584193356,0.518591695974191,"KW"
"18S","Plastic level","kw","18S | Plastic level","6f3d89239bd718a251080f0c319bdead","Stentor",NA,0.303226384225479,0.684705500171898,0.518233012720037,"KW"
"18S","Plastic level","kw","18S | Plastic level","e524cdc82d2af9c72158e469c86ddc7a","Vampyrellidae Family",NA,0.320947191536154,0.700591360560594,0.493566420277842,"KW"
"18S","Plastic level","kw","18S | Plastic level","c9c4eab34f2111bc4a60f37f38bca489","LKM11",NA,0.32179714948885,0.687164253740954,0.492417807243658,"KW"
"18S","Plastic level","kw","18S | Plastic level","76373cf22e3637175339191c784fcc1e","Haplotaxida",NA,0.330767768920183,0.689922215896469,0.480476816114904,"KW"
"18S","Plastic level","kw","18S | Plastic level","eb6c5d9e1221b355d08ea9ef7a67c10e","Cryptomycota Family",NA,0.332774120537092,0.692409554866443,0.477850455653424,"KW"
"18S","Plastic level","kw","18S | Plastic level","4b531bb48517bb754f2cc73630f170f5","Stokesia",NA,0.345822568183321,0.69144705438026,0.461146668327382,"KW"
"18S","Plastic level","kw","18S | Plastic level","adfba70b2d5b4fae8c610871dacd29ba","MAST-12C Family",NA,0.349980146853257,0.718167884014071,0.455956590954369,"KW"
"18S","Plastic level","kw","18S | Plastic level","f146f2eebf81ef58766a9930ed95caeb","Paraphysomonas",NA,0.351936278858022,0.707885071291197,0.453535962219246,"KW"
"18S","Plastic level","kw","18S | Plastic level","bd9f952b633fbaa0a7076a32cdcc64d1","Trinema",NA,0.355315744281125,0.708897337013052,0.449385548201859,"KW"
"18S","Plastic level","kw","18S | Plastic level","8ad553decd8d15c2a813f8f979332391","Chlorophyceae Family",NA,0.363428441162041,0.697783851642128,0.439581088705459,"KW"
"18S","Plastic level","kw","18S | Plastic level","eae724673a2e39a806607632b9ea451c","Calanoida",NA,0.372160288870732,0.697614055848534,0.429269969852237,"KW"
"18S","Plastic level","kw","18S | Plastic level","ec7621351f586f1a674cb5a261c892e8","Arcella",NA,0.387156903722684,0.721470667488398,0.412112992058634,"KW"
"18S","Plastic level","kw","18S | Plastic level","42aa49a6a8b4c6d99a33cc8e9224e7e9","Acineria",NA,0.393713835930298,0.728644090047287,0.40481932292225,"KW"
"18S","Plastic level","kw","18S | Plastic level","231f2cbe1f9680a2e31fc735b157f973","Chytridiomycetes Family",NA,0.39905167547628,0.729103216944307,0.398970861403378,"KW"
"18S","Plastic level","kw","18S | Plastic level","33c28042aa83d0ee6e8694263aaf68d0","Gomphonema",NA,0.410811291006106,0.733237193933525,0.386357628477245,"KW"
"18S","Plastic level","kw","18S | Plastic level","a6a60310ff83cecbbb62160fed312064","Monosiga",NA,0.411793018216705,0.722417545826102,0.385321020942036,"KW"
"18S","Plastic level","kw","18S | Plastic level","c9d17824670af9607e5d64094bca3a49","Bilateria Family",NA,0.413363076851837,0.733868227100849,0.383668318796434,"KW"
"18S","Plastic level","kw","18S | Plastic level","2db017d352819f557fb31135d5d42ba9","Marine_Ichthyosporeans_1",NA,0.414554285031534,0.7381041147575,0.38241859142014,"KW"
"18S","Plastic level","kw","18S | Plastic level","ba4b8f5b7044f341a9af6c040d7f4c2d","Cercozoa_sp._1_YG-2013",NA,0.420474028782596,0.739558761533588,0.376260823896359,"KW"
"18S","Plastic level","kw","18S | Plastic level","b6dae08e4cc48ecf7c08a369ee31ec30","Pseudodifflugia",NA,0.42350676683475,0.723065305797002,0.373139646075863,"KW"
"18S","Plastic level","kw","18S | Plastic level","5b33bdb58a920df508ae0135cefa83db","Gymnophrys",NA,0.43057484556689,0.737068468186836,0.365951345507874,"KW"
"18S","Plastic level","kw","18S | Plastic level","85e93842fabb017195739d6a76827f25","uncultured_haptophyte",NA,0.437015310209253,0.740580102207735,0.359503347874149,"KW"
"18S","Plastic level","kw","18S | Plastic level","cc60ef6304e8b7228e41d0eb058fac85","Oocystella",NA,0.442364835111404,0.747235771198941,0.354219403683609,"KW"
"18S","Plastic level","kw","18S | Plastic level","9546e498b6779ec5ebbb165e55b0ecf7","Euglypha",NA,0.445097246577096,0.749695499160754,0.351545092304924,"KW"
"18S","Plastic level","kw","18S | Plastic level","63774dc4b162b15e65014991e0e57619","Mycamoeba_gemmipara",NA,0.446860497164879,0.740689532704147,0.349828035631846,"KW"
"18S","Plastic level","kw","18S | Plastic level","98b54a023f04c6fc901bc159f4b00289","P34.45",NA,0.447339415613377,0.747688545454805,0.349362833932809,"KW"
"18S","Plastic level","kw","18S | Plastic level","8866915da579aa7e4c740e1454c4a844","Microdiaphanosoma",NA,0.465000555136542,0.755776892992628,0.332546528631352,"KW"
"18S","Plastic level","kw","18S | Plastic level","33d3e1c0239c88dccae457ccc86baff2","Chromulina",NA,0.474967891105591,0.74695031326338,0.323335748663551,"KW"
"18S","Plastic level","kw","18S | Plastic level","064f864d5b89d599e05859623c75fdb3","Diptera",NA,0.479492554974244,0.760493608850038,0.319218131681441,"KW"
"18S","Plastic level","kw","18S | Plastic level","b5885dbdafa09c958d80a79ff2aac810","Fusarium",NA,0.480096957092041,0.763328947521408,0.318671046628884,"KW"
"18S","Plastic level","kw","18S | Plastic level","3f96e0217fce31a5fb9dfeae923debca","uncultured_centroheliozoan",NA,0.481780108734058,0.761190093251685,0.317151134693355,"KW"
"18S","Plastic level","kw","18S | Plastic level","4d3f6807d123f7d12a47eec541e018e1","Carchesium",NA,0.488173788815272,0.761347789890055,0.311425542572427,"KW"
"18S","Plastic level","kw","18S | Plastic level","172ad96cc3824e9122950df936f81147","Freshwater_Ichthyosporeans_2",NA,0.492855547242175,0.764357059597433,0.307280350962804,"KW"
"18S","Plastic level","kw","18S | Plastic level","8dddb18ff70d9441b28e7641d20b1cc0","Amoeba_leningradensis",NA,0.498193464139091,0.770377949715112,0.302601974324495,"KW"
"18S","Plastic level","kw","18S | Plastic level","4cfc840ad2f262aff643f844508ce6ec","Angulamoeba",NA,0.508625428631278,0.765687653703227,0.29360193114776,"KW"
"18S","Plastic level","kw","18S | Plastic level","ec37e07df56fb8e6488ebc470ca4d22d","Mallomonas",NA,0.510291459774145,0.771829596278636,0.292181699949171,"KW"
"18S","Plastic level","kw","18S | Plastic level","3ee2645e9007b0ef6ea0dac57f334c3a","Phascolodon",NA,0.525178451087944,0.77876440415001,0.27969310201438,"KW"
"18S","Plastic level","kw","18S | Plastic level","b3efb9747c71bc458045e2018ad4ac38","Lagynion",NA,0.545158021552339,0.774217637491832,0.263477593244692,"KW"
"18S","Plastic level","kw","18S | Plastic level","35be8c2237f5f9b5ddd3e1ebe8c9a161","Paruroleptus",NA,0.54521743779249,0.779542264069569,0.263430262492633,"KW"
"18S","Plastic level","kw","18S | Plastic level","0b8b737c5fe2f7516b5be01a9c15d30d","Ulnaria",NA,0.550891666871136,0.784842234468317,0.258933796984555,"KW"
"18S","Plastic level","kw","18S | Plastic level","2a7952a38ff4c82408b336662d73a41a","Leptolegnia_caudata",NA,0.55231556047782,0.786565992862906,0.25781272115355,"KW"
"18S","Plastic level","kw","18S | Plastic level","7146cb4d51d1cabe5f7a47522e757158","Pedinomonas",NA,0.553073118940164,0.784040300711251,0.257217449069531,"KW"
"18S","Plastic level","kw","18S | Plastic level","36494d1abfe65519ff5e86885c515643","Perkinsidae Family",NA,0.553297320960875,0.786733210770764,0.257041432613836,"KW"
"18S","Plastic level","kw","18S | Plastic level","30c9f9bda9193274e219ca436e604ad3","Woronina",NA,0.559501104413086,0.788138483177589,0.252199051870152,"KW"
"18S","Plastic level","kw","18S | Plastic level","e2c4a67e16929ab4d9e02fef41430e09","Stramenopile_sp._MAST-12_KKTS_E5",NA,0.564322022846762,0.792938857539958,0.248473000918697,"KW"
"18S","Plastic level","kw","18S | Plastic level","8e43b89e290b654cb1d49e9655f1ba1c","Ophryoglena",NA,0.568546656600718,0.792469685906112,0.245233890039034,"KW"
"18S","Plastic level","kw","18S | Plastic level","6ef916712714691608f37f2d7128eb0a","Chaetosphaeridium",NA,0.573908238984277,0.787002593089131,0.241157540508794,"KW"
"18S","Plastic level","kw","18S | Plastic level","f0f6beb26af0084aad027e4811868528","Leptophrys",NA,0.588339666468337,0.792512173209034,0.230371870042651,"KW"
"18S","Plastic level","kw","18S | Plastic level","b6a3f7079473a201ef82a841d8c4aace","Dinophyceae Family",NA,0.590038466044349,0.798445664801106,0.229119674720143,"KW"
"18S","Plastic level","kw","18S | Plastic level","12fb51bdced3037cba798b9c29b9934d","Stenostomidae",NA,0.593616734680308,0.798352491764259,0.226493864338076,"KW"
"18S","Plastic level","kw","18S | Plastic level","564abc0948938adda161516c1c944daa","Cladosporium",NA,0.616923982953057,0.807998107205178,0.209768346206474,"KW"
"18S","Plastic level","kw","18S | Plastic level","43aa938254ed923d5643f93e8412cf97","Novel_Clade_10 Family",NA,0.618409075965893,0.812357379015851,0.208724145200694,"KW"
"18S","Plastic level","kw","18S | Plastic level","4f172de36683a7dc019d0bb2b4bf7da6","Zygnematophyceae",NA,0.619622417590992,0.8137377727429,0.207872878098202,"KW"
"18S","Plastic level","kw","18S | Plastic level","e0d1893f46fcacd8b94ca446ccee60f3","Platyophrya",NA,0.651016606057392,0.823690296218257,0.18640793335637,"KW"
"18S","Plastic level","kw","18S | Plastic level","2a411987523404171958672cef2dcad6","Salpingoeca",NA,0.663468063462459,0.833530821848805,0.178179977390108,"KW"
"18S","Plastic level","kw","18S | Plastic level","61d024603eab711d331509a6946899f8","Flosculariacea",NA,0.711669479960146,0.851542359419298,0.147721658550068,"KW"
"18S","Plastic level","kw","18S | Plastic level","2423393b0e504c238656a658012b9834","Sphaeroeca",NA,0.789013700371247,0.891264763141156,0.102915455670206,"KW"
"18S","Plastic level","kw","18S | Plastic level","d7f9f7ea9999d826f2ad64a0cb5a20e2","Diplostraca",NA,0.793960386450968,0.890549570452086,0.100201165551404,"KW"
"18S","Plastic level","kw","18S | Plastic level","f52578b62d6bb52edf094776460ccce6","Botryococcus",NA,0.880212187638489,0.934170237001809,0.0554126223812321,"KW"
"18S","Plastic level","kw","18S | Plastic level","d466c0a68d022c8b4a8efc06806680b8","Alternaria",NA,0.919551419453528,0.953204440003323,0.0364239808788012,"KW"
